,Category,File name,Path
384,hungry,F3BAEDDA-CDC0-4A65-90EE-5C372CEE4F3B-1437012059-1.1-m-26-hu.wav,C:\Users\Lenovo\Desktop\Mindcloud\Final project\ML model\initial\hungry\F3BAEDDA-CDC0-4A65-90EE-5C372CEE4F3B-1437012059-1.1-m-26-hu.wav
403,hungry,FAE74A94-9968-43ED-958C-50D7C4C1F13C-1430770871-1.0-f-22-hu.wav,C:\Users\Lenovo\Desktop\Mindcloud\Final project\ML model\initial\hungry\FAE74A94-9968-43ED-958C-50D7C4C1F13C-1430770871-1.0-f-22-hu.wav
134,hungry,4be720ce-a5e5-4a48-930f-a212f8a239f6-1434737668804-1.7-f-48-hu.wav,C:\Users\Lenovo\Desktop\Mindcloud\Final project\ML model\initial\hungry\4be720ce-a5e5-4a48-930f-a212f8a239f6-1434737668804-1.7-f-48-hu.wav
312,hungry,bb2bdafb-0477-4be4-8c41-1a6192e8c6d4-1430637663087-1.7-m-72-hu.wav,C:\Users\Lenovo\Desktop\Mindcloud\Final project\ML model\initial\hungry\bb2bdafb-0477-4be4-8c41-1a6192e8c6d4-1430637663087-1.7-m-72-hu.wav
124,hungry,40a4c760-facf-4911-b0a6-22eccc3ab18d-1430477717469-1.7-f-26-hu.wav,C:\Users\Lenovo\Desktop\Mindcloud\Final project\ML model\initial\hungry\40a4c760-facf-4911-b0a6-22eccc3ab18d-1430477717469-1.7-f-26-hu.wav
125,hungry,40a4c760-facf-4911-b0a6-22eccc3ab18d-1430477726097-1.7-f-26-hu.wav,C:\Users\Lenovo\Desktop\Mindcloud\Final project\ML model\initial\hungry\40a4c760-facf-4911-b0a6-22eccc3ab18d-1430477726097-1.7-f-26-hu.wav
219,hungry,815af07e-4c31-4032-8bd1-dab6e60c879e-1433156413683-1.7-m-04-hu.wav,C:\Users\Lenovo\Desktop\Mindcloud\Final project\ML model\initial\hungry\815af07e-4c31-4032-8bd1-dab6e60c879e-1433156413683-1.7-m-04-hu.wav
158,hungry,5728DDD6-149B-412F-A14B-C29B9B5E415F-1432635069-1.0-m-26-hu.wav,C:\Users\Lenovo\Desktop\Mindcloud\Final project\ML model\initial\hungry\5728DDD6-149B-412F-A14B-C29B9B5E415F-1432635069-1.0-m-26-hu.wav
224,hungry,86c2b87a-ae7c-46a3-b6fb-7ebe748812cf-1430036547966-1.7-m-04-hu.wav,C:\Users\Lenovo\Desktop\Mindcloud\Final project\ML model\initial\hungry\86c2b87a-ae7c-46a3-b6fb-7ebe748812cf-1430036547966-1.7-m-04-hu.wav
324,hungry,c6fd9d60-0fa7-44c0-b3ce-0192527d7b81-1429978271017-1.7-m-04-hu.wav,C:\Users\Lenovo\Desktop\Mindcloud\Final project\ML model\initial\hungry\c6fd9d60-0fa7-44c0-b3ce-0192527d7b81-1429978271017-1.7-m-04-hu.wav
117,hungry,3d3e244d-20b1-4ec3-9732-92dcd14ff35a-1436961241219-1.7-m-72-hu.wav,C:\Users\Lenovo\Desktop\Mindcloud\Final project\ML model\initial\hungry\3d3e244d-20b1-4ec3-9732-92dcd14ff35a-1436961241219-1.7-m-72-hu.wav
130,hungry,42ec6f14-6ba6-457f-8a80-101ee201195c-1431345009828-1.7-m-22-hu.wav,C:\Users\Lenovo\Desktop\Mindcloud\Final project\ML model\initial\hungry\42ec6f14-6ba6-457f-8a80-101ee201195c-1431345009828-1.7-m-22-hu.wav
185,hungry,70d30513-0ec3-49e4-9976-e85785e85c2d-1431033405793-1.7-m-04-hu.wav,C:\Users\Lenovo\Desktop\Mindcloud\Final project\ML model\initial\hungry\70d30513-0ec3-49e4-9976-e85785e85c2d-1431033405793-1.7-m-04-hu.wav
128,hungry,415d69b4-6d84-4bf8-97b0-10f8f108dc1d-1430739498797-1.7-m-04-hu.wav,C:\Users\Lenovo\Desktop\Mindcloud\Final project\ML model\initial\hungry\415d69b4-6d84-4bf8-97b0-10f8f108dc1d-1430739498797-1.7-m-04-hu.wav
280,hungry,a7b13b65-da2c-48ec-8aed-46adcaba705f-1430823489236-1.7-f-26-hu.wav,C:\Users\Lenovo\Desktop\Mindcloud\Final project\ML model\initial\hungry\a7b13b65-da2c-48ec-8aed-46adcaba705f-1430823489236-1.7-f-26-hu.wav
49,hungry,10A40438-09AA-4A21-83B4-8119F03F7A11-1430848070-1.0-f-26-hu.wav,C:\Users\Lenovo\Desktop\Mindcloud\Final project\ML model\initial\hungry\10A40438-09AA-4A21-83B4-8119F03F7A11-1430848070-1.0-f-26-hu.wav
20,discomfort,ae5a462b-5424-4b5b-82d5-07ccb61654ab-1431064345173-1.7-f-48-dc.wav,C:\Users\Lenovo\Desktop\Mindcloud\Final project\ML model\initial\discomfort\ae5a462b-5424-4b5b-82d5-07ccb61654ab-1431064345173-1.7-f-48-dc.wav
150,hungry,539FDD32-6326-422E-A707-FCF063D3426C-1437073544-1.1-f-26-hu.wav,C:\Users\Lenovo\Desktop\Mindcloud\Final project\ML model\initial\hungry\539FDD32-6326-422E-A707-FCF063D3426C-1437073544-1.1-f-26-hu.wav
129,hungry,415d69b4-6d84-4bf8-97b0-10f8f108dc1d-1430739528719-1.7-m-04-hu.wav,C:\Users\Lenovo\Desktop\Mindcloud\Final project\ML model\initial\hungry\415d69b4-6d84-4bf8-97b0-10f8f108dc1d-1430739528719-1.7-m-04-hu.wav
367,hungry,e4051e62-d21d-4bb8-a235-fd7e859ad787-1430739655763-1.7-m-04-hu.wav,C:\Users\Lenovo\Desktop\Mindcloud\Final project\ML model\initial\hungry\e4051e62-d21d-4bb8-a235-fd7e859ad787-1430739655763-1.7-m-04-hu.wav
192,hungry,743E7CCA-D32B-40B6-9541-9808122D3F6B-1436860053-1.1-f-26-hu.wav,C:\Users\Lenovo\Desktop\Mindcloud\Final project\ML model\initial\hungry\743E7CCA-D32B-40B6-9541-9808122D3F6B-1436860053-1.1-f-26-hu.wav
13,discomfort,837fd072-8704-4196-9ff1-1d2c07886e55-1432429478471-1.7-m-22-dc.wav,C:\Users\Lenovo\Desktop\Mindcloud\Final project\ML model\initial\discomfort\837fd072-8704-4196-9ff1-1d2c07886e55-1432429478471-1.7-m-22-dc.wav
138,hungry,4CD5903D-E2CE-401E-B898-D873C763F44B-1430727644-1.0-m-26-hu.wav,C:\Users\Lenovo\Desktop\Mindcloud\Final project\ML model\initial\hungry\4CD5903D-E2CE-401E-B898-D873C763F44B-1430727644-1.0-m-26-hu.wav
149,hungry,539FDD32-6326-422E-A707-FCF063D3426C-1437073534-1.1-f-26-hu.wav,C:\Users\Lenovo\Desktop\Mindcloud\Final project\ML model\initial\hungry\539FDD32-6326-422E-A707-FCF063D3426C-1437073534-1.1-f-26-hu.wav
242,hungry,8f4dbf5a-b504-4452-b6ac-94e646a6a052-1430735028906-1.7-f-72-hu.wav,C:\Users\Lenovo\Desktop\Mindcloud\Final project\ML model\initial\hungry\8f4dbf5a-b504-4452-b6ac-94e646a6a052-1430735028906-1.7-f-72-hu.wav
332,hungry,cda99fcf-d010-47b4-8987-f54be313ddbd-1429973787766-1.7-f-26-hu.wav,C:\Users\Lenovo\Desktop\Mindcloud\Final project\ML model\initial\hungry\cda99fcf-d010-47b4-8987-f54be313ddbd-1429973787766-1.7-f-26-hu.wav
320,hungry,C249BCDD-0F65-4D6A-82BE-43C4006E3DDB-1436891742-1.1-m-72-hu.wav,C:\Users\Lenovo\Desktop\Mindcloud\Final project\ML model\initial\hungry\C249BCDD-0F65-4D6A-82BE-43C4006E3DDB-1436891742-1.1-m-72-hu.wav
15,discomfort,999bf14b-e417-4b44-b746-9253f81efe38-1430844979531-1.7-m-04-ch.wav,C:\Users\Lenovo\Desktop\Mindcloud\Final project\ML model\initial\discomfort\999bf14b-e417-4b44-b746-9253f81efe38-1430844979531-1.7-m-04-ch.wav
175,hungry,6639C63C-F634-489C-91B3-E3DB5930EFD5-1431370257-1.1-m-04-hu.wav,C:\Users\Lenovo\Desktop\Mindcloud\Final project\ML model\initial\hungry\6639C63C-F634-489C-91B3-E3DB5930EFD5-1431370257-1.1-m-04-hu.wav
350,hungry,d79affbc-f7b4-4ef0-ae57-be5da4b827bf-1430761528998-1.7-m-72-hu.wav,C:\Users\Lenovo\Desktop\Mindcloud\Final project\ML model\initial\hungry\d79affbc-f7b4-4ef0-ae57-be5da4b827bf-1430761528998-1.7-m-72-hu.wav
415,tired,5B416CE8-2591-4531-9ADC-86D085B5D48B-1430144827-1.0-m-48-ti.wav,C:\Users\Lenovo\Desktop\Mindcloud\Final project\ML model\initial\tired\5B416CE8-2591-4531-9ADC-86D085B5D48B-1430144827-1.0-m-48-ti.wav
96,hungry,323cab80-2551-4a46-8c3d-62c7a5264afa-1430382588301-1.7-m-22-hu.wav,C:\Users\Lenovo\Desktop\Mindcloud\Final project\ML model\initial\hungry\323cab80-2551-4a46-8c3d-62c7a5264afa-1430382588301-1.7-m-22-hu.wav
341,hungry,D54D9C2A-56ED-4338-9D1F-2ADB4E081DAD-1429807587-1.0-m-48-hu.wav,C:\Users\Lenovo\Desktop\Mindcloud\Final project\ML model\initial\hungry\D54D9C2A-56ED-4338-9D1F-2ADB4E081DAD-1429807587-1.0-m-48-hu.wav
373,hungry,ed31b187-34af-4ff1-979c-3b8a5905fb7b-1430044897699-1.7-f-48-hu.wav,C:\Users\Lenovo\Desktop\Mindcloud\Final project\ML model\initial\hungry\ed31b187-34af-4ff1-979c-3b8a5905fb7b-1430044897699-1.7-f-48-hu.wav
362,hungry,e1e640e2-78cb-4cb7-9ccc-93813bfc251c-1430738652322-1.7-m-72-hu.wav,C:\Users\Lenovo\Desktop\Mindcloud\Final project\ML model\initial\hungry\e1e640e2-78cb-4cb7-9ccc-93813bfc251c-1430738652322-1.7-m-72-hu.wav
425,tired,ca7d8d54-13cb-4060-8db4-90651b60c078-1434674792223-1.7-f-26-ti.wav,C:\Users\Lenovo\Desktop\Mindcloud\Final project\ML model\initial\tired\ca7d8d54-13cb-4060-8db4-90651b60c078-1434674792223-1.7-f-26-ti.wav
140,hungry,4cefc13c-e7c0-4b5a-bddb-c40c103e640a-1431583459308-1.7-f-26-hu.wav,C:\Users\Lenovo\Desktop\Mindcloud\Final project\ML model\initial\hungry\4cefc13c-e7c0-4b5a-bddb-c40c103e640a-1431583459308-1.7-f-26-hu.wav
82,hungry,2a0e6a88-b049-4f46-a3d6-d73ffae470d5-1430770144865-1.7-m-04-hu.wav,C:\Users\Lenovo\Desktop\Mindcloud\Final project\ML model\initial\hungry\2a0e6a88-b049-4f46-a3d6-d73ffae470d5-1430770144865-1.7-m-04-hu.wav
393,hungry,f896b69d-6241-4b51-9c45-0d628bc827c1-1430090255303-1.7-m-04-hu.wav,C:\Users\Lenovo\Desktop\Mindcloud\Final project\ML model\initial\hungry\f896b69d-6241-4b51-9c45-0d628bc827c1-1430090255303-1.7-m-04-hu.wav
182,hungry,7060a4f6-4c0c-494b-912c-ae60158b185a-1436931995150-1.7-f-04-hu.wav,C:\Users\Lenovo\Desktop\Mindcloud\Final project\ML model\initial\hungry\7060a4f6-4c0c-494b-912c-ae60158b185a-1436931995150-1.7-f-04-hu.wav
169,hungry,63CA92F7-973A-4DCA-A410-7B19811A2478-1430041884-1.0-f-26-hu.wav,C:\Users\Lenovo\Desktop\Mindcloud\Final project\ML model\initial\hungry\63CA92F7-973A-4DCA-A410-7B19811A2478-1430041884-1.0-f-26-hu.wav
410,tired,06c4cfa2-7fa6-4fda-91a1-ea186a4acc64-1430029221058-1.7-f-26-ti.wav,C:\Users\Lenovo\Desktop\Mindcloud\Final project\ML model\initial\tired\06c4cfa2-7fa6-4fda-91a1-ea186a4acc64-1430029221058-1.7-f-26-ti.wav
334,hungry,cde108d0-62c3-47f8-82c4-233c9fba5cdd-1436884444242-1.7-m-48-hu.wav,C:\Users\Lenovo\Desktop\Mindcloud\Final project\ML model\initial\hungry\cde108d0-62c3-47f8-82c4-233c9fba5cdd-1436884444242-1.7-m-48-hu.wav
59,hungry,177dc72e-d0f8-47ef-a5a7-3b46878e11a0-1430736533767-1.7-f-26-hu.wav,C:\Users\Lenovo\Desktop\Mindcloud\Final project\ML model\initial\hungry\177dc72e-d0f8-47ef-a5a7-3b46878e11a0-1430736533767-1.7-f-26-hu.wav
249,hungry,8FDA58A7-FDC6-4421-855F-738E6E853E43-1429895780-1.0-m-26-hu.wav,C:\Users\Lenovo\Desktop\Mindcloud\Final project\ML model\initial\hungry\8FDA58A7-FDC6-4421-855F-738E6E853E43-1429895780-1.0-m-26-hu.wav
254,hungry,9641D2D5-7D9F-41B2-8345-229AE9555FEC-1430022546-1.0-m-72-hu.wav,C:\Users\Lenovo\Desktop\Mindcloud\Final project\ML model\initial\hungry\9641D2D5-7D9F-41B2-8345-229AE9555FEC-1430022546-1.0-m-72-hu.wav
105,hungry,3bb2445a-9ae9-4dc8-9a2e-86c696ffa405-1430122005544-1.7-m-26-hu.wav,C:\Users\Lenovo\Desktop\Mindcloud\Final project\ML model\initial\hungry\3bb2445a-9ae9-4dc8-9a2e-86c696ffa405-1430122005544-1.7-m-26-hu.wav
258,hungry,999bf14b-e417-4b44-b746-9253f81efe38-1430972705879-1.7-m-26-hu.wav,C:\Users\Lenovo\Desktop\Mindcloud\Final project\ML model\initial\hungry\999bf14b-e417-4b44-b746-9253f81efe38-1430972705879-1.7-m-26-hu.wav
78,hungry,24f94b49-c8bc-4ed2-b43a-80b099f12936-1430534429690-1.7-m-04-hu.wav,C:\Users\Lenovo\Desktop\Mindcloud\Final project\ML model\initial\hungry\24f94b49-c8bc-4ed2-b43a-80b099f12936-1430534429690-1.7-m-04-hu.wav
168,hungry,602b06a7-31f0-4370-b35a-9cc81d205958-1430907796431-1.7-f-72-hu.wav,C:\Users\Lenovo\Desktop\Mindcloud\Final project\ML model\initial\hungry\602b06a7-31f0-4370-b35a-9cc81d205958-1430907796431-1.7-f-72-hu.wav
357,hungry,DCB33551-F9BA-4B4A-8DA1-A3107E1AD859-1430406483-1.0-m-04-hu.wav,C:\Users\Lenovo\Desktop\Mindcloud\Final project\ML model\initial\hungry\DCB33551-F9BA-4B4A-8DA1-A3107E1AD859-1430406483-1.0-m-04-hu.wav
311,hungry,bb2bdafb-0477-4be4-8c41-1a6192e8c6d4-1430637640279-1.7-m-72-hu.wav,C:\Users\Lenovo\Desktop\Mindcloud\Final project\ML model\initial\hungry\bb2bdafb-0477-4be4-8c41-1a6192e8c6d4-1430637640279-1.7-m-72-hu.wav
48,hungry,10A40438-09AA-4A21-83B4-8119F03F7A11-1430848060-1.0-f-26-hu.wav,C:\Users\Lenovo\Desktop\Mindcloud\Final project\ML model\initial\hungry\10A40438-09AA-4A21-83B4-8119F03F7A11-1430848060-1.0-f-26-hu.wav
160,hungry,5b49f19f-a3a7-411e-bb32-755da3cbd6f0-1430029991480-1.7-m-48-hu.wav,C:\Users\Lenovo\Desktop\Mindcloud\Final project\ML model\initial\hungry\5b49f19f-a3a7-411e-bb32-755da3cbd6f0-1430029991480-1.7-m-48-hu.wav
174,hungry,653bf718-94bd-40d0-af7c-8fe44e07640c-1430759231913-1.7-m-04-hu.wav,C:\Users\Lenovo\Desktop\Mindcloud\Final project\ML model\initial\hungry\653bf718-94bd-40d0-af7c-8fe44e07640c-1430759231913-1.7-m-04-hu.wav
46,hungry,101c6709-39fb-44dc-b905-7cbeed5714a2-1434361963544-1.7-f-04-hu.wav,C:\Users\Lenovo\Desktop\Mindcloud\Final project\ML model\initial\hungry\101c6709-39fb-44dc-b905-7cbeed5714a2-1434361963544-1.7-f-04-hu.wav
363,hungry,E2C4BCE0-99FD-49EC-8AB1-5EA5DF7DD8C5-1430042952-1.0-m-04-hu.wav,C:\Users\Lenovo\Desktop\Mindcloud\Final project\ML model\initial\hungry\E2C4BCE0-99FD-49EC-8AB1-5EA5DF7DD8C5-1430042952-1.0-m-04-hu.wav
120,hungry,40a4c760-facf-4911-b0a6-22eccc3ab18d-1430466164038-1.7-f-26-hu.wav,C:\Users\Lenovo\Desktop\Mindcloud\Final project\ML model\initial\hungry\40a4c760-facf-4911-b0a6-22eccc3ab18d-1430466164038-1.7-f-26-hu.wav
225,hungry,86c2b87a-ae7c-46a3-b6fb-7ebe748812cf-1430036562389-1.7-m-04-hu.wav,C:\Users\Lenovo\Desktop\Mindcloud\Final project\ML model\initial\hungry\86c2b87a-ae7c-46a3-b6fb-7ebe748812cf-1430036562389-1.7-m-04-hu.wav
338,hungry,D1CB71F9-EF76-49B3-A703-41D557444D21-1436863375-1.1-m-04-hu.wav,C:\Users\Lenovo\Desktop\Mindcloud\Final project\ML model\initial\hungry\D1CB71F9-EF76-49B3-A703-41D557444D21-1436863375-1.1-m-04-hu.wav
370,hungry,eccb4617-8373-4c4f-b49e-bb2d72bce8d8-1430035348191-1.7-m-26-hu.wav,C:\Users\Lenovo\Desktop\Mindcloud\Final project\ML model\initial\hungry\eccb4617-8373-4c4f-b49e-bb2d72bce8d8-1430035348191-1.7-m-26-hu.wav
405,hungry,FF2CD2F6-404D-4626-8718-6E6C751F63B8-1431104346-1.0-m-04-hu.wav,C:\Users\Lenovo\Desktop\Mindcloud\Final project\ML model\initial\hungry\FF2CD2F6-404D-4626-8718-6E6C751F63B8-1431104346-1.0-m-04-hu.wav
84,hungry,2ad6d558-32f2-4bfd-99c5-cbd31ee3bb11-1430064396119-1.7-m-72-hu.wav,C:\Users\Lenovo\Desktop\Mindcloud\Final project\ML model\initial\hungry\2ad6d558-32f2-4bfd-99c5-cbd31ee3bb11-1430064396119-1.7-m-72-hu.wav
127,hungry,40a4c760-facf-4911-b0a6-22eccc3ab18d-1430477780076-1.7-f-26-hu.wav,C:\Users\Lenovo\Desktop\Mindcloud\Final project\ML model\initial\hungry\40a4c760-facf-4911-b0a6-22eccc3ab18d-1430477780076-1.7-f-26-hu.wav
251,hungry,9090c7a3-bebc-4485-aafc-64e4298da3ac-1430109146143-1.7-f-26-hu.wav,C:\Users\Lenovo\Desktop\Mindcloud\Final project\ML model\initial\hungry\9090c7a3-bebc-4485-aafc-64e4298da3ac-1430109146143-1.7-f-26-hu.wav
94,hungry,30c2cee4-b682-4dcb-86b9-7fa6f36f1b66-1430728411287-1.7-f-72-hu.wav,C:\Users\Lenovo\Desktop\Mindcloud\Final project\ML model\initial\hungry\30c2cee4-b682-4dcb-86b9-7fa6f36f1b66-1430728411287-1.7-f-72-hu.wav
143,hungry,50DC5FBC-AC95-44F2-B55F-E4E5FB03AC96-1430007656-1.0-m-26-hu.wav,C:\Users\Lenovo\Desktop\Mindcloud\Final project\ML model\initial\hungry\50DC5FBC-AC95-44F2-B55F-E4E5FB03AC96-1430007656-1.0-m-26-hu.wav
274,hungry,A123AD65-38D3-4A65-AB37-330034765840-1430093710-1.0-m-04-hu.wav,C:\Users\Lenovo\Desktop\Mindcloud\Final project\ML model\initial\hungry\A123AD65-38D3-4A65-AB37-330034765840-1430093710-1.0-m-04-hu.wav
101,hungry,376C006E-3664-4056-80D0-7661F631A062-1436930593-1.1-m-26-hu.wav,C:\Users\Lenovo\Desktop\Mindcloud\Final project\ML model\initial\hungry\376C006E-3664-4056-80D0-7661F631A062-1436930593-1.1-m-26-hu.wav
256,hungry,990DE219-FCD1-4634-91CE-19AB93E5D2B0-1430214575-1.0-m-04-hu.wav,C:\Users\Lenovo\Desktop\Mindcloud\Final project\ML model\initial\hungry\990DE219-FCD1-4634-91CE-19AB93E5D2B0-1430214575-1.0-m-04-hu.wav
26,discomfort,f5b29377-7cd6-4688-942c-5a07add39dc5-1437480263225-1.7-f-26-dc.wav,C:\Users\Lenovo\Desktop\Mindcloud\Final project\ML model\initial\discomfort\f5b29377-7cd6-4688-942c-5a07add39dc5-1437480263225-1.7-f-26-dc.wav
86,hungry,2e25d0a5-0b2b-44ef-8491-e445b16ea75c-1430056332640-1.7-f-26-hu.wav,C:\Users\Lenovo\Desktop\Mindcloud\Final project\ML model\initial\hungry\2e25d0a5-0b2b-44ef-8491-e445b16ea75c-1430056332640-1.7-f-26-hu.wav
38,hungry,090C15A8-5406-4EA5-97A3-81F6527227C0-1430147533-1.0-m-72-hu.wav,C:\Users\Lenovo\Desktop\Mindcloud\Final project\ML model\initial\hungry\090C15A8-5406-4EA5-97A3-81F6527227C0-1430147533-1.0-m-72-hu.wav
110,hungry,3bb2445a-9ae9-4dc8-9a2e-86c696ffa405-1430142760958-1.7-m-26-hu.wav,C:\Users\Lenovo\Desktop\Mindcloud\Final project\ML model\initial\hungry\3bb2445a-9ae9-4dc8-9a2e-86c696ffa405-1430142760958-1.7-m-26-hu.wav
353,hungry,DB95BF4A-E3E5-4429-A660-DBBCF486E6DF-1430664611-1.0-f-72-hu.wav,C:\Users\Lenovo\Desktop\Mindcloud\Final project\ML model\initial\hungry\DB95BF4A-E3E5-4429-A660-DBBCF486E6DF-1430664611-1.0-f-72-hu.wav
361,hungry,e1e640e2-78cb-4cb7-9ccc-93813bfc251c-1430738640598-1.7-m-72-hu.wav,C:\Users\Lenovo\Desktop\Mindcloud\Final project\ML model\initial\hungry\e1e640e2-78cb-4cb7-9ccc-93813bfc251c-1430738640598-1.7-m-72-hu.wav
282,hungry,aaa57dbd-7b88-454a-963e-6faa2f4ed4e7-1436910225455-1.7-f-04-hu.wav,C:\Users\Lenovo\Desktop\Mindcloud\Final project\ML model\initial\hungry\aaa57dbd-7b88-454a-963e-6faa2f4ed4e7-1436910225455-1.7-f-04-hu.wav
121,hungry,40a4c760-facf-4911-b0a6-22eccc3ab18d-1430466176951-1.7-f-26-hu.wav,C:\Users\Lenovo\Desktop\Mindcloud\Final project\ML model\initial\hungry\40a4c760-facf-4911-b0a6-22eccc3ab18d-1430466176951-1.7-f-26-hu.wav
1,discomfort,11417AC2-DCC9-48CD-8177-CA8665E51B2F-1436881512-1.1-m-48-dc.wav,C:\Users\Lenovo\Desktop\Mindcloud\Final project\ML model\initial\discomfort\11417AC2-DCC9-48CD-8177-CA8665E51B2F-1436881512-1.1-m-48-dc.wav
33,hungry,0776b33b-c41a-4a2e-8b9c-f1c184be00c8-1437123838264-1.7-f-26-hu.wav,C:\Users\Lenovo\Desktop\Mindcloud\Final project\ML model\initial\hungry\0776b33b-c41a-4a2e-8b9c-f1c184be00c8-1437123838264-1.7-f-26-hu.wav
25,discomfort,f258a8e2-92cd-4843-9da4-80ed26ec8e10-1436944996156-1.7-f-26-ch.wav,C:\Users\Lenovo\Desktop\Mindcloud\Final project\ML model\initial\discomfort\f258a8e2-92cd-4843-9da4-80ed26ec8e10-1436944996156-1.7-f-26-ch.wav
316,hungry,c10e2b0f-0cb8-4485-b82f-d453edf97db7-1430738986076-1.7-f-26-hu.wav,C:\Users\Lenovo\Desktop\Mindcloud\Final project\ML model\initial\hungry\c10e2b0f-0cb8-4485-b82f-d453edf97db7-1430738986076-1.7-f-26-hu.wav
204,hungry,7B924575-21FC-462A-969E-BABB46D1CBF5-1430055167-1.0-f-72-hu.wav,C:\Users\Lenovo\Desktop\Mindcloud\Final project\ML model\initial\hungry\7B924575-21FC-462A-969E-BABB46D1CBF5-1430055167-1.0-f-72-hu.wav
50,hungry,10A40438-09AA-4A21-83B4-8119F03F7A11-1430848101-1.0-f-26-hu.wav,C:\Users\Lenovo\Desktop\Mindcloud\Final project\ML model\initial\hungry\10A40438-09AA-4A21-83B4-8119F03F7A11-1430848101-1.0-f-26-hu.wav
310,hungry,b9d0daab-43c8-41f1-86af-3bcdea9af63c-1429979961789-1.7-f-22-hu.wav,C:\Users\Lenovo\Desktop\Mindcloud\Final project\ML model\initial\hungry\b9d0daab-43c8-41f1-86af-3bcdea9af63c-1429979961789-1.7-f-22-hu.wav
313,hungry,bb2bdafb-0477-4be4-8c41-1a6192e8c6d4-1430637736064-1.7-m-72-hu.wav,C:\Users\Lenovo\Desktop\Mindcloud\Final project\ML model\initial\hungry\bb2bdafb-0477-4be4-8c41-1a6192e8c6d4-1430637736064-1.7-m-72-hu.wav
379,hungry,F24DE44B-762C-4149-AC92-96A5E57ED118-1430816918-1.0-m-04-hu.wav,C:\Users\Lenovo\Desktop\Mindcloud\Final project\ML model\initial\hungry\F24DE44B-762C-4149-AC92-96A5E57ED118-1430816918-1.0-m-04-hu.wav
399,hungry,F95D4BCE-2FB0-4A0C-A058-BFB0674539AF-1430055950-1.0-m-26-hu.wav,C:\Users\Lenovo\Desktop\Mindcloud\Final project\ML model\initial\hungry\F95D4BCE-2FB0-4A0C-A058-BFB0674539AF-1430055950-1.0-m-26-hu.wav
318,hungry,c10e2b0f-0cb8-4485-b82f-d453edf97db7-1430739179429-1.7-f-26-hu.wav,C:\Users\Lenovo\Desktop\Mindcloud\Final project\ML model\initial\hungry\c10e2b0f-0cb8-4485-b82f-d453edf97db7-1430739179429-1.7-f-26-hu.wav
227,hungry,88da3fbd-926b-4ee7-ae8f-85f92f2783b0-1430114329442-1.7-m-04-hu.wav,C:\Users\Lenovo\Desktop\Mindcloud\Final project\ML model\initial\hungry\88da3fbd-926b-4ee7-ae8f-85f92f2783b0-1430114329442-1.7-m-04-hu.wav
422,tired,C421C6FE-DFEE-4080-8AEA-848E7CE4756B-1430548384-1.0-m-26-ti.wav,C:\Users\Lenovo\Desktop\Mindcloud\Final project\ML model\initial\tired\C421C6FE-DFEE-4080-8AEA-848E7CE4756B-1430548384-1.0-m-26-ti.wav
260,hungry,999bf14b-e417-4b44-b746-9253f81efe38-1431013068243-1.7-m-26-hu.wav,C:\Users\Lenovo\Desktop\Mindcloud\Final project\ML model\initial\hungry\999bf14b-e417-4b44-b746-9253f81efe38-1431013068243-1.7-m-26-hu.wav
11,discomfort,79FF400A-97E2-4701-987D-C7C850D5523C-1430089688-1.0-f-48-dc.wav,C:\Users\Lenovo\Desktop\Mindcloud\Final project\ML model\initial\discomfort\79FF400A-97E2-4701-987D-C7C850D5523C-1430089688-1.0-f-48-dc.wav
412,tired,06c4cfa2-7fa6-4fda-91a1-ea186a4acc64-1430029246453-1.7-f-26-ti.wav,C:\Users\Lenovo\Desktop\Mindcloud\Final project\ML model\initial\tired\06c4cfa2-7fa6-4fda-91a1-ea186a4acc64-1430029246453-1.7-f-26-ti.wav
100,hungry,375308C6-F894-49A5-B246-8C2819E9C6ED-1430416651-1.0-m-04-hu.wav,C:\Users\Lenovo\Desktop\Mindcloud\Final project\ML model\initial\hungry\375308C6-F894-49A5-B246-8C2819E9C6ED-1430416651-1.0-m-04-hu.wav
205,hungry,7B924575-21FC-462A-969E-BABB46D1CBF5-1430055220-1.0-f-72-hu.wav,C:\Users\Lenovo\Desktop\Mindcloud\Final project\ML model\initial\hungry\7B924575-21FC-462A-969E-BABB46D1CBF5-1430055220-1.0-f-72-hu.wav
246,hungry,8f5c01dc-6826-4076-a831-027ad61afdaf-1435873509176-1.7-f-26-hu.wav,C:\Users\Lenovo\Desktop\Mindcloud\Final project\ML model\initial\hungry\8f5c01dc-6826-4076-a831-027ad61afdaf-1435873509176-1.7-f-26-hu.wav
45,hungry,0F4B1065-4012-47C8-88B7-ACE11B1A536E-1430038775-1.0-m-04-hu.wav,C:\Users\Lenovo\Desktop\Mindcloud\Final project\ML model\initial\hungry\0F4B1065-4012-47C8-88B7-ACE11B1A536E-1430038775-1.0-m-04-hu.wav
221,hungry,81724071-bc5e-4e38-8f35-85a691af5721-1430737552979-1.7-m-04-hu.wav,C:\Users\Lenovo\Desktop\Mindcloud\Final project\ML model\initial\hungry\81724071-bc5e-4e38-8f35-85a691af5721-1430737552979-1.7-m-04-hu.wav
302,hungry,B327333E-2DE2-4833-A75A-4C576208BED3-1430087429-1.0-f-48-hu.wav,C:\Users\Lenovo\Desktop\Mindcloud\Final project\ML model\initial\hungry\B327333E-2DE2-4833-A75A-4C576208BED3-1430087429-1.0-f-48-hu.wav
233,hungry,8c66887c-8251-49fa-903b-c02d56405f58-1436856065644-1.7-m-26-hu.wav,C:\Users\Lenovo\Desktop\Mindcloud\Final project\ML model\initial\hungry\8c66887c-8251-49fa-903b-c02d56405f58-1436856065644-1.7-m-26-hu.wav
97,hungry,35D58153-7AB7-443D-BED0-2D7ABF73743F-1431855847-1.1-m-04-hu.wav,C:\Users\Lenovo\Desktop\Mindcloud\Final project\ML model\initial\hungry\35D58153-7AB7-443D-BED0-2D7ABF73743F-1431855847-1.1-m-04-hu.wav
404,hungry,FF2CD2F6-404D-4626-8718-6E6C751F63B8-1431104337-1.0-m-04-hu.wav,C:\Users\Lenovo\Desktop\Mindcloud\Final project\ML model\initial\hungry\FF2CD2F6-404D-4626-8718-6E6C751F63B8-1431104337-1.0-m-04-hu.wav
111,hungry,3bb2445a-9ae9-4dc8-9a2e-86c696ffa405-1430142784308-1.7-m-26-hu.wav,C:\Users\Lenovo\Desktop\Mindcloud\Final project\ML model\initial\hungry\3bb2445a-9ae9-4dc8-9a2e-86c696ffa405-1430142784308-1.7-m-26-hu.wav
369,hungry,EC2E1160-BC33-450A-A62D-DE2A4C0D42BB-1430039051-1.0-f-48-hu.wav,C:\Users\Lenovo\Desktop\Mindcloud\Final project\ML model\initial\hungry\EC2E1160-BC33-450A-A62D-DE2A4C0D42BB-1430039051-1.0-f-48-hu.wav
247,hungry,8FDA58A7-FDC6-4421-855F-738E6E853E43-1429895742-1.0-m-26-hu.wav,C:\Users\Lenovo\Desktop\Mindcloud\Final project\ML model\initial\hungry\8FDA58A7-FDC6-4421-855F-738E6E853E43-1429895742-1.0-m-26-hu.wav
65,hungry,1f40790f-68f2-4e7e-845e-715bd97c82d0-1429979568422-1.7-m-04-hu.wav,C:\Users\Lenovo\Desktop\Mindcloud\Final project\ML model\initial\hungry\1f40790f-68f2-4e7e-845e-715bd97c82d0-1429979568422-1.7-m-04-hu.wav
36,hungry,090C15A8-5406-4EA5-97A3-81F6527227C0-1430147515-1.0-m-72-hu.wav,C:\Users\Lenovo\Desktop\Mindcloud\Final project\ML model\initial\hungry\090C15A8-5406-4EA5-97A3-81F6527227C0-1430147515-1.0-m-72-hu.wav
213,hungry,7E4B9C14-F955-4BED-9B03-7F3096A6CBFF-1430232180-1.0-f-26-hu.wav,C:\Users\Lenovo\Desktop\Mindcloud\Final project\ML model\initial\hungry\7E4B9C14-F955-4BED-9B03-7F3096A6CBFF-1430232180-1.0-f-26-hu.wav
136,hungry,4be720ce-a5e5-4a48-930f-a212f8a239f6-1434774932733-1.7-f-48-hu.wav,C:\Users\Lenovo\Desktop\Mindcloud\Final project\ML model\initial\hungry\4be720ce-a5e5-4a48-930f-a212f8a239f6-1434774932733-1.7-f-48-hu.wav
151,hungry,549a46d8-9c84-430e-ade8-97eae2bef787-1430130669340-1.7-m-48-hu.wav,C:\Users\Lenovo\Desktop\Mindcloud\Final project\ML model\initial\hungry\549a46d8-9c84-430e-ade8-97eae2bef787-1430130669340-1.7-m-48-hu.wav
220,hungry,815af07e-4c31-4032-8bd1-dab6e60c879e-1433156423585-1.7-m-04-hu.wav,C:\Users\Lenovo\Desktop\Mindcloud\Final project\ML model\initial\hungry\815af07e-4c31-4032-8bd1-dab6e60c879e-1433156423585-1.7-m-04-hu.wav
295,hungry,ae5a462b-5424-4b5b-82d5-07ccb61654ab-1430405436291-1.7-f-04-hu.wav,C:\Users\Lenovo\Desktop\Mindcloud\Final project\ML model\initial\hungry\ae5a462b-5424-4b5b-82d5-07ccb61654ab-1430405436291-1.7-f-04-hu.wav
299,hungry,afa44e7f-4187-4f1c-9437-b49ba75f542e-1430629785235-1.7-f-04-hu.wav,C:\Users\Lenovo\Desktop\Mindcloud\Final project\ML model\initial\hungry\afa44e7f-4187-4f1c-9437-b49ba75f542e-1430629785235-1.7-f-04-hu.wav
304,hungry,B327333E-2DE2-4833-A75A-4C576208BED3-1430087456-1.0-f-48-hu.wav,C:\Users\Lenovo\Desktop\Mindcloud\Final project\ML model\initial\hungry\B327333E-2DE2-4833-A75A-4C576208BED3-1430087456-1.0-f-48-hu.wav
235,hungry,8c920fd0-fa9f-4926-bcac-074767dcbfcd-1436850948195-1.7-m-04-hu.wav,C:\Users\Lenovo\Desktop\Mindcloud\Final project\ML model\initial\hungry\8c920fd0-fa9f-4926-bcac-074767dcbfcd-1436850948195-1.7-m-04-hu.wav
212,hungry,7E4B9C14-F955-4BED-9B03-7F3096A6CBFF-1430232166-1.0-f-26-hu.wav,C:\Users\Lenovo\Desktop\Mindcloud\Final project\ML model\initial\hungry\7E4B9C14-F955-4BED-9B03-7F3096A6CBFF-1430232166-1.0-f-26-hu.wav
360,hungry,e0cc5beb-50e5-46ef-852e-c92106216e62-1430143334661-1.7-m-04-hu.wav,C:\Users\Lenovo\Desktop\Mindcloud\Final project\ML model\initial\hungry\e0cc5beb-50e5-46ef-852e-c92106216e62-1430143334661-1.7-m-04-hu.wav
17,discomfort,999bf14b-e417-4b44-b746-9253f81efe38-1430845018393-1.7-m-26-ch.wav,C:\Users\Lenovo\Desktop\Mindcloud\Final project\ML model\initial\discomfort\999bf14b-e417-4b44-b746-9253f81efe38-1430845018393-1.7-m-26-ch.wav
53,hungry,1259bcad-2308-46fa-9a36-b5d8f359886a-1430143617162-1.7-m-04-hu.wav,C:\Users\Lenovo\Desktop\Mindcloud\Final project\ML model\initial\hungry\1259bcad-2308-46fa-9a36-b5d8f359886a-1430143617162-1.7-m-04-hu.wav
337,hungry,D1CB71F9-EF76-49B3-A703-41D557444D21-1436863366-1.1-m-04-hu.wav,C:\Users\Lenovo\Desktop\Mindcloud\Final project\ML model\initial\hungry\D1CB71F9-EF76-49B3-A703-41D557444D21-1436863366-1.1-m-04-hu.wav
164,hungry,5f0a1ed4-ee2c-493c-bc00-6b56aad78a72-1430933240505-1.7-m-72-hu.wav,C:\Users\Lenovo\Desktop\Mindcloud\Final project\ML model\initial\hungry\5f0a1ed4-ee2c-493c-bc00-6b56aad78a72-1430933240505-1.7-m-72-hu.wav
261,hungry,9aa8bac5-eeb9-4f19-a4bf-7c439e87364b-1430745312460-1.7-m-04-hu.wav,C:\Users\Lenovo\Desktop\Mindcloud\Final project\ML model\initial\hungry\9aa8bac5-eeb9-4f19-a4bf-7c439e87364b-1430745312460-1.7-m-04-hu.wav
72,hungry,22b43570-d440-475b-b2f1-e528c81081f7-1430663490095-1.7-m-04-hu.wav,C:\Users\Lenovo\Desktop\Mindcloud\Final project\ML model\initial\hungry\22b43570-d440-475b-b2f1-e528c81081f7-1430663490095-1.7-m-04-hu.wav
298,hungry,af30880e-5f98-4dc0-b37a-be6b21fa0ba3-1431240037389-1.7-m-26-hu.wav,C:\Users\Lenovo\Desktop\Mindcloud\Final project\ML model\initial\hungry\af30880e-5f98-4dc0-b37a-be6b21fa0ba3-1431240037389-1.7-m-26-hu.wav
122,hungry,40a4c760-facf-4911-b0a6-22eccc3ab18d-1430466393384-1.7-f-26-hu.wav,C:\Users\Lenovo\Desktop\Mindcloud\Final project\ML model\initial\hungry\40a4c760-facf-4911-b0a6-22eccc3ab18d-1430466393384-1.7-f-26-hu.wav
231,hungry,8C13A1F9-62CC-46AA-9192-BECE5CDD5CB0-1430249362-1.0-f-72-hu.wav,C:\Users\Lenovo\Desktop\Mindcloud\Final project\ML model\initial\hungry\8C13A1F9-62CC-46AA-9192-BECE5CDD5CB0-1430249362-1.0-f-72-hu.wav
190,hungry,743E7CCA-D32B-40B6-9541-9808122D3F6B-1436860011-1.1-f-26-hu.wav,C:\Users\Lenovo\Desktop\Mindcloud\Final project\ML model\initial\hungry\743E7CCA-D32B-40B6-9541-9808122D3F6B-1436860011-1.1-f-26-hu.wav
248,hungry,8FDA58A7-FDC6-4421-855F-738E6E853E43-1429895751-1.0-m-26-hu.wav,C:\Users\Lenovo\Desktop\Mindcloud\Final project\ML model\initial\hungry\8FDA58A7-FDC6-4421-855F-738E6E853E43-1429895751-1.0-m-26-hu.wav
9,discomfort,665BDF6D-2897-49F9-8AD0-978B3B2A0468-1430530218-1.0-m-26-dc.wav,C:\Users\Lenovo\Desktop\Mindcloud\Final project\ML model\initial\discomfort\665BDF6D-2897-49F9-8AD0-978B3B2A0468-1430530218-1.0-m-26-dc.wav
145,hungry,50DC5FBC-AC95-44F2-B55F-E4E5FB03AC96-1430007691-1.0-m-26-hu.wav,C:\Users\Lenovo\Desktop\Mindcloud\Final project\ML model\initial\hungry\50DC5FBC-AC95-44F2-B55F-E4E5FB03AC96-1430007691-1.0-m-26-hu.wav
238,hungry,8f4dbf5a-b504-4452-b6ac-94e646a6a052-1430727792958-1.7-f-72-hu.wav,C:\Users\Lenovo\Desktop\Mindcloud\Final project\ML model\initial\hungry\8f4dbf5a-b504-4452-b6ac-94e646a6a052-1430727792958-1.7-f-72-hu.wav
378,hungry,F1AF5794-AD3B-4181-B010-AB835E5BDA64-1430441342-1.0-m-72-hu.wav,C:\Users\Lenovo\Desktop\Mindcloud\Final project\ML model\initial\hungry\F1AF5794-AD3B-4181-B010-AB835E5BDA64-1430441342-1.0-m-72-hu.wav
209,hungry,7d1c2cd2-6fa1-499f-8ca8-a298198be4e7-1436850081753-1.7-m-04-hu.wav,C:\Users\Lenovo\Desktop\Mindcloud\Final project\ML model\initial\hungry\7d1c2cd2-6fa1-499f-8ca8-a298198be4e7-1436850081753-1.7-m-04-hu.wav
2,discomfort,1309B82C-F146-46F0-A723-45345AFA6EA8-1430703937-1.0-f-48-dc.wav,C:\Users\Lenovo\Desktop\Mindcloud\Final project\ML model\initial\discomfort\1309B82C-F146-46F0-A723-45345AFA6EA8-1430703937-1.0-f-48-dc.wav
396,hungry,F950E7E3-A1A5-4A01-99F4-9B155C3C6606-1430305696-1.0-m-72-hu.wav,C:\Users\Lenovo\Desktop\Mindcloud\Final project\ML model\initial\hungry\F950E7E3-A1A5-4A01-99F4-9B155C3C6606-1430305696-1.0-m-72-hu.wav
349,hungry,d79affbc-f7b4-4ef0-ae57-be5da4b827bf-1430761514476-1.7-m-72-hu.wav,C:\Users\Lenovo\Desktop\Mindcloud\Final project\ML model\initial\hungry\d79affbc-f7b4-4ef0-ae57-be5da4b827bf-1430761514476-1.7-m-72-hu.wav
18,discomfort,999bf14b-e417-4b44-b746-9253f81efe38-1430845035663-1.7-m-26-ch.wav,C:\Users\Lenovo\Desktop\Mindcloud\Final project\ML model\initial\discomfort\999bf14b-e417-4b44-b746-9253f81efe38-1430845035663-1.7-m-26-ch.wav
423,tired,C421C6FE-DFEE-4080-8AEA-848E7CE4756B-1430548393-1.0-f-26-ti.wav,C:\Users\Lenovo\Desktop\Mindcloud\Final project\ML model\initial\tired\C421C6FE-DFEE-4080-8AEA-848E7CE4756B-1430548393-1.0-f-26-ti.wav
388,hungry,F4A0C710-AC2D-42E0-8EA9-3E4CAC31EE20-1430318416-1.0-m-04-hu.wav,C:\Users\Lenovo\Desktop\Mindcloud\Final project\ML model\initial\hungry\F4A0C710-AC2D-42E0-8EA9-3E4CAC31EE20-1430318416-1.0-m-04-hu.wav
88,hungry,2F1C0515-EC8E-44C1-ABEA-E04EB475543A-1432143888-1.1-m-22-hu.wav,C:\Users\Lenovo\Desktop\Mindcloud\Final project\ML model\initial\hungry\2F1C0515-EC8E-44C1-ABEA-E04EB475543A-1432143888-1.1-m-22-hu.wav
427,tired,D4665929-8695-4655-927F-63F09B2D4CB8-1430726940-1.0-f-26-ti.wav,C:\Users\Lenovo\Desktop\Mindcloud\Final project\ML model\initial\tired\D4665929-8695-4655-927F-63F09B2D4CB8-1430726940-1.0-f-26-ti.wav
71,hungry,21c07aff-0a8d-4e74-ad5e-e3c7f7bcb11b-1430105653796-1.7-m-04-hu.wav,C:\Users\Lenovo\Desktop\Mindcloud\Final project\ML model\initial\hungry\21c07aff-0a8d-4e74-ad5e-e3c7f7bcb11b-1430105653796-1.7-m-04-hu.wav
266,hungry,9CFD61B9-BF13-406D-8B2F-F73CFAAF25CB-1430927728-1.0-f-04-hu.wav,C:\Users\Lenovo\Desktop\Mindcloud\Final project\ML model\initial\hungry\9CFD61B9-BF13-406D-8B2F-F73CFAAF25CB-1430927728-1.0-f-04-hu.wav
34,hungry,08E9485B-2772-444B-A636-77E14DD14A8C-1431493441-1.0-m-04-hu.wav,C:\Users\Lenovo\Desktop\Mindcloud\Final project\ML model\initial\hungry\08E9485B-2772-444B-A636-77E14DD14A8C-1431493441-1.0-m-04-hu.wav
198,hungry,7A864194-4B6B-4850-ABBF-0C2A8170107B-1436846797-1.1-f-26-hu.wav,C:\Users\Lenovo\Desktop\Mindcloud\Final project\ML model\initial\hungry\7A864194-4B6B-4850-ABBF-0C2A8170107B-1436846797-1.1-f-26-hu.wav
42,hungry,0c8f14a9-6999-485b-97a2-913c1cbf099c-1430760394426-1.7-m-26-hu.wav,C:\Users\Lenovo\Desktop\Mindcloud\Final project\ML model\initial\hungry\0c8f14a9-6999-485b-97a2-913c1cbf099c-1430760394426-1.7-m-26-hu.wav
144,hungry,50DC5FBC-AC95-44F2-B55F-E4E5FB03AC96-1430007668-1.0-m-26-hu.wav,C:\Users\Lenovo\Desktop\Mindcloud\Final project\ML model\initial\hungry\50DC5FBC-AC95-44F2-B55F-E4E5FB03AC96-1430007668-1.0-m-26-hu.wav
194,hungry,7616E8F4-B1A7-45A6-9A0C-C9BB2DE64FC3-1436868751-1.1-m-72-hu.wav,C:\Users\Lenovo\Desktop\Mindcloud\Final project\ML model\initial\hungry\7616E8F4-B1A7-45A6-9A0C-C9BB2DE64FC3-1436868751-1.1-m-72-hu.wav
43,hungry,0D1AD73E-4C5E-45F3-85C4-9A3CB71E8856-1430742197-1.0-m-04-hu.wav,C:\Users\Lenovo\Desktop\Mindcloud\Final project\ML model\initial\hungry\0D1AD73E-4C5E-45F3-85C4-9A3CB71E8856-1430742197-1.0-m-04-hu.wav
418,tired,7A22229D-06C2-4AAA-9674-DE5DF1906B3A-1436891957-1.1-m-72-ti.wav,C:\Users\Lenovo\Desktop\Mindcloud\Final project\ML model\initial\tired\7A22229D-06C2-4AAA-9674-DE5DF1906B3A-1436891957-1.1-m-72-ti.wav
281,hungry,AA2CA7F6-4547-4CC0-AA4C-5D7B64727FB5-1437123487-1.1-f-26-hu.wav,C:\Users\Lenovo\Desktop\Mindcloud\Final project\ML model\initial\hungry\AA2CA7F6-4547-4CC0-AA4C-5D7B64727FB5-1437123487-1.1-f-26-hu.wav
301,hungry,B2A105BB-347B-4878-A735-AA4ECF32CD16-1436864116-1.1-m-26-hu.wav,C:\Users\Lenovo\Desktop\Mindcloud\Final project\ML model\initial\hungry\B2A105BB-347B-4878-A735-AA4ECF32CD16-1436864116-1.1-m-26-hu.wav
137,hungry,4be720ce-a5e5-4a48-930f-a212f8a239f6-1434774947458-1.7-f-48-hu.wav,C:\Users\Lenovo\Desktop\Mindcloud\Final project\ML model\initial\hungry\4be720ce-a5e5-4a48-930f-a212f8a239f6-1434774947458-1.7-f-48-hu.wav
289,hungry,ad7fd28b-3e85-4e9b-9e18-af4bda64c60f-1430756389867-1.7-m-72-hu.wav,C:\Users\Lenovo\Desktop\Mindcloud\Final project\ML model\initial\hungry\ad7fd28b-3e85-4e9b-9e18-af4bda64c60f-1430756389867-1.7-m-72-hu.wav
421,tired,b4c460d8-bd6b-4017-9bb8-2ae4ff0c5af1-1430418266487-1.7-f-26-ti.wav,C:\Users\Lenovo\Desktop\Mindcloud\Final project\ML model\initial\tired\b4c460d8-bd6b-4017-9bb8-2ae4ff0c5af1-1430418266487-1.7-f-26-ti.wav
237,hungry,8c920fd0-fa9f-4926-bcac-074767dcbfcd-1436856382717-1.7-m-04-hu.wav,C:\Users\Lenovo\Desktop\Mindcloud\Final project\ML model\initial\hungry\8c920fd0-fa9f-4926-bcac-074767dcbfcd-1436856382717-1.7-m-04-hu.wav
245,hungry,8f4dbf5a-b504-4452-b6ac-94e646a6a052-1430735157938-1.7-f-72-hu.wav,C:\Users\Lenovo\Desktop\Mindcloud\Final project\ML model\initial\hungry\8f4dbf5a-b504-4452-b6ac-94e646a6a052-1430735157938-1.7-f-72-hu.wav
430,tired,d6cda191-4962-4308-9a36-46d5648a95ed-1431587899682-1.7-m-04-ti.wav,C:\Users\Lenovo\Desktop\Mindcloud\Final project\ML model\initial\tired\d6cda191-4962-4308-9a36-46d5648a95ed-1431587899682-1.7-m-04-ti.wav
171,hungry,64acb345-a61e-4ef3-a5a6-cf83c04b83f1-1430045478300-1.7-m-72-hu.wav,C:\Users\Lenovo\Desktop\Mindcloud\Final project\ML model\initial\hungry\64acb345-a61e-4ef3-a5a6-cf83c04b83f1-1430045478300-1.7-m-72-hu.wav
253,hungry,92d08bbe-553f-4844-85b1-15d572f06ea2-1436873211119-1.7-m-04-hu.wav,C:\Users\Lenovo\Desktop\Mindcloud\Final project\ML model\initial\hungry\92d08bbe-553f-4844-85b1-15d572f06ea2-1436873211119-1.7-m-04-hu.wav
154,hungry,549a46d8-9c84-430e-ade8-97eae2bef787-1430130714659-1.7-m-48-hu.wav,C:\Users\Lenovo\Desktop\Mindcloud\Final project\ML model\initial\hungry\549a46d8-9c84-430e-ade8-97eae2bef787-1430130714659-1.7-m-48-hu.wav
44,hungry,0f257dac-7d6f-4575-9192-e3b4dcd3d4ef-1430185441581-1.7-f-26-hu.wav,C:\Users\Lenovo\Desktop\Mindcloud\Final project\ML model\initial\hungry\0f257dac-7d6f-4575-9192-e3b4dcd3d4ef-1430185441581-1.7-f-26-hu.wav
202,hungry,7b23d26e-6f97-4e8b-b520-a9fdde21ee91-1432261716253-1.7-m-48-hu.wav,C:\Users\Lenovo\Desktop\Mindcloud\Final project\ML model\initial\hungry\7b23d26e-6f97-4e8b-b520-a9fdde21ee91-1432261716253-1.7-m-48-hu.wav
303,hungry,B327333E-2DE2-4833-A75A-4C576208BED3-1430087443-1.0-f-48-hu.wav,C:\Users\Lenovo\Desktop\Mindcloud\Final project\ML model\initial\hungry\B327333E-2DE2-4833-A75A-4C576208BED3-1430087443-1.0-f-48-hu.wav
207,hungry,7B924575-21FC-462A-969E-BABB46D1CBF5-1430055243-1.0-f-72-hu.wav,C:\Users\Lenovo\Desktop\Mindcloud\Final project\ML model\initial\hungry\7B924575-21FC-462A-969E-BABB46D1CBF5-1430055243-1.0-f-72-hu.wav
386,hungry,F4A0C710-AC2D-42E0-8EA9-3E4CAC31EE20-1430318390-1.0-m-04-hu.wav,C:\Users\Lenovo\Desktop\Mindcloud\Final project\ML model\initial\hungry\F4A0C710-AC2D-42E0-8EA9-3E4CAC31EE20-1430318390-1.0-m-04-hu.wav
142,hungry,4D43D6CD-C084-4081-ABF3-8B25951B2D75-1430146631-1.0-m-04-hu.wav,C:\Users\Lenovo\Desktop\Mindcloud\Final project\ML model\initial\hungry\4D43D6CD-C084-4081-ABF3-8B25951B2D75-1430146631-1.0-m-04-hu.wav
93,hungry,3030d0e9-0c9b-4616-9b83-f10dc2dedbfd-1430326171876-1.7-m-26-hu.wav,C:\Users\Lenovo\Desktop\Mindcloud\Final project\ML model\initial\hungry\3030d0e9-0c9b-4616-9b83-f10dc2dedbfd-1430326171876-1.7-m-26-hu.wav
57,hungry,1445575b-80ad-477b-8e48-36194cac728e-1430244987914-1.7-f-48-hu.wav,C:\Users\Lenovo\Desktop\Mindcloud\Final project\ML model\initial\hungry\1445575b-80ad-477b-8e48-36194cac728e-1430244987914-1.7-f-48-hu.wav
69,hungry,218e6fd7-f9c5-4490-afd7-c4fba174e7d2-1430209252819-1.7-m-72-hu.wav,C:\Users\Lenovo\Desktop\Mindcloud\Final project\ML model\initial\hungry\218e6fd7-f9c5-4490-afd7-c4fba174e7d2-1430209252819-1.7-m-72-hu.wav
116,hungry,3c51dedc-6e4c-47dd-a179-86a25e95f1ef-1430651049104-1.7-m-72-hu.wav,C:\Users\Lenovo\Desktop\Mindcloud\Final project\ML model\initial\hungry\3c51dedc-6e4c-47dd-a179-86a25e95f1ef-1430651049104-1.7-m-72-hu.wav
319,hungry,C249BCDD-0F65-4D6A-82BE-43C4006E3DDB-1436891733-1.1-m-72-hu.wav,C:\Users\Lenovo\Desktop\Mindcloud\Final project\ML model\initial\hungry\C249BCDD-0F65-4D6A-82BE-43C4006E3DDB-1436891733-1.1-m-72-hu.wav
112,hungry,3bb2445a-9ae9-4dc8-9a2e-86c696ffa405-1430146536552-1.7-m-26-hu.wav,C:\Users\Lenovo\Desktop\Mindcloud\Final project\ML model\initial\hungry\3bb2445a-9ae9-4dc8-9a2e-86c696ffa405-1430146536552-1.7-m-26-hu.wav
292,hungry,adcefe56-90b1-4120-83b1-93008cb6f7f0-1430731683554-1.7-m-04-hu.wav,C:\Users\Lenovo\Desktop\Mindcloud\Final project\ML model\initial\hungry\adcefe56-90b1-4120-83b1-93008cb6f7f0-1430731683554-1.7-m-04-hu.wav
167,hungry,602b06a7-31f0-4370-b35a-9cc81d205958-1430739609286-1.7-f-72-hu.wav,C:\Users\Lenovo\Desktop\Mindcloud\Final project\ML model\initial\hungry\602b06a7-31f0-4370-b35a-9cc81d205958-1430739609286-1.7-f-72-hu.wav
406,hungry,FF2CD2F6-404D-4626-8718-6E6C751F63B8-1431104360-1.0-m-04-hu.wav,C:\Users\Lenovo\Desktop\Mindcloud\Final project\ML model\initial\hungry\FF2CD2F6-404D-4626-8718-6E6C751F63B8-1431104360-1.0-m-04-hu.wav
63,hungry,1abb2260-a652-4ba7-bd98-7d463312730f-1430041727150-1.7-m-04-hu.wav,C:\Users\Lenovo\Desktop\Mindcloud\Final project\ML model\initial\hungry\1abb2260-a652-4ba7-bd98-7d463312730f-1430041727150-1.7-m-04-hu.wav
385,hungry,F3BAEDDA-CDC0-4A65-90EE-5C372CEE4F3B-1437012076-1.1-f-26-hu.wav,C:\Users\Lenovo\Desktop\Mindcloud\Final project\ML model\initial\hungry\F3BAEDDA-CDC0-4A65-90EE-5C372CEE4F3B-1437012076-1.1-f-26-hu.wav
407,hungry,FF2CD2F6-404D-4626-8718-6E6C751F63B8-1431104396-1.0-m-04-hu.wav,C:\Users\Lenovo\Desktop\Mindcloud\Final project\ML model\initial\hungry\FF2CD2F6-404D-4626-8718-6E6C751F63B8-1431104396-1.0-m-04-hu.wav
0,discomfort,10A40438-09AA-4A21-83B4-8119F03F7A11-1430925142-1.0-f-26-dc.wav,C:\Users\Lenovo\Desktop\Mindcloud\Final project\ML model\initial\discomfort\10A40438-09AA-4A21-83B4-8119F03F7A11-1430925142-1.0-f-26-dc.wav
170,hungry,63CA92F7-973A-4DCA-A410-7B19811A2478-1430041902-1.0-f-26-hu.wav,C:\Users\Lenovo\Desktop\Mindcloud\Final project\ML model\initial\hungry\63CA92F7-973A-4DCA-A410-7B19811A2478-1430041902-1.0-f-26-hu.wav
99,hungry,37105492-58b1-432e-a1ce-ea154425abab-1430744728397-1.7-f-26-hu.wav,C:\Users\Lenovo\Desktop\Mindcloud\Final project\ML model\initial\hungry\37105492-58b1-432e-a1ce-ea154425abab-1430744728397-1.7-f-26-hu.wav
55,hungry,1259bcad-2308-46fa-9a36-b5d8f359886a-1430143668806-1.7-f-04-hu.wav,C:\Users\Lenovo\Desktop\Mindcloud\Final project\ML model\initial\hungry\1259bcad-2308-46fa-9a36-b5d8f359886a-1430143668806-1.7-f-04-hu.wav
397,hungry,F95D4BCE-2FB0-4A0C-A058-BFB0674539AF-1430055800-1.0-m-26-hu.wav,C:\Users\Lenovo\Desktop\Mindcloud\Final project\ML model\initial\hungry\F95D4BCE-2FB0-4A0C-A058-BFB0674539AF-1430055800-1.0-m-26-hu.wav
329,hungry,c7fef089-4a65-4b75-bfd4-bae0e3518adf-1430754388848-1.7-m-04-hu.wav,C:\Users\Lenovo\Desktop\Mindcloud\Final project\ML model\initial\hungry\c7fef089-4a65-4b75-bfd4-bae0e3518adf-1430754388848-1.7-m-04-hu.wav
294,hungry,AE02C934-F4E5-4C73-818D-56AA6887EC18-1430279454-1.0-m-26-hu.wav,C:\Users\Lenovo\Desktop\Mindcloud\Final project\ML model\initial\hungry\AE02C934-F4E5-4C73-818D-56AA6887EC18-1430279454-1.0-m-26-hu.wav
413,tired,1309B82C-F146-46F0-A723-45345AFA6EA8-1430059864-1.0-f-04-ti.wav,C:\Users\Lenovo\Desktop\Mindcloud\Final project\ML model\initial\tired\1309B82C-F146-46F0-A723-45345AFA6EA8-1430059864-1.0-f-04-ti.wav
195,hungry,771fa0cc-4535-471b-9cec-d26deff8d567-1429803644891-1.7-m-04-hu.wav,C:\Users\Lenovo\Desktop\Mindcloud\Final project\ML model\initial\hungry\771fa0cc-4535-471b-9cec-d26deff8d567-1429803644891-1.7-m-04-hu.wav
16,discomfort,999bf14b-e417-4b44-b746-9253f81efe38-1430844994519-1.7-m-04-ch.wav,C:\Users\Lenovo\Desktop\Mindcloud\Final project\ML model\initial\discomfort\999bf14b-e417-4b44-b746-9253f81efe38-1430844994519-1.7-m-04-ch.wav
106,hungry,3bb2445a-9ae9-4dc8-9a2e-86c696ffa405-1430122381138-1.7-m-26-hu.wav,C:\Users\Lenovo\Desktop\Mindcloud\Final project\ML model\initial\hungry\3bb2445a-9ae9-4dc8-9a2e-86c696ffa405-1430122381138-1.7-m-26-hu.wav
264,hungry,9CFD61B9-BF13-406D-8B2F-F73CFAAF25CB-1430927704-1.0-f-04-hu.wav,C:\Users\Lenovo\Desktop\Mindcloud\Final project\ML model\initial\hungry\9CFD61B9-BF13-406D-8B2F-F73CFAAF25CB-1430927704-1.0-f-04-hu.wav
66,hungry,1f40790f-68f2-4e7e-845e-715bd97c82d0-1429979603276-1.7-m-72-hu.wav,C:\Users\Lenovo\Desktop\Mindcloud\Final project\ML model\initial\hungry\1f40790f-68f2-4e7e-845e-715bd97c82d0-1429979603276-1.7-m-72-hu.wav
354,hungry,DB95BF4A-E3E5-4429-A660-DBBCF486E6DF-1430664633-1.0-f-72-hu.wav,C:\Users\Lenovo\Desktop\Mindcloud\Final project\ML model\initial\hungry\DB95BF4A-E3E5-4429-A660-DBBCF486E6DF-1430664633-1.0-f-72-hu.wav
317,hungry,c10e2b0f-0cb8-4485-b82f-d453edf97db7-1430739158854-1.7-f-26-hu.wav,C:\Users\Lenovo\Desktop\Mindcloud\Final project\ML model\initial\hungry\c10e2b0f-0cb8-4485-b82f-d453edf97db7-1430739158854-1.7-f-26-hu.wav
323,hungry,c42e76b9-a4c1-48f6-a91d-27ab83015874-1430737177322-1.7-f-72-hu.wav,C:\Users\Lenovo\Desktop\Mindcloud\Final project\ML model\initial\hungry\c42e76b9-a4c1-48f6-a91d-27ab83015874-1430737177322-1.7-f-72-hu.wav
269,hungry,9fe37482-6a64-401d-b8b9-3e47d6ed9ac0-1430047373513-1.7-f-26-hu.wav,C:\Users\Lenovo\Desktop\Mindcloud\Final project\ML model\initial\hungry\9fe37482-6a64-401d-b8b9-3e47d6ed9ac0-1430047373513-1.7-f-26-hu.wav
62,hungry,19aae3d1-51c6-4ffb-aeb8-efb6ae7ba83e-1436861395462-1.7-m-48-hu.wav,C:\Users\Lenovo\Desktop\Mindcloud\Final project\ML model\initial\hungry\19aae3d1-51c6-4ffb-aeb8-efb6ae7ba83e-1436861395462-1.7-m-48-hu.wav
180,hungry,6bd76f21-f279-4c46-9453-58c95e7b2475-1430767927715-1.7-m-72-hu.wav,C:\Users\Lenovo\Desktop\Mindcloud\Final project\ML model\initial\hungry\6bd76f21-f279-4c46-9453-58c95e7b2475-1430767927715-1.7-m-72-hu.wav
426,tired,cecd525b-18fd-49e3-b2b9-dfb08b93ad95-1430110029205-1.7-m-26-ti.wav,C:\Users\Lenovo\Desktop\Mindcloud\Final project\ML model\initial\tired\cecd525b-18fd-49e3-b2b9-dfb08b93ad95-1430110029205-1.7-m-26-ti.wav
126,hungry,40a4c760-facf-4911-b0a6-22eccc3ab18d-1430477756469-1.7-f-26-hu.wav,C:\Users\Lenovo\Desktop\Mindcloud\Final project\ML model\initial\hungry\40a4c760-facf-4911-b0a6-22eccc3ab18d-1430477756469-1.7-f-26-hu.wav
166,hungry,602b06a7-31f0-4370-b35a-9cc81d205958-1430739585531-1.7-m-04-hu.wav,C:\Users\Lenovo\Desktop\Mindcloud\Final project\ML model\initial\hungry\602b06a7-31f0-4370-b35a-9cc81d205958-1430739585531-1.7-m-04-hu.wav
187,hungry,719bb382-a592-46b7-82d2-8b4a625263b7-1430376483385-1.7-m-48-hu.wav,C:\Users\Lenovo\Desktop\Mindcloud\Final project\ML model\initial\hungry\719bb382-a592-46b7-82d2-8b4a625263b7-1430376483385-1.7-m-48-hu.wav
104,hungry,3941D08C-5A97-48A4-8830-091D878137F6-1430099826-1.0-m-72-hu.wav,C:\Users\Lenovo\Desktop\Mindcloud\Final project\ML model\initial\hungry\3941D08C-5A97-48A4-8830-091D878137F6-1430099826-1.0-m-72-hu.wav
223,hungry,85FAB169-4DCC-406D-AC93-2F6A8D797DAB-1437632141-1.1-m-04-hu.wav,C:\Users\Lenovo\Desktop\Mindcloud\Final project\ML model\initial\hungry\85FAB169-4DCC-406D-AC93-2F6A8D797DAB-1437632141-1.1-m-04-hu.wav
30,hungry,03abcb8f-400a-47d8-ad82-7e4586cc06be-1431864192133-1.7-f-48-hu.wav,C:\Users\Lenovo\Desktop\Mindcloud\Final project\ML model\initial\hungry\03abcb8f-400a-47d8-ad82-7e4586cc06be-1431864192133-1.7-f-48-hu.wav
240,hungry,8f4dbf5a-b504-4452-b6ac-94e646a6a052-1430729451597-1.7-f-72-hu.wav,C:\Users\Lenovo\Desktop\Mindcloud\Final project\ML model\initial\hungry\8f4dbf5a-b504-4452-b6ac-94e646a6a052-1430729451597-1.7-f-72-hu.wav
275,hungry,A123AD65-38D3-4A65-AB37-330034765840-1430093726-1.0-m-04-hu.wav,C:\Users\Lenovo\Desktop\Mindcloud\Final project\ML model\initial\hungry\A123AD65-38D3-4A65-AB37-330034765840-1430093726-1.0-m-04-hu.wav
382,hungry,F2F97740-D638-4B6F-9E09-3AC65F06B448-1436849335-1.1-f-48-hu.wav,C:\Users\Lenovo\Desktop\Mindcloud\Final project\ML model\initial\hungry\F2F97740-D638-4B6F-9E09-3AC65F06B448-1436849335-1.1-f-48-hu.wav
267,hungry,9CFD61B9-BF13-406D-8B2F-F73CFAAF25CB-1430927741-1.0-f-04-hu.wav,C:\Users\Lenovo\Desktop\Mindcloud\Final project\ML model\initial\hungry\9CFD61B9-BF13-406D-8B2F-F73CFAAF25CB-1430927741-1.0-f-04-hu.wav
114,hungry,3c0b4e07-33ec-4d68-a6b2-5f5dcb8cff8e-1430070829977-1.7-m-26-hu.wav,C:\Users\Lenovo\Desktop\Mindcloud\Final project\ML model\initial\hungry\3c0b4e07-33ec-4d68-a6b2-5f5dcb8cff8e-1430070829977-1.7-m-26-hu.wav
229,hungry,89964233-cbdb-4f34-a819-5f4b5ce3f5f5-1430049868816-1.7-f-04-hu.wav,C:\Users\Lenovo\Desktop\Mindcloud\Final project\ML model\initial\hungry\89964233-cbdb-4f34-a819-5f4b5ce3f5f5-1430049868816-1.7-f-04-hu.wav
345,hungry,d6cda191-4962-4308-9a36-46d5648a95ed-1428333797380-1.5-f-26-hu.wav,C:\Users\Lenovo\Desktop\Mindcloud\Final project\ML model\initial\hungry\d6cda191-4962-4308-9a36-46d5648a95ed-1428333797380-1.5-f-26-hu.wav
153,hungry,549a46d8-9c84-430e-ade8-97eae2bef787-1430130702316-1.7-m-48-hu.wav,C:\Users\Lenovo\Desktop\Mindcloud\Final project\ML model\initial\hungry\549a46d8-9c84-430e-ade8-97eae2bef787-1430130702316-1.7-m-48-hu.wav
156,hungry,5728DDD6-149B-412F-A14B-C29B9B5E415F-1432635035-1.0-m-26-hu.wav,C:\Users\Lenovo\Desktop\Mindcloud\Final project\ML model\initial\hungry\5728DDD6-149B-412F-A14B-C29B9B5E415F-1432635035-1.0-m-26-hu.wav
305,hungry,B400D2D0-9FCE-472E-A152-1FF349B9B407-1436845915-1.1-m-04-hu.wav,C:\Users\Lenovo\Desktop\Mindcloud\Final project\ML model\initial\hungry\B400D2D0-9FCE-472E-A152-1FF349B9B407-1436845915-1.1-m-04-hu.wav
74,hungry,2439388A-9CF2-4D3B-9534-E6951FC9EAD4-1436877944-1.1-m-26-hu.wav,C:\Users\Lenovo\Desktop\Mindcloud\Final project\ML model\initial\hungry\2439388A-9CF2-4D3B-9534-E6951FC9EAD4-1436877944-1.1-m-26-hu.wav
141,hungry,4cefc13c-e7c0-4b5a-bddb-c40c103e640a-1431583470764-1.7-f-26-hu.wav,C:\Users\Lenovo\Desktop\Mindcloud\Final project\ML model\initial\hungry\4cefc13c-e7c0-4b5a-bddb-c40c103e640a-1431583470764-1.7-f-26-hu.wav
54,hungry,1259bcad-2308-46fa-9a36-b5d8f359886a-1430143644843-1.7-f-04-hu.wav,C:\Users\Lenovo\Desktop\Mindcloud\Final project\ML model\initial\hungry\1259bcad-2308-46fa-9a36-b5d8f359886a-1430143644843-1.7-f-04-hu.wav
133,hungry,46002244-7304-45DC-BF69-B6EC2BB25009-1436902364-1.1-f-48-hu.wav,C:\Users\Lenovo\Desktop\Mindcloud\Final project\ML model\initial\hungry\46002244-7304-45DC-BF69-B6EC2BB25009-1436902364-1.1-f-48-hu.wav
73,hungry,2439388A-9CF2-4D3B-9534-E6951FC9EAD4-1436877933-1.1-m-26-hu.wav,C:\Users\Lenovo\Desktop\Mindcloud\Final project\ML model\initial\hungry\2439388A-9CF2-4D3B-9534-E6951FC9EAD4-1436877933-1.1-m-26-hu.wav
131,hungry,459c3f85-5710-4efa-bcc9-8012aa1af55e-1430034880215-1.7-f-48-hu.wav,C:\Users\Lenovo\Desktop\Mindcloud\Final project\ML model\initial\hungry\459c3f85-5710-4efa-bcc9-8012aa1af55e-1430034880215-1.7-f-48-hu.wav
102,hungry,39180491-e076-4300-b5de-24e812dca6fe-1435708371348-1.7-f-04-hu.wav,C:\Users\Lenovo\Desktop\Mindcloud\Final project\ML model\initial\hungry\39180491-e076-4300-b5de-24e812dca6fe-1435708371348-1.7-f-04-hu.wav
68,hungry,218e6fd7-f9c5-4490-afd7-c4fba174e7d2-1430209174300-1.7-m-72-hu.wav,C:\Users\Lenovo\Desktop\Mindcloud\Final project\ML model\initial\hungry\218e6fd7-f9c5-4490-afd7-c4fba174e7d2-1430209174300-1.7-m-72-hu.wav
64,hungry,1b381a1e-88a6-4a48-b889-a5ccdf0aacaf-1430299568333-1.7-f-72-hu.wav,C:\Users\Lenovo\Desktop\Mindcloud\Final project\ML model\initial\hungry\1b381a1e-88a6-4a48-b889-a5ccdf0aacaf-1430299568333-1.7-f-72-hu.wav
60,hungry,177dc72e-d0f8-47ef-a5a7-3b46878e11a0-1430736549614-1.7-f-26-hu.wav,C:\Users\Lenovo\Desktop\Mindcloud\Final project\ML model\initial\hungry\177dc72e-d0f8-47ef-a5a7-3b46878e11a0-1430736549614-1.7-f-26-hu.wav
123,hungry,40a4c760-facf-4911-b0a6-22eccc3ab18d-1430477691332-1.7-f-26-hu.wav,C:\Users\Lenovo\Desktop\Mindcloud\Final project\ML model\initial\hungry\40a4c760-facf-4911-b0a6-22eccc3ab18d-1430477691332-1.7-f-26-hu.wav
12,discomfort,7b0e160e-0505-459e-8ecb-304d7afae9d2-1437486974312-1.7-m-04-dc.wav,C:\Users\Lenovo\Desktop\Mindcloud\Final project\ML model\initial\discomfort\7b0e160e-0505-459e-8ecb-304d7afae9d2-1437486974312-1.7-m-04-dc.wav
420,tired,B2AABCE0-1F62-4B57-B58A-308959ABDFE7-1437188766-1.1-m-26-ti.wav,C:\Users\Lenovo\Desktop\Mindcloud\Final project\ML model\initial\tired\B2AABCE0-1F62-4B57-B58A-308959ABDFE7-1437188766-1.1-m-26-ti.wav
339,hungry,d1e236a0-e030-4137-9030-5625026cd098-1430477951092-1.2-m-04-hu.wav,C:\Users\Lenovo\Desktop\Mindcloud\Final project\ML model\initial\hungry\d1e236a0-e030-4137-9030-5625026cd098-1430477951092-1.2-m-04-hu.wav
417,tired,7A22229D-06C2-4AAA-9674-DE5DF1906B3A-1436891944-1.1-m-72-ti.wav,C:\Users\Lenovo\Desktop\Mindcloud\Final project\ML model\initial\tired\7A22229D-06C2-4AAA-9674-DE5DF1906B3A-1436891944-1.1-m-72-ti.wav
215,hungry,7fd72d70-07c4-40a0-85e9-c91df9bdefb2-1430994916704-1.7-f-04-hu.wav,C:\Users\Lenovo\Desktop\Mindcloud\Final project\ML model\initial\hungry\7fd72d70-07c4-40a0-85e9-c91df9bdefb2-1430994916704-1.7-f-04-hu.wav
309,hungry,b8fe4527-5e46-437f-897d-be32112bc1c8-1430166086647-1.7-f-48-hu.wav,C:\Users\Lenovo\Desktop\Mindcloud\Final project\ML model\initial\hungry\b8fe4527-5e46-437f-897d-be32112bc1c8-1430166086647-1.7-f-48-hu.wav
271,hungry,9fe37482-6a64-401d-b8b9-3e47d6ed9ac0-1430047590938-1.7-f-26-hu.wav,C:\Users\Lenovo\Desktop\Mindcloud\Final project\ML model\initial\hungry\9fe37482-6a64-401d-b8b9-3e47d6ed9ac0-1430047590938-1.7-f-26-hu.wav
23,discomfort,d6cda191-4962-4308-9a36-46d5648a95ed-1431086262776-1.7-m-04-ch.wav,C:\Users\Lenovo\Desktop\Mindcloud\Final project\ML model\initial\discomfort\d6cda191-4962-4308-9a36-46d5648a95ed-1431086262776-1.7-m-04-ch.wav
389,hungry,F4A65A98-ADEE-49C4-9B45-65A8429DF170-1430232330-1.0-m-72-hu.wav,C:\Users\Lenovo\Desktop\Mindcloud\Final project\ML model\initial\hungry\F4A65A98-ADEE-49C4-9B45-65A8429DF170-1430232330-1.0-m-72-hu.wav
344,hungry,D54D9C2A-56ED-4338-9D1F-2ADB4E081DAD-1430036301-1.0-m-48-hu.wav,C:\Users\Lenovo\Desktop\Mindcloud\Final project\ML model\initial\hungry\D54D9C2A-56ED-4338-9D1F-2ADB4E081DAD-1430036301-1.0-m-48-hu.wav
391,hungry,F6C6D3EE-F139-48A4-9EAC-0A50EB011CDC-1430103957-1.0-m-04-hu.wav,C:\Users\Lenovo\Desktop\Mindcloud\Final project\ML model\initial\hungry\F6C6D3EE-F139-48A4-9EAC-0A50EB011CDC-1430103957-1.0-m-04-hu.wav
398,hungry,F95D4BCE-2FB0-4A0C-A058-BFB0674539AF-1430055809-1.0-m-26-hu.wav,C:\Users\Lenovo\Desktop\Mindcloud\Final project\ML model\initial\hungry\F95D4BCE-2FB0-4A0C-A058-BFB0674539AF-1430055809-1.0-m-26-hu.wav
148,hungry,52dfc27a-fbc4-4d9f-bbcf-6406c919324a-1430041657947-1.7-m-26-hu.wav,C:\Users\Lenovo\Desktop\Mindcloud\Final project\ML model\initial\hungry\52dfc27a-fbc4-4d9f-bbcf-6406c919324a-1430041657947-1.7-m-26-hu.wav
98,hungry,36f1b3ec-3d2a-470e-af6f-0a8cc11b2723-1430237012976-1.7-m-04-hu.wav,C:\Users\Lenovo\Desktop\Mindcloud\Final project\ML model\initial\hungry\36f1b3ec-3d2a-470e-af6f-0a8cc11b2723-1430237012976-1.7-m-04-hu.wav
328,hungry,c6fd9d60-0fa7-44c0-b3ce-0192527d7b81-1430068167526-1.7-m-72-hu.wav,C:\Users\Lenovo\Desktop\Mindcloud\Final project\ML model\initial\hungry\c6fd9d60-0fa7-44c0-b3ce-0192527d7b81-1430068167526-1.7-m-72-hu.wav
163,hungry,5E01DC60-1DE3-4AF9-A661-7F649EAE457D-1430141106-1.0-m-26-hu.wav,C:\Users\Lenovo\Desktop\Mindcloud\Final project\ML model\initial\hungry\5E01DC60-1DE3-4AF9-A661-7F649EAE457D-1430141106-1.0-m-26-hu.wav
3,discomfort,1309B82C-F146-46F0-A723-45345AFA6EA8-1430704008-1.0-f-48-dc.wav,C:\Users\Lenovo\Desktop\Mindcloud\Final project\ML model\initial\discomfort\1309B82C-F146-46F0-A723-45345AFA6EA8-1430704008-1.0-f-48-dc.wav
250,hungry,9090c7a3-bebc-4485-aafc-64e4298da3ac-1430088396663-1.7-f-26-hu.wav,C:\Users\Lenovo\Desktop\Mindcloud\Final project\ML model\initial\hungry\9090c7a3-bebc-4485-aafc-64e4298da3ac-1430088396663-1.7-f-26-hu.wav
273,hungry,A123AD65-38D3-4A65-AB37-330034765840-1430093699-1.0-m-04-hu.wav,C:\Users\Lenovo\Desktop\Mindcloud\Final project\ML model\initial\hungry\A123AD65-38D3-4A65-AB37-330034765840-1430093699-1.0-m-04-hu.wav
383,hungry,F3BAEDDA-CDC0-4A65-90EE-5C372CEE4F3B-1437012044-1.1-m-26-hu.wav,C:\Users\Lenovo\Desktop\Mindcloud\Final project\ML model\initial\hungry\F3BAEDDA-CDC0-4A65-90EE-5C372CEE4F3B-1437012044-1.1-m-26-hu.wav
408,hungry,FF482278-24C9-4FB0-A7BE-FD92D1FE17B4-1430028319-1.0-m-26-hu.wav,C:\Users\Lenovo\Desktop\Mindcloud\Final project\ML model\initial\hungry\FF482278-24C9-4FB0-A7BE-FD92D1FE17B4-1430028319-1.0-m-26-hu.wav
283,hungry,aaa57dbd-7b88-454a-963e-6faa2f4ed4e7-1436910235521-1.7-f-04-hu.wav,C:\Users\Lenovo\Desktop\Mindcloud\Final project\ML model\initial\hungry\aaa57dbd-7b88-454a-963e-6faa2f4ed4e7-1436910235521-1.7-f-04-hu.wav
5,discomfort,1309B82C-F146-46F0-A723-45345AFA6EA8-1432801703-1.1-f-26-dc.wav,C:\Users\Lenovo\Desktop\Mindcloud\Final project\ML model\initial\discomfort\1309B82C-F146-46F0-A723-45345AFA6EA8-1432801703-1.1-f-26-dc.wav
108,hungry,3bb2445a-9ae9-4dc8-9a2e-86c696ffa405-1430123758633-1.7-m-26-hu.wav,C:\Users\Lenovo\Desktop\Mindcloud\Final project\ML model\initial\hungry\3bb2445a-9ae9-4dc8-9a2e-86c696ffa405-1430123758633-1.7-m-26-hu.wav
208,hungry,7CF37029-1040-40B8-ACC9-7E6E5C03AF9B-1429808939-1.0-m-72-hu.wav,C:\Users\Lenovo\Desktop\Mindcloud\Final project\ML model\initial\hungry\7CF37029-1040-40B8-ACC9-7E6E5C03AF9B-1429808939-1.0-m-72-hu.wav
325,hungry,c6fd9d60-0fa7-44c0-b3ce-0192527d7b81-1430038968282-1.7-m-04-hu.wav,C:\Users\Lenovo\Desktop\Mindcloud\Final project\ML model\initial\hungry\c6fd9d60-0fa7-44c0-b3ce-0192527d7b81-1430038968282-1.7-m-04-hu.wav
184,hungry,70d30513-0ec3-49e4-9976-e85785e85c2d-1431033390358-1.7-m-04-hu.wav,C:\Users\Lenovo\Desktop\Mindcloud\Final project\ML model\initial\hungry\70d30513-0ec3-49e4-9976-e85785e85c2d-1431033390358-1.7-m-04-hu.wav
375,hungry,edb5924c-07ba-4eaa-838b-aaf9511a219b-1431894189631-1.7-m-48-hu.wav,C:\Users\Lenovo\Desktop\Mindcloud\Final project\ML model\initial\hungry\edb5924c-07ba-4eaa-838b-aaf9511a219b-1431894189631-1.7-m-48-hu.wav
288,hungry,aaa57dbd-7b88-454a-963e-6faa2f4ed4e7-1437166513710-1.7-f-04-hu.wav,C:\Users\Lenovo\Desktop\Mindcloud\Final project\ML model\initial\hungry\aaa57dbd-7b88-454a-963e-6faa2f4ed4e7-1437166513710-1.7-f-04-hu.wav
368,hungry,e4051e62-d21d-4bb8-a235-fd7e859ad787-1430740613780-1.7-f-72-hu.wav,C:\Users\Lenovo\Desktop\Mindcloud\Final project\ML model\initial\hungry\e4051e62-d21d-4bb8-a235-fd7e859ad787-1430740613780-1.7-f-72-hu.wav
197,hungry,7A22229D-06C2-4AAA-9674-DE5DF1906B3A-1436891933-1.1-m-72-hu.wav,C:\Users\Lenovo\Desktop\Mindcloud\Final project\ML model\initial\hungry\7A22229D-06C2-4AAA-9674-DE5DF1906B3A-1436891933-1.1-m-72-hu.wav
392,hungry,F6C6D3EE-F139-48A4-9EAC-0A50EB011CDC-1430103974-1.0-m-04-hu.wav,C:\Users\Lenovo\Desktop\Mindcloud\Final project\ML model\initial\hungry\F6C6D3EE-F139-48A4-9EAC-0A50EB011CDC-1430103974-1.0-m-04-hu.wav
359,hungry,e0717ce2-da25-417c-89a5-58d7175f4a6d-1436966513203-1.7-m-26-hu.wav,C:\Users\Lenovo\Desktop\Mindcloud\Final project\ML model\initial\hungry\e0717ce2-da25-417c-89a5-58d7175f4a6d-1436966513203-1.7-m-26-hu.wav
348,hungry,d6cda191-4962-4308-9a36-46d5648a95ed-1431882043380-1.7-m-04-hu.wav,C:\Users\Lenovo\Desktop\Mindcloud\Final project\ML model\initial\hungry\d6cda191-4962-4308-9a36-46d5648a95ed-1431882043380-1.7-m-04-hu.wav
356,hungry,dc5429de-26b4-48e2-bc47-bc607b9bba06-1430741828918-1.7-f-72-hu.wav,C:\Users\Lenovo\Desktop\Mindcloud\Final project\ML model\initial\hungry\dc5429de-26b4-48e2-bc47-bc607b9bba06-1430741828918-1.7-f-72-hu.wav
210,hungry,7e3de9b8-2be5-473f-b8c3-c2657f1317bb-1430006339251-1.7-f-04-hu.wav,C:\Users\Lenovo\Desktop\Mindcloud\Final project\ML model\initial\hungry\7e3de9b8-2be5-473f-b8c3-c2657f1317bb-1430006339251-1.7-f-04-hu.wav
414,tired,1309B82C-F146-46F0-A723-45345AFA6EA8-1431172241-1.0-f-48-ti.wav,C:\Users\Lenovo\Desktop\Mindcloud\Final project\ML model\initial\tired\1309B82C-F146-46F0-A723-45345AFA6EA8-1431172241-1.0-f-48-ti.wav
272,hungry,A123AD65-38D3-4A65-AB37-330034765840-1430093687-1.0-m-04-hu.wav,C:\Users\Lenovo\Desktop\Mindcloud\Final project\ML model\initial\hungry\A123AD65-38D3-4A65-AB37-330034765840-1430093687-1.0-m-04-hu.wav
395,hungry,f896b69d-6241-4b51-9c45-0d628bc827c1-1430090400166-1.7-m-72-hu.wav,C:\Users\Lenovo\Desktop\Mindcloud\Final project\ML model\initial\hungry\f896b69d-6241-4b51-9c45-0d628bc827c1-1430090400166-1.7-m-72-hu.wav
152,hungry,549a46d8-9c84-430e-ade8-97eae2bef787-1430130686288-1.7-m-48-hu.wav,C:\Users\Lenovo\Desktop\Mindcloud\Final project\ML model\initial\hungry\549a46d8-9c84-430e-ade8-97eae2bef787-1430130686288-1.7-m-48-hu.wav
109,hungry,3bb2445a-9ae9-4dc8-9a2e-86c696ffa405-1430124221551-1.7-m-26-hu.wav,C:\Users\Lenovo\Desktop\Mindcloud\Final project\ML model\initial\hungry\3bb2445a-9ae9-4dc8-9a2e-86c696ffa405-1430124221551-1.7-m-26-hu.wav
90,hungry,3030d0e9-0c9b-4616-9b83-f10dc2dedbfd-1430053456045-1.7-m-26-hu.wav,C:\Users\Lenovo\Desktop\Mindcloud\Final project\ML model\initial\hungry\3030d0e9-0c9b-4616-9b83-f10dc2dedbfd-1430053456045-1.7-m-26-hu.wav
119,hungry,3DF341FA-E90B-4335-A51A-A9B0769150CE-1436859328-1.1-m-04-hu.wav,C:\Users\Lenovo\Desktop\Mindcloud\Final project\ML model\initial\hungry\3DF341FA-E90B-4335-A51A-A9B0769150CE-1436859328-1.1-m-04-hu.wav
135,hungry,4be720ce-a5e5-4a48-930f-a212f8a239f6-1434737694572-1.7-f-48-hu.wav,C:\Users\Lenovo\Desktop\Mindcloud\Final project\ML model\initial\hungry\4be720ce-a5e5-4a48-930f-a212f8a239f6-1434737694572-1.7-f-48-hu.wav
284,hungry,aaa57dbd-7b88-454a-963e-6faa2f4ed4e7-1436982066128-1.7-f-04-hu.wav,C:\Users\Lenovo\Desktop\Mindcloud\Final project\ML model\initial\hungry\aaa57dbd-7b88-454a-963e-6faa2f4ed4e7-1436982066128-1.7-f-04-hu.wav
56,hungry,1309B82C-F146-46F0-A723-45345AFA6EA8-1430059849-1.0-f-04-hu.wav,C:\Users\Lenovo\Desktop\Mindcloud\Final project\ML model\initial\hungry\1309B82C-F146-46F0-A723-45345AFA6EA8-1430059849-1.0-f-04-hu.wav
335,hungry,cecd525b-18fd-49e3-b2b9-dfb08b93ad95-1430109958636-1.7-m-26-hu.wav,C:\Users\Lenovo\Desktop\Mindcloud\Final project\ML model\initial\hungry\cecd525b-18fd-49e3-b2b9-dfb08b93ad95-1430109958636-1.7-m-26-hu.wav
147,hungry,52dfc27a-fbc4-4d9f-bbcf-6406c919324a-1430041644396-1.7-m-26-hu.wav,C:\Users\Lenovo\Desktop\Mindcloud\Final project\ML model\initial\hungry\52dfc27a-fbc4-4d9f-bbcf-6406c919324a-1430041644396-1.7-m-26-hu.wav
51,hungry,10A40438-09AA-4A21-83B4-8119F03F7A11-1430925172-1.0-f-26-hu.wav,C:\Users\Lenovo\Desktop\Mindcloud\Final project\ML model\initial\hungry\10A40438-09AA-4A21-83B4-8119F03F7A11-1430925172-1.0-f-26-hu.wav
352,hungry,D833237F-1F7C-4338-BEDE-84C0CF5F4145-1430084007-1.0-f-26-hu.wav,C:\Users\Lenovo\Desktop\Mindcloud\Final project\ML model\initial\hungry\D833237F-1F7C-4338-BEDE-84C0CF5F4145-1430084007-1.0-f-26-hu.wav
314,hungry,be21ef2a-a415-4e8b-bfe6-731bf9956e2c-1431320909516-1.7-f-26-hu.wav,C:\Users\Lenovo\Desktop\Mindcloud\Final project\ML model\initial\hungry\be21ef2a-a415-4e8b-bfe6-731bf9956e2c-1431320909516-1.7-f-26-hu.wav
293,hungry,AE02C934-F4E5-4C73-818D-56AA6887EC18-1430279441-1.0-m-26-hu.wav,C:\Users\Lenovo\Desktop\Mindcloud\Final project\ML model\initial\hungry\AE02C934-F4E5-4C73-818D-56AA6887EC18-1430279441-1.0-m-26-hu.wav
181,hungry,6d922623-8424-4625-be4c-4964e0c9e25c-1434898452774-1.7-m-04-hu.wav,C:\Users\Lenovo\Desktop\Mindcloud\Final project\ML model\initial\hungry\6d922623-8424-4625-be4c-4964e0c9e25c-1434898452774-1.7-m-04-hu.wav
351,hungry,D833237F-1F7C-4338-BEDE-84C0CF5F4145-1430083995-1.0-f-26-hu.wav,C:\Users\Lenovo\Desktop\Mindcloud\Final project\ML model\initial\hungry\D833237F-1F7C-4338-BEDE-84C0CF5F4145-1430083995-1.0-f-26-hu.wav
4,discomfort,1309B82C-F146-46F0-A723-45345AFA6EA8-1432801693-1.1-f-26-dc.wav,C:\Users\Lenovo\Desktop\Mindcloud\Final project\ML model\initial\discomfort\1309B82C-F146-46F0-A723-45345AFA6EA8-1432801693-1.1-f-26-dc.wav
265,hungry,9CFD61B9-BF13-406D-8B2F-F73CFAAF25CB-1430927716-1.0-f-04-hu.wav,C:\Users\Lenovo\Desktop\Mindcloud\Final project\ML model\initial\hungry\9CFD61B9-BF13-406D-8B2F-F73CFAAF25CB-1430927716-1.0-f-04-hu.wav
340,hungry,d1e236a0-e030-4137-9030-5625026cd098-1430477960643-1.2-m-04-hu.wav,C:\Users\Lenovo\Desktop\Mindcloud\Final project\ML model\initial\hungry\d1e236a0-e030-4137-9030-5625026cd098-1430477960643-1.2-m-04-hu.wav
326,hungry,c6fd9d60-0fa7-44c0-b3ce-0192527d7b81-1430066825817-1.7-m-72-hu.wav,C:\Users\Lenovo\Desktop\Mindcloud\Final project\ML model\initial\hungry\c6fd9d60-0fa7-44c0-b3ce-0192527d7b81-1430066825817-1.7-m-72-hu.wav
285,hungry,aaa57dbd-7b88-454a-963e-6faa2f4ed4e7-1436982075169-1.7-f-04-hu.wav,C:\Users\Lenovo\Desktop\Mindcloud\Final project\ML model\initial\hungry\aaa57dbd-7b88-454a-963e-6faa2f4ed4e7-1436982075169-1.7-f-04-hu.wav
387,hungry,F4A0C710-AC2D-42E0-8EA9-3E4CAC31EE20-1430318400-1.0-m-04-hu.wav,C:\Users\Lenovo\Desktop\Mindcloud\Final project\ML model\initial\hungry\F4A0C710-AC2D-42E0-8EA9-3E4CAC31EE20-1430318400-1.0-m-04-hu.wav
32,hungry,04c3386b-e6bc-4bd0-8456-d46ae21a73fc-1435305829013-1.7-f-26-hu.wav,C:\Users\Lenovo\Desktop\Mindcloud\Final project\ML model\initial\hungry\04c3386b-e6bc-4bd0-8456-d46ae21a73fc-1435305829013-1.7-f-26-hu.wav
177,hungry,67414C5E-0EB2-48FD-8391-FCF085FDB6D9-1430050964-1.0-m-04-hu.wav,C:\Users\Lenovo\Desktop\Mindcloud\Final project\ML model\initial\hungry\67414C5E-0EB2-48FD-8391-FCF085FDB6D9-1430050964-1.0-m-04-hu.wav
159,hungry,5afc6a14-a9d8-45f8-b31d-c79dd87cc8c6-1430757081034-1.7-m-48-hu.wav,C:\Users\Lenovo\Desktop\Mindcloud\Final project\ML model\initial\hungry\5afc6a14-a9d8-45f8-b31d-c79dd87cc8c6-1430757081034-1.7-m-48-hu.wav
172,hungry,64acb345-a61e-4ef3-a5a6-cf83c04b83f1-1430058973897-1.7-m-72-hu.wav,C:\Users\Lenovo\Desktop\Mindcloud\Final project\ML model\initial\hungry\64acb345-a61e-4ef3-a5a6-cf83c04b83f1-1430058973897-1.7-m-72-hu.wav
308,hungry,b5044f9a-6f2e-44fc-8e04-9076a988acf2-1435544527174-1.7-m-04-hu.wav,C:\Users\Lenovo\Desktop\Mindcloud\Final project\ML model\initial\hungry\b5044f9a-6f2e-44fc-8e04-9076a988acf2-1435544527174-1.7-m-04-hu.wav
200,hungry,7A864194-4B6B-4850-ABBF-0C2A8170107B-1436846870-1.1-f-26-hu.wav,C:\Users\Lenovo\Desktop\Mindcloud\Final project\ML model\initial\hungry\7A864194-4B6B-4850-ABBF-0C2A8170107B-1436846870-1.1-f-26-hu.wav
146,hungry,50DC5FBC-AC95-44F2-B55F-E4E5FB03AC96-1430108024-1.0-m-26-hu.wav,C:\Users\Lenovo\Desktop\Mindcloud\Final project\ML model\initial\hungry\50DC5FBC-AC95-44F2-B55F-E4E5FB03AC96-1430108024-1.0-m-26-hu.wav
259,hungry,999bf14b-e417-4b44-b746-9253f81efe38-1431013054417-1.7-m-26-hu.wav,C:\Users\Lenovo\Desktop\Mindcloud\Final project\ML model\initial\hungry\999bf14b-e417-4b44-b746-9253f81efe38-1431013054417-1.7-m-26-hu.wav
419,tired,B2AABCE0-1F62-4B57-B58A-308959ABDFE7-1437188751-1.1-m-26-ti.wav,C:\Users\Lenovo\Desktop\Mindcloud\Final project\ML model\initial\tired\B2AABCE0-1F62-4B57-B58A-308959ABDFE7-1437188751-1.1-m-26-ti.wav
331,hungry,CC8771B1-C84E-4223-A010-029A7629A975-1434107299-1.1-f-04-hu.wav,C:\Users\Lenovo\Desktop\Mindcloud\Final project\ML model\initial\hungry\CC8771B1-C84E-4223-A010-029A7629A975-1434107299-1.1-f-04-hu.wav
22,discomfort,d6cda191-4962-4308-9a36-46d5648a95ed-1426942891562-1.4-f-48-dc.wav,C:\Users\Lenovo\Desktop\Mindcloud\Final project\ML model\initial\discomfort\d6cda191-4962-4308-9a36-46d5648a95ed-1426942891562-1.4-f-48-dc.wav
21,discomfort,D1CB71F9-EF76-49B3-A703-41D557444D21-1436863419-1.1-f-26-dc.wav,C:\Users\Lenovo\Desktop\Mindcloud\Final project\ML model\initial\discomfort\D1CB71F9-EF76-49B3-A703-41D557444D21-1436863419-1.1-f-26-dc.wav
29,hungry,035c6b30-a145-42b9-8d0f-445cd9003d2c-1435948197257-1.7-m-04-hu.wav,C:\Users\Lenovo\Desktop\Mindcloud\Final project\ML model\initial\hungry\035c6b30-a145-42b9-8d0f-445cd9003d2c-1435948197257-1.7-m-04-hu.wav
409,tired,03ADDCFB-354E-416D-BF32-260CF47F7060-1433658024-1.1-f-04-ti.wav,C:\Users\Lenovo\Desktop\Mindcloud\Final project\ML model\initial\tired\03ADDCFB-354E-416D-BF32-260CF47F7060-1433658024-1.1-f-04-ti.wav
307,hungry,b4c460d8-bd6b-4017-9bb8-2ae4ff0c5af1-1432751065608-1.7-f-26-hu.wav,C:\Users\Lenovo\Desktop\Mindcloud\Final project\ML model\initial\hungry\b4c460d8-bd6b-4017-9bb8-2ae4ff0c5af1-1432751065608-1.7-f-26-hu.wav
31,hungry,045C5483-69E1-4BEC-B1D8-9286D174B9B2-1430102996-1.0-m-04-hu.wav,C:\Users\Lenovo\Desktop\Mindcloud\Final project\ML model\initial\hungry\045C5483-69E1-4BEC-B1D8-9286D174B9B2-1430102996-1.0-m-04-hu.wav
381,hungry,F2F97740-D638-4B6F-9E09-3AC65F06B448-1436849313-1.1-f-48-hu.wav,C:\Users\Lenovo\Desktop\Mindcloud\Final project\ML model\initial\hungry\F2F97740-D638-4B6F-9E09-3AC65F06B448-1436849313-1.1-f-48-hu.wav
37,hungry,090C15A8-5406-4EA5-97A3-81F6527227C0-1430147525-1.0-m-72-hu.wav,C:\Users\Lenovo\Desktop\Mindcloud\Final project\ML model\initial\hungry\090C15A8-5406-4EA5-97A3-81F6527227C0-1430147525-1.0-m-72-hu.wav
432,tired,eea17285-4ab9-4d34-a2f5-55fc8c866ac6-1431887695278-1.7-f-26-ti.wav,C:\Users\Lenovo\Desktop\Mindcloud\Final project\ML model\initial\tired\eea17285-4ab9-4d34-a2f5-55fc8c866ac6-1431887695278-1.7-f-26-ti.wav
376,hungry,edb5924c-07ba-4eaa-838b-aaf9511a219b-1431899400326-1.7-m-48-hu.wav,C:\Users\Lenovo\Desktop\Mindcloud\Final project\ML model\initial\hungry\edb5924c-07ba-4eaa-838b-aaf9511a219b-1431899400326-1.7-m-48-hu.wav
178,hungry,69374818-7b73-48ac-8200-e6a225e293fb-1430746080630-1.7-m-04-hu.wav,C:\Users\Lenovo\Desktop\Mindcloud\Final project\ML model\initial\hungry\69374818-7b73-48ac-8200-e6a225e293fb-1430746080630-1.7-m-04-hu.wav
24,discomfort,d6cda191-4962-4308-9a36-46d5648a95ed-1431161889263-1.7-m-04-dc.wav,C:\Users\Lenovo\Desktop\Mindcloud\Final project\ML model\initial\discomfort\d6cda191-4962-4308-9a36-46d5648a95ed-1431161889263-1.7-m-04-dc.wav
191,hungry,743E7CCA-D32B-40B6-9541-9808122D3F6B-1436860028-1.1-f-26-hu.wav,C:\Users\Lenovo\Desktop\Mindcloud\Final project\ML model\initial\hungry\743E7CCA-D32B-40B6-9541-9808122D3F6B-1436860028-1.1-f-26-hu.wav
199,hungry,7A864194-4B6B-4850-ABBF-0C2A8170107B-1436846824-1.1-f-26-hu.wav,C:\Users\Lenovo\Desktop\Mindcloud\Final project\ML model\initial\hungry\7A864194-4B6B-4850-ABBF-0C2A8170107B-1436846824-1.1-f-26-hu.wav
236,hungry,8c920fd0-fa9f-4926-bcac-074767dcbfcd-1436856363348-1.7-f-04-hu.wav,C:\Users\Lenovo\Desktop\Mindcloud\Final project\ML model\initial\hungry\8c920fd0-fa9f-4926-bcac-074767dcbfcd-1436856363348-1.7-f-04-hu.wav
226,hungry,86c2b87a-ae7c-46a3-b6fb-7ebe748812cf-1430036593222-1.7-f-26-hu.wav,C:\Users\Lenovo\Desktop\Mindcloud\Final project\ML model\initial\hungry\86c2b87a-ae7c-46a3-b6fb-7ebe748812cf-1430036593222-1.7-f-26-hu.wav
186,hungry,719bb382-a592-46b7-82d2-8b4a625263b7-1430376267895-1.7-m-48-hu.wav,C:\Users\Lenovo\Desktop\Mindcloud\Final project\ML model\initial\hungry\719bb382-a592-46b7-82d2-8b4a625263b7-1430376267895-1.7-m-48-hu.wav
179,hungry,69374818-7b73-48ac-8200-e6a225e293fb-1430746091424-1.7-m-04-hu.wav,C:\Users\Lenovo\Desktop\Mindcloud\Final project\ML model\initial\hungry\69374818-7b73-48ac-8200-e6a225e293fb-1430746091424-1.7-m-04-hu.wav
343,hungry,D54D9C2A-56ED-4338-9D1F-2ADB4E081DAD-1430036283-1.0-m-48-hu.wav,C:\Users\Lenovo\Desktop\Mindcloud\Final project\ML model\initial\hungry\D54D9C2A-56ED-4338-9D1F-2ADB4E081DAD-1430036283-1.0-m-48-hu.wav
173,hungry,653bf718-94bd-40d0-af7c-8fe44e07640c-1430759214066-1.7-m-04-hu.wav,C:\Users\Lenovo\Desktop\Mindcloud\Final project\ML model\initial\hungry\653bf718-94bd-40d0-af7c-8fe44e07640c-1430759214066-1.7-m-04-hu.wav
95,hungry,31e785de-b0c9-464f-88e2-bd8f1dd5cda4-1433403682898-1.7-m-04-hu.wav,C:\Users\Lenovo\Desktop\Mindcloud\Final project\ML model\initial\hungry\31e785de-b0c9-464f-88e2-bd8f1dd5cda4-1433403682898-1.7-m-04-hu.wav
139,hungry,4CD5903D-E2CE-401E-B898-D873C763F44B-1430727653-1.0-m-26-hu.wav,C:\Users\Lenovo\Desktop\Mindcloud\Final project\ML model\initial\hungry\4CD5903D-E2CE-401E-B898-D873C763F44B-1430727653-1.0-m-26-hu.wav
58,hungry,177dc72e-d0f8-47ef-a5a7-3b46878e11a0-1430736358754-1.7-f-26-hu.wav,C:\Users\Lenovo\Desktop\Mindcloud\Final project\ML model\initial\hungry\177dc72e-d0f8-47ef-a5a7-3b46878e11a0-1430736358754-1.7-f-26-hu.wav
230,hungry,8b1faa77-e3ac-48af-bf2a-58aadebefcba-1436798541805-1.7-m-04-hu.wav,C:\Users\Lenovo\Desktop\Mindcloud\Final project\ML model\initial\hungry\8b1faa77-e3ac-48af-bf2a-58aadebefcba-1436798541805-1.7-m-04-hu.wav
429,tired,d6cda191-4962-4308-9a36-46d5648a95ed-1431587887997-1.7-m-04-ti.wav,C:\Users\Lenovo\Desktop\Mindcloud\Final project\ML model\initial\tired\d6cda191-4962-4308-9a36-46d5648a95ed-1431587887997-1.7-m-04-ti.wav
113,hungry,3BF71DAF-2A9E-4355-89D3-41AC37E94083-1437281306-1.1-f-26-hu.wav,C:\Users\Lenovo\Desktop\Mindcloud\Final project\ML model\initial\hungry\3BF71DAF-2A9E-4355-89D3-41AC37E94083-1437281306-1.1-f-26-hu.wav
92,hungry,3030d0e9-0c9b-4616-9b83-f10dc2dedbfd-1430053594259-1.7-m-26-hu.wav,C:\Users\Lenovo\Desktop\Mindcloud\Final project\ML model\initial\hungry\3030d0e9-0c9b-4616-9b83-f10dc2dedbfd-1430053594259-1.7-m-26-hu.wav
277,hungry,a40b9b8d-e4bc-457a-badf-f38bdbc0c358-1430016779981-1.7-m-26-hu.wav,C:\Users\Lenovo\Desktop\Mindcloud\Final project\ML model\initial\hungry\a40b9b8d-e4bc-457a-badf-f38bdbc0c358-1430016779981-1.7-m-26-hu.wav
103,hungry,3941D08C-5A97-48A4-8830-091D878137F6-1430099813-1.0-m-72-hu.wav,C:\Users\Lenovo\Desktop\Mindcloud\Final project\ML model\initial\hungry\3941D08C-5A97-48A4-8830-091D878137F6-1430099813-1.0-m-72-hu.wav
87,hungry,2EE636FB-BD76-4118-A0EF-82FAFC32301F-1436586600-1.1-f-04-hu.wav,C:\Users\Lenovo\Desktop\Mindcloud\Final project\ML model\initial\hungry\2EE636FB-BD76-4118-A0EF-82FAFC32301F-1436586600-1.1-f-04-hu.wav
394,hungry,f896b69d-6241-4b51-9c45-0d628bc827c1-1430090274181-1.7-m-04-hu.wav,C:\Users\Lenovo\Desktop\Mindcloud\Final project\ML model\initial\hungry\f896b69d-6241-4b51-9c45-0d628bc827c1-1430090274181-1.7-m-04-hu.wav
52,hungry,11417AC2-DCC9-48CD-8177-CA8665E51B2F-1436881489-1.1-m-48-hu.wav,C:\Users\Lenovo\Desktop\Mindcloud\Final project\ML model\initial\hungry\11417AC2-DCC9-48CD-8177-CA8665E51B2F-1436881489-1.1-m-48-hu.wav
321,hungry,C421C6FE-DFEE-4080-8AEA-848E7CE4756B-1430548250-1.0-f-48-hu.wav,C:\Users\Lenovo\Desktop\Mindcloud\Final project\ML model\initial\hungry\C421C6FE-DFEE-4080-8AEA-848E7CE4756B-1430548250-1.0-f-48-hu.wav
365,hungry,e37c323c-0edb-4942-be47-3cc0b2de00a1-1434392919844-1.7-f-26-hu.wav,C:\Users\Lenovo\Desktop\Mindcloud\Final project\ML model\initial\hungry\e37c323c-0edb-4942-be47-3cc0b2de00a1-1434392919844-1.7-f-26-hu.wav
364,hungry,e36730a9-d62b-4752-856f-b42feb1585df-1429975817524-1.7-m-04-hu.wav,C:\Users\Lenovo\Desktop\Mindcloud\Final project\ML model\initial\hungry\e36730a9-d62b-4752-856f-b42feb1585df-1429975817524-1.7-m-04-hu.wav
222,hungry,818A32F4-D5D8-426C-B88C-81A8154AC81A-1430093571-1.0-m-26-hu.wav,C:\Users\Lenovo\Desktop\Mindcloud\Final project\ML model\initial\hungry\818A32F4-D5D8-426C-B88C-81A8154AC81A-1430093571-1.0-m-26-hu.wav
218,hungry,80f5ab0a-16c1-4738-9209-fbdae52ff769-1430140636917-1.7-f-04-hu.wav,C:\Users\Lenovo\Desktop\Mindcloud\Final project\ML model\initial\hungry\80f5ab0a-16c1-4738-9209-fbdae52ff769-1430140636917-1.7-f-04-hu.wav
276,hungry,a40b9b8d-e4bc-457a-badf-f38bdbc0c358-1430016745385-1.7-m-04-hu.wav,C:\Users\Lenovo\Desktop\Mindcloud\Final project\ML model\initial\hungry\a40b9b8d-e4bc-457a-badf-f38bdbc0c358-1430016745385-1.7-m-04-hu.wav
255,hungry,96986c8b-9988-4c37-a0f8-e7c4269cc3ac-1431719845836-1.7-m-26-hu.wav,C:\Users\Lenovo\Desktop\Mindcloud\Final project\ML model\initial\hungry\96986c8b-9988-4c37-a0f8-e7c4269cc3ac-1431719845836-1.7-m-26-hu.wav
211,hungry,7E4B9C14-F955-4BED-9B03-7F3096A6CBFF-1430232157-1.0-f-26-hu.wav,C:\Users\Lenovo\Desktop\Mindcloud\Final project\ML model\initial\hungry\7E4B9C14-F955-4BED-9B03-7F3096A6CBFF-1430232157-1.0-f-26-hu.wav
83,hungry,2a0e6a88-b049-4f46-a3d6-d73ffae470d5-1430770161530-1.7-m-04-hu.wav,C:\Users\Lenovo\Desktop\Mindcloud\Final project\ML model\initial\hungry\2a0e6a88-b049-4f46-a3d6-d73ffae470d5-1430770161530-1.7-m-04-hu.wav
203,hungry,7b23d26e-6f97-4e8b-b520-a9fdde21ee91-1432275312750-1.7-m-48-hu.wav,C:\Users\Lenovo\Desktop\Mindcloud\Final project\ML model\initial\hungry\7b23d26e-6f97-4e8b-b520-a9fdde21ee91-1432275312750-1.7-m-48-hu.wav
377,hungry,efd13da0-d40e-48bc-b14e-dee28af4d3c6-1430728179252-1.7-m-22-hu.wav,C:\Users\Lenovo\Desktop\Mindcloud\Final project\ML model\initial\hungry\efd13da0-d40e-48bc-b14e-dee28af4d3c6-1430728179252-1.7-m-22-hu.wav
176,hungry,6639C63C-F634-489C-91B3-E3DB5930EFD5-1431370278-1.1-m-04-hu.wav,C:\Users\Lenovo\Desktop\Mindcloud\Final project\ML model\initial\hungry\6639C63C-F634-489C-91B3-E3DB5930EFD5-1431370278-1.1-m-04-hu.wav
39,hungry,090C15A8-5406-4EA5-97A3-81F6527227C0-1430147582-1.0-m-72-hu.wav,C:\Users\Lenovo\Desktop\Mindcloud\Final project\ML model\initial\hungry\090C15A8-5406-4EA5-97A3-81F6527227C0-1430147582-1.0-m-72-hu.wav
206,hungry,7B924575-21FC-462A-969E-BABB46D1CBF5-1430055234-1.0-f-72-hu.wav,C:\Users\Lenovo\Desktop\Mindcloud\Final project\ML model\initial\hungry\7B924575-21FC-462A-969E-BABB46D1CBF5-1430055234-1.0-f-72-hu.wav
8,discomfort,64acb345-a61e-4ef3-a5a6-cf83c04b83f1-1430059012473-1.7-m-72-dc.wav,C:\Users\Lenovo\Desktop\Mindcloud\Final project\ML model\initial\discomfort\64acb345-a61e-4ef3-a5a6-cf83c04b83f1-1430059012473-1.7-m-72-dc.wav
252,hungry,92d08bbe-553f-4844-85b1-15d572f06ea2-1436873183951-1.7-m-04-hu.wav,C:\Users\Lenovo\Desktop\Mindcloud\Final project\ML model\initial\hungry\92d08bbe-553f-4844-85b1-15d572f06ea2-1436873183951-1.7-m-04-hu.wav
27,hungry,02c3b725-26e4-4a2c-9336-04ddc58836d9-1430726196216-1.7-m-04-hu.wav,C:\Users\Lenovo\Desktop\Mindcloud\Final project\ML model\initial\hungry\02c3b725-26e4-4a2c-9336-04ddc58836d9-1430726196216-1.7-m-04-hu.wav
0,discomfort,discomfortae5a462b-5424-4b5b-82d5-07ccb61654ab-1431064345173-1.7-f-48-dc_pitch-2_speed0.9_noise0.01.wav,./Augcopy2/discomfortae5a462b-5424-4b5b-82d5-07ccb61654ab-1431064345173-1.7-f-48-dc_pitch-2_speed0.9_noise0.01.wav
1,discomfort,discomfortae5a462b-5424-4b5b-82d5-07ccb61654ab-1431064345173-1.7-f-48-dc_pitch-2_speed0.9_noise0.02.wav,./Augcopy2/discomfortae5a462b-5424-4b5b-82d5-07ccb61654ab-1431064345173-1.7-f-48-dc_pitch-2_speed0.9_noise0.02.wav
2,discomfort,discomfortae5a462b-5424-4b5b-82d5-07ccb61654ab-1431064345173-1.7-f-48-dc_pitch-2_speed0.9_noise0.03.wav,./Augcopy2/discomfortae5a462b-5424-4b5b-82d5-07ccb61654ab-1431064345173-1.7-f-48-dc_pitch-2_speed0.9_noise0.03.wav
3,discomfort,discomfortae5a462b-5424-4b5b-82d5-07ccb61654ab-1431064345173-1.7-f-48-dc_pitch-2_speed1.1_noise0.01.wav,./Augcopy2/discomfortae5a462b-5424-4b5b-82d5-07ccb61654ab-1431064345173-1.7-f-48-dc_pitch-2_speed1.1_noise0.01.wav
4,discomfort,discomfortae5a462b-5424-4b5b-82d5-07ccb61654ab-1431064345173-1.7-f-48-dc_pitch-2_speed1.1_noise0.02.wav,./Augcopy2/discomfortae5a462b-5424-4b5b-82d5-07ccb61654ab-1431064345173-1.7-f-48-dc_pitch-2_speed1.1_noise0.02.wav
5,discomfort,discomfortae5a462b-5424-4b5b-82d5-07ccb61654ab-1431064345173-1.7-f-48-dc_pitch-2_speed1.1_noise0.03.wav,./Augcopy2/discomfortae5a462b-5424-4b5b-82d5-07ccb61654ab-1431064345173-1.7-f-48-dc_pitch-2_speed1.1_noise0.03.wav
6,discomfort,discomfortae5a462b-5424-4b5b-82d5-07ccb61654ab-1431064345173-1.7-f-48-dc_pitch1_speed0.9_noise0.01.wav,./Augcopy2/discomfortae5a462b-5424-4b5b-82d5-07ccb61654ab-1431064345173-1.7-f-48-dc_pitch1_speed0.9_noise0.01.wav
7,discomfort,discomfortae5a462b-5424-4b5b-82d5-07ccb61654ab-1431064345173-1.7-f-48-dc_pitch1_speed0.9_noise0.02.wav,./Augcopy2/discomfortae5a462b-5424-4b5b-82d5-07ccb61654ab-1431064345173-1.7-f-48-dc_pitch1_speed0.9_noise0.02.wav
8,discomfort,discomfortae5a462b-5424-4b5b-82d5-07ccb61654ab-1431064345173-1.7-f-48-dc_pitch1_speed0.9_noise0.03.wav,./Augcopy2/discomfortae5a462b-5424-4b5b-82d5-07ccb61654ab-1431064345173-1.7-f-48-dc_pitch1_speed0.9_noise0.03.wav
9,discomfort,discomfortae5a462b-5424-4b5b-82d5-07ccb61654ab-1431064345173-1.7-f-48-dc_pitch1_speed1.1_noise0.01.wav,./Augcopy2/discomfortae5a462b-5424-4b5b-82d5-07ccb61654ab-1431064345173-1.7-f-48-dc_pitch1_speed1.1_noise0.01.wav
10,discomfort,discomfortae5a462b-5424-4b5b-82d5-07ccb61654ab-1431064345173-1.7-f-48-dc_pitch1_speed1.1_noise0.02.wav,./Augcopy2/discomfortae5a462b-5424-4b5b-82d5-07ccb61654ab-1431064345173-1.7-f-48-dc_pitch1_speed1.1_noise0.02.wav
11,discomfort,discomfortae5a462b-5424-4b5b-82d5-07ccb61654ab-1431064345173-1.7-f-48-dc_pitch1_speed1.1_noise0.03.wav,./Augcopy2/discomfortae5a462b-5424-4b5b-82d5-07ccb61654ab-1431064345173-1.7-f-48-dc_pitch1_speed1.1_noise0.03.wav
12,discomfort,discomfortae5a462b-5424-4b5b-82d5-07ccb61654ab-1431064345173-1.7-f-48-dc_pitch-1_speed0.9_noise0.01.wav,./Augcopy2/discomfortae5a462b-5424-4b5b-82d5-07ccb61654ab-1431064345173-1.7-f-48-dc_pitch-1_speed0.9_noise0.01.wav
13,discomfort,discomfortae5a462b-5424-4b5b-82d5-07ccb61654ab-1431064345173-1.7-f-48-dc_pitch-1_speed0.9_noise0.02.wav,./Augcopy2/discomfortae5a462b-5424-4b5b-82d5-07ccb61654ab-1431064345173-1.7-f-48-dc_pitch-1_speed0.9_noise0.02.wav
14,discomfort,discomfortae5a462b-5424-4b5b-82d5-07ccb61654ab-1431064345173-1.7-f-48-dc_pitch-1_speed0.9_noise0.03.wav,./Augcopy2/discomfortae5a462b-5424-4b5b-82d5-07ccb61654ab-1431064345173-1.7-f-48-dc_pitch-1_speed0.9_noise0.03.wav
15,discomfort,discomfortae5a462b-5424-4b5b-82d5-07ccb61654ab-1431064345173-1.7-f-48-dc_pitch-1_speed1.1_noise0.01.wav,./Augcopy2/discomfortae5a462b-5424-4b5b-82d5-07ccb61654ab-1431064345173-1.7-f-48-dc_pitch-1_speed1.1_noise0.01.wav
16,discomfort,discomfortae5a462b-5424-4b5b-82d5-07ccb61654ab-1431064345173-1.7-f-48-dc_pitch-1_speed1.1_noise0.02.wav,./Augcopy2/discomfortae5a462b-5424-4b5b-82d5-07ccb61654ab-1431064345173-1.7-f-48-dc_pitch-1_speed1.1_noise0.02.wav
17,discomfort,discomfortae5a462b-5424-4b5b-82d5-07ccb61654ab-1431064345173-1.7-f-48-dc_pitch-1_speed1.1_noise0.03.wav,./Augcopy2/discomfortae5a462b-5424-4b5b-82d5-07ccb61654ab-1431064345173-1.7-f-48-dc_pitch-1_speed1.1_noise0.03.wav
18,discomfort,discomfortae5a462b-5424-4b5b-82d5-07ccb61654ab-1431064345173-1.7-f-48-dc_pitch2_speed0.9_noise0.01.wav,./Augcopy2/discomfortae5a462b-5424-4b5b-82d5-07ccb61654ab-1431064345173-1.7-f-48-dc_pitch2_speed0.9_noise0.01.wav
19,discomfort,discomfortae5a462b-5424-4b5b-82d5-07ccb61654ab-1431064345173-1.7-f-48-dc_pitch2_speed0.9_noise0.02.wav,./Augcopy2/discomfortae5a462b-5424-4b5b-82d5-07ccb61654ab-1431064345173-1.7-f-48-dc_pitch2_speed0.9_noise0.02.wav
20,discomfort,discomfortae5a462b-5424-4b5b-82d5-07ccb61654ab-1431064345173-1.7-f-48-dc_pitch2_speed0.9_noise0.03.wav,./Augcopy2/discomfortae5a462b-5424-4b5b-82d5-07ccb61654ab-1431064345173-1.7-f-48-dc_pitch2_speed0.9_noise0.03.wav
21,discomfort,discomfortae5a462b-5424-4b5b-82d5-07ccb61654ab-1431064345173-1.7-f-48-dc_pitch2_speed1.1_noise0.01.wav,./Augcopy2/discomfortae5a462b-5424-4b5b-82d5-07ccb61654ab-1431064345173-1.7-f-48-dc_pitch2_speed1.1_noise0.01.wav
22,discomfort,discomfortae5a462b-5424-4b5b-82d5-07ccb61654ab-1431064345173-1.7-f-48-dc_pitch2_speed1.1_noise0.02.wav,./Augcopy2/discomfortae5a462b-5424-4b5b-82d5-07ccb61654ab-1431064345173-1.7-f-48-dc_pitch2_speed1.1_noise0.02.wav
23,discomfort,discomfortae5a462b-5424-4b5b-82d5-07ccb61654ab-1431064345173-1.7-f-48-dc_pitch2_speed1.1_noise0.03.wav,./Augcopy2/discomfortae5a462b-5424-4b5b-82d5-07ccb61654ab-1431064345173-1.7-f-48-dc_pitch2_speed1.1_noise0.03.wav
24,discomfort,discomfort837fd072-8704-4196-9ff1-1d2c07886e55-1432429478471-1.7-m-22-dc_pitch-2_speed0.9_noise0.01.wav,./Augcopy2/discomfort837fd072-8704-4196-9ff1-1d2c07886e55-1432429478471-1.7-m-22-dc_pitch-2_speed0.9_noise0.01.wav
25,discomfort,discomfort837fd072-8704-4196-9ff1-1d2c07886e55-1432429478471-1.7-m-22-dc_pitch-2_speed0.9_noise0.02.wav,./Augcopy2/discomfort837fd072-8704-4196-9ff1-1d2c07886e55-1432429478471-1.7-m-22-dc_pitch-2_speed0.9_noise0.02.wav
26,discomfort,discomfort837fd072-8704-4196-9ff1-1d2c07886e55-1432429478471-1.7-m-22-dc_pitch-2_speed0.9_noise0.03.wav,./Augcopy2/discomfort837fd072-8704-4196-9ff1-1d2c07886e55-1432429478471-1.7-m-22-dc_pitch-2_speed0.9_noise0.03.wav
27,discomfort,discomfort837fd072-8704-4196-9ff1-1d2c07886e55-1432429478471-1.7-m-22-dc_pitch-2_speed1.1_noise0.01.wav,./Augcopy2/discomfort837fd072-8704-4196-9ff1-1d2c07886e55-1432429478471-1.7-m-22-dc_pitch-2_speed1.1_noise0.01.wav
28,discomfort,discomfort837fd072-8704-4196-9ff1-1d2c07886e55-1432429478471-1.7-m-22-dc_pitch-2_speed1.1_noise0.02.wav,./Augcopy2/discomfort837fd072-8704-4196-9ff1-1d2c07886e55-1432429478471-1.7-m-22-dc_pitch-2_speed1.1_noise0.02.wav
29,discomfort,discomfort837fd072-8704-4196-9ff1-1d2c07886e55-1432429478471-1.7-m-22-dc_pitch-2_speed1.1_noise0.03.wav,./Augcopy2/discomfort837fd072-8704-4196-9ff1-1d2c07886e55-1432429478471-1.7-m-22-dc_pitch-2_speed1.1_noise0.03.wav
30,discomfort,discomfort837fd072-8704-4196-9ff1-1d2c07886e55-1432429478471-1.7-m-22-dc_pitch1_speed0.9_noise0.01.wav,./Augcopy2/discomfort837fd072-8704-4196-9ff1-1d2c07886e55-1432429478471-1.7-m-22-dc_pitch1_speed0.9_noise0.01.wav
31,discomfort,discomfort837fd072-8704-4196-9ff1-1d2c07886e55-1432429478471-1.7-m-22-dc_pitch1_speed0.9_noise0.02.wav,./Augcopy2/discomfort837fd072-8704-4196-9ff1-1d2c07886e55-1432429478471-1.7-m-22-dc_pitch1_speed0.9_noise0.02.wav
32,discomfort,discomfort837fd072-8704-4196-9ff1-1d2c07886e55-1432429478471-1.7-m-22-dc_pitch1_speed0.9_noise0.03.wav,./Augcopy2/discomfort837fd072-8704-4196-9ff1-1d2c07886e55-1432429478471-1.7-m-22-dc_pitch1_speed0.9_noise0.03.wav
33,discomfort,discomfort837fd072-8704-4196-9ff1-1d2c07886e55-1432429478471-1.7-m-22-dc_pitch1_speed1.1_noise0.01.wav,./Augcopy2/discomfort837fd072-8704-4196-9ff1-1d2c07886e55-1432429478471-1.7-m-22-dc_pitch1_speed1.1_noise0.01.wav
34,discomfort,discomfort837fd072-8704-4196-9ff1-1d2c07886e55-1432429478471-1.7-m-22-dc_pitch1_speed1.1_noise0.02.wav,./Augcopy2/discomfort837fd072-8704-4196-9ff1-1d2c07886e55-1432429478471-1.7-m-22-dc_pitch1_speed1.1_noise0.02.wav
35,discomfort,discomfort837fd072-8704-4196-9ff1-1d2c07886e55-1432429478471-1.7-m-22-dc_pitch1_speed1.1_noise0.03.wav,./Augcopy2/discomfort837fd072-8704-4196-9ff1-1d2c07886e55-1432429478471-1.7-m-22-dc_pitch1_speed1.1_noise0.03.wav
36,discomfort,discomfort837fd072-8704-4196-9ff1-1d2c07886e55-1432429478471-1.7-m-22-dc_pitch-1_speed0.9_noise0.01.wav,./Augcopy2/discomfort837fd072-8704-4196-9ff1-1d2c07886e55-1432429478471-1.7-m-22-dc_pitch-1_speed0.9_noise0.01.wav
37,discomfort,discomfort837fd072-8704-4196-9ff1-1d2c07886e55-1432429478471-1.7-m-22-dc_pitch-1_speed0.9_noise0.02.wav,./Augcopy2/discomfort837fd072-8704-4196-9ff1-1d2c07886e55-1432429478471-1.7-m-22-dc_pitch-1_speed0.9_noise0.02.wav
38,discomfort,discomfort837fd072-8704-4196-9ff1-1d2c07886e55-1432429478471-1.7-m-22-dc_pitch-1_speed0.9_noise0.03.wav,./Augcopy2/discomfort837fd072-8704-4196-9ff1-1d2c07886e55-1432429478471-1.7-m-22-dc_pitch-1_speed0.9_noise0.03.wav
39,discomfort,discomfort837fd072-8704-4196-9ff1-1d2c07886e55-1432429478471-1.7-m-22-dc_pitch-1_speed1.1_noise0.01.wav,./Augcopy2/discomfort837fd072-8704-4196-9ff1-1d2c07886e55-1432429478471-1.7-m-22-dc_pitch-1_speed1.1_noise0.01.wav
40,discomfort,discomfort837fd072-8704-4196-9ff1-1d2c07886e55-1432429478471-1.7-m-22-dc_pitch-1_speed1.1_noise0.02.wav,./Augcopy2/discomfort837fd072-8704-4196-9ff1-1d2c07886e55-1432429478471-1.7-m-22-dc_pitch-1_speed1.1_noise0.02.wav
41,discomfort,discomfort837fd072-8704-4196-9ff1-1d2c07886e55-1432429478471-1.7-m-22-dc_pitch-1_speed1.1_noise0.03.wav,./Augcopy2/discomfort837fd072-8704-4196-9ff1-1d2c07886e55-1432429478471-1.7-m-22-dc_pitch-1_speed1.1_noise0.03.wav
42,discomfort,discomfort837fd072-8704-4196-9ff1-1d2c07886e55-1432429478471-1.7-m-22-dc_pitch2_speed0.9_noise0.01.wav,./Augcopy2/discomfort837fd072-8704-4196-9ff1-1d2c07886e55-1432429478471-1.7-m-22-dc_pitch2_speed0.9_noise0.01.wav
43,discomfort,discomfort837fd072-8704-4196-9ff1-1d2c07886e55-1432429478471-1.7-m-22-dc_pitch2_speed0.9_noise0.02.wav,./Augcopy2/discomfort837fd072-8704-4196-9ff1-1d2c07886e55-1432429478471-1.7-m-22-dc_pitch2_speed0.9_noise0.02.wav
44,discomfort,discomfort837fd072-8704-4196-9ff1-1d2c07886e55-1432429478471-1.7-m-22-dc_pitch2_speed0.9_noise0.03.wav,./Augcopy2/discomfort837fd072-8704-4196-9ff1-1d2c07886e55-1432429478471-1.7-m-22-dc_pitch2_speed0.9_noise0.03.wav
45,discomfort,discomfort837fd072-8704-4196-9ff1-1d2c07886e55-1432429478471-1.7-m-22-dc_pitch2_speed1.1_noise0.01.wav,./Augcopy2/discomfort837fd072-8704-4196-9ff1-1d2c07886e55-1432429478471-1.7-m-22-dc_pitch2_speed1.1_noise0.01.wav
46,discomfort,discomfort837fd072-8704-4196-9ff1-1d2c07886e55-1432429478471-1.7-m-22-dc_pitch2_speed1.1_noise0.02.wav,./Augcopy2/discomfort837fd072-8704-4196-9ff1-1d2c07886e55-1432429478471-1.7-m-22-dc_pitch2_speed1.1_noise0.02.wav
47,discomfort,discomfort837fd072-8704-4196-9ff1-1d2c07886e55-1432429478471-1.7-m-22-dc_pitch2_speed1.1_noise0.03.wav,./Augcopy2/discomfort837fd072-8704-4196-9ff1-1d2c07886e55-1432429478471-1.7-m-22-dc_pitch2_speed1.1_noise0.03.wav
48,discomfort,discomfort999bf14b-e417-4b44-b746-9253f81efe38-1430844979531-1.7-m-04-ch_pitch-2_speed0.9_noise0.01.wav,./Augcopy2/discomfort999bf14b-e417-4b44-b746-9253f81efe38-1430844979531-1.7-m-04-ch_pitch-2_speed0.9_noise0.01.wav
49,discomfort,discomfort999bf14b-e417-4b44-b746-9253f81efe38-1430844979531-1.7-m-04-ch_pitch-2_speed0.9_noise0.02.wav,./Augcopy2/discomfort999bf14b-e417-4b44-b746-9253f81efe38-1430844979531-1.7-m-04-ch_pitch-2_speed0.9_noise0.02.wav
50,discomfort,discomfort999bf14b-e417-4b44-b746-9253f81efe38-1430844979531-1.7-m-04-ch_pitch-2_speed0.9_noise0.03.wav,./Augcopy2/discomfort999bf14b-e417-4b44-b746-9253f81efe38-1430844979531-1.7-m-04-ch_pitch-2_speed0.9_noise0.03.wav
51,discomfort,discomfort999bf14b-e417-4b44-b746-9253f81efe38-1430844979531-1.7-m-04-ch_pitch-2_speed1.1_noise0.01.wav,./Augcopy2/discomfort999bf14b-e417-4b44-b746-9253f81efe38-1430844979531-1.7-m-04-ch_pitch-2_speed1.1_noise0.01.wav
52,discomfort,discomfort999bf14b-e417-4b44-b746-9253f81efe38-1430844979531-1.7-m-04-ch_pitch-2_speed1.1_noise0.02.wav,./Augcopy2/discomfort999bf14b-e417-4b44-b746-9253f81efe38-1430844979531-1.7-m-04-ch_pitch-2_speed1.1_noise0.02.wav
53,discomfort,discomfort999bf14b-e417-4b44-b746-9253f81efe38-1430844979531-1.7-m-04-ch_pitch-2_speed1.1_noise0.03.wav,./Augcopy2/discomfort999bf14b-e417-4b44-b746-9253f81efe38-1430844979531-1.7-m-04-ch_pitch-2_speed1.1_noise0.03.wav
54,discomfort,discomfort999bf14b-e417-4b44-b746-9253f81efe38-1430844979531-1.7-m-04-ch_pitch1_speed0.9_noise0.01.wav,./Augcopy2/discomfort999bf14b-e417-4b44-b746-9253f81efe38-1430844979531-1.7-m-04-ch_pitch1_speed0.9_noise0.01.wav
55,discomfort,discomfort999bf14b-e417-4b44-b746-9253f81efe38-1430844979531-1.7-m-04-ch_pitch1_speed0.9_noise0.02.wav,./Augcopy2/discomfort999bf14b-e417-4b44-b746-9253f81efe38-1430844979531-1.7-m-04-ch_pitch1_speed0.9_noise0.02.wav
56,discomfort,discomfort999bf14b-e417-4b44-b746-9253f81efe38-1430844979531-1.7-m-04-ch_pitch1_speed0.9_noise0.03.wav,./Augcopy2/discomfort999bf14b-e417-4b44-b746-9253f81efe38-1430844979531-1.7-m-04-ch_pitch1_speed0.9_noise0.03.wav
57,discomfort,discomfort999bf14b-e417-4b44-b746-9253f81efe38-1430844979531-1.7-m-04-ch_pitch1_speed1.1_noise0.01.wav,./Augcopy2/discomfort999bf14b-e417-4b44-b746-9253f81efe38-1430844979531-1.7-m-04-ch_pitch1_speed1.1_noise0.01.wav
58,discomfort,discomfort999bf14b-e417-4b44-b746-9253f81efe38-1430844979531-1.7-m-04-ch_pitch1_speed1.1_noise0.02.wav,./Augcopy2/discomfort999bf14b-e417-4b44-b746-9253f81efe38-1430844979531-1.7-m-04-ch_pitch1_speed1.1_noise0.02.wav
59,discomfort,discomfort999bf14b-e417-4b44-b746-9253f81efe38-1430844979531-1.7-m-04-ch_pitch1_speed1.1_noise0.03.wav,./Augcopy2/discomfort999bf14b-e417-4b44-b746-9253f81efe38-1430844979531-1.7-m-04-ch_pitch1_speed1.1_noise0.03.wav
60,discomfort,discomfort999bf14b-e417-4b44-b746-9253f81efe38-1430844979531-1.7-m-04-ch_pitch-1_speed0.9_noise0.01.wav,./Augcopy2/discomfort999bf14b-e417-4b44-b746-9253f81efe38-1430844979531-1.7-m-04-ch_pitch-1_speed0.9_noise0.01.wav
61,discomfort,discomfort999bf14b-e417-4b44-b746-9253f81efe38-1430844979531-1.7-m-04-ch_pitch-1_speed0.9_noise0.02.wav,./Augcopy2/discomfort999bf14b-e417-4b44-b746-9253f81efe38-1430844979531-1.7-m-04-ch_pitch-1_speed0.9_noise0.02.wav
62,discomfort,discomfort999bf14b-e417-4b44-b746-9253f81efe38-1430844979531-1.7-m-04-ch_pitch-1_speed0.9_noise0.03.wav,./Augcopy2/discomfort999bf14b-e417-4b44-b746-9253f81efe38-1430844979531-1.7-m-04-ch_pitch-1_speed0.9_noise0.03.wav
63,discomfort,discomfort999bf14b-e417-4b44-b746-9253f81efe38-1430844979531-1.7-m-04-ch_pitch-1_speed1.1_noise0.01.wav,./Augcopy2/discomfort999bf14b-e417-4b44-b746-9253f81efe38-1430844979531-1.7-m-04-ch_pitch-1_speed1.1_noise0.01.wav
64,discomfort,discomfort999bf14b-e417-4b44-b746-9253f81efe38-1430844979531-1.7-m-04-ch_pitch-1_speed1.1_noise0.02.wav,./Augcopy2/discomfort999bf14b-e417-4b44-b746-9253f81efe38-1430844979531-1.7-m-04-ch_pitch-1_speed1.1_noise0.02.wav
65,discomfort,discomfort999bf14b-e417-4b44-b746-9253f81efe38-1430844979531-1.7-m-04-ch_pitch-1_speed1.1_noise0.03.wav,./Augcopy2/discomfort999bf14b-e417-4b44-b746-9253f81efe38-1430844979531-1.7-m-04-ch_pitch-1_speed1.1_noise0.03.wav
66,discomfort,discomfort999bf14b-e417-4b44-b746-9253f81efe38-1430844979531-1.7-m-04-ch_pitch2_speed0.9_noise0.01.wav,./Augcopy2/discomfort999bf14b-e417-4b44-b746-9253f81efe38-1430844979531-1.7-m-04-ch_pitch2_speed0.9_noise0.01.wav
67,discomfort,discomfort999bf14b-e417-4b44-b746-9253f81efe38-1430844979531-1.7-m-04-ch_pitch2_speed0.9_noise0.02.wav,./Augcopy2/discomfort999bf14b-e417-4b44-b746-9253f81efe38-1430844979531-1.7-m-04-ch_pitch2_speed0.9_noise0.02.wav
68,discomfort,discomfort999bf14b-e417-4b44-b746-9253f81efe38-1430844979531-1.7-m-04-ch_pitch2_speed0.9_noise0.03.wav,./Augcopy2/discomfort999bf14b-e417-4b44-b746-9253f81efe38-1430844979531-1.7-m-04-ch_pitch2_speed0.9_noise0.03.wav
69,discomfort,discomfort999bf14b-e417-4b44-b746-9253f81efe38-1430844979531-1.7-m-04-ch_pitch2_speed1.1_noise0.01.wav,./Augcopy2/discomfort999bf14b-e417-4b44-b746-9253f81efe38-1430844979531-1.7-m-04-ch_pitch2_speed1.1_noise0.01.wav
70,discomfort,discomfort999bf14b-e417-4b44-b746-9253f81efe38-1430844979531-1.7-m-04-ch_pitch2_speed1.1_noise0.02.wav,./Augcopy2/discomfort999bf14b-e417-4b44-b746-9253f81efe38-1430844979531-1.7-m-04-ch_pitch2_speed1.1_noise0.02.wav
71,discomfort,discomfort999bf14b-e417-4b44-b746-9253f81efe38-1430844979531-1.7-m-04-ch_pitch2_speed1.1_noise0.03.wav,./Augcopy2/discomfort999bf14b-e417-4b44-b746-9253f81efe38-1430844979531-1.7-m-04-ch_pitch2_speed1.1_noise0.03.wav
72,discomfort,discomfortf5b29377-7cd6-4688-942c-5a07add39dc5-1437480263225-1.7-f-26-dc_pitch-2_speed0.9_noise0.01.wav,./Augcopy2/discomfortf5b29377-7cd6-4688-942c-5a07add39dc5-1437480263225-1.7-f-26-dc_pitch-2_speed0.9_noise0.01.wav
73,discomfort,discomfortf5b29377-7cd6-4688-942c-5a07add39dc5-1437480263225-1.7-f-26-dc_pitch-2_speed0.9_noise0.02.wav,./Augcopy2/discomfortf5b29377-7cd6-4688-942c-5a07add39dc5-1437480263225-1.7-f-26-dc_pitch-2_speed0.9_noise0.02.wav
74,discomfort,discomfortf5b29377-7cd6-4688-942c-5a07add39dc5-1437480263225-1.7-f-26-dc_pitch-2_speed0.9_noise0.03.wav,./Augcopy2/discomfortf5b29377-7cd6-4688-942c-5a07add39dc5-1437480263225-1.7-f-26-dc_pitch-2_speed0.9_noise0.03.wav
75,discomfort,discomfortf5b29377-7cd6-4688-942c-5a07add39dc5-1437480263225-1.7-f-26-dc_pitch-2_speed1.1_noise0.01.wav,./Augcopy2/discomfortf5b29377-7cd6-4688-942c-5a07add39dc5-1437480263225-1.7-f-26-dc_pitch-2_speed1.1_noise0.01.wav
76,discomfort,discomfortf5b29377-7cd6-4688-942c-5a07add39dc5-1437480263225-1.7-f-26-dc_pitch-2_speed1.1_noise0.02.wav,./Augcopy2/discomfortf5b29377-7cd6-4688-942c-5a07add39dc5-1437480263225-1.7-f-26-dc_pitch-2_speed1.1_noise0.02.wav
77,discomfort,discomfortf5b29377-7cd6-4688-942c-5a07add39dc5-1437480263225-1.7-f-26-dc_pitch-2_speed1.1_noise0.03.wav,./Augcopy2/discomfortf5b29377-7cd6-4688-942c-5a07add39dc5-1437480263225-1.7-f-26-dc_pitch-2_speed1.1_noise0.03.wav
78,discomfort,discomfortf5b29377-7cd6-4688-942c-5a07add39dc5-1437480263225-1.7-f-26-dc_pitch1_speed0.9_noise0.01.wav,./Augcopy2/discomfortf5b29377-7cd6-4688-942c-5a07add39dc5-1437480263225-1.7-f-26-dc_pitch1_speed0.9_noise0.01.wav
79,discomfort,discomfortf5b29377-7cd6-4688-942c-5a07add39dc5-1437480263225-1.7-f-26-dc_pitch1_speed0.9_noise0.02.wav,./Augcopy2/discomfortf5b29377-7cd6-4688-942c-5a07add39dc5-1437480263225-1.7-f-26-dc_pitch1_speed0.9_noise0.02.wav
80,discomfort,discomfortf5b29377-7cd6-4688-942c-5a07add39dc5-1437480263225-1.7-f-26-dc_pitch1_speed0.9_noise0.03.wav,./Augcopy2/discomfortf5b29377-7cd6-4688-942c-5a07add39dc5-1437480263225-1.7-f-26-dc_pitch1_speed0.9_noise0.03.wav
81,discomfort,discomfortf5b29377-7cd6-4688-942c-5a07add39dc5-1437480263225-1.7-f-26-dc_pitch1_speed1.1_noise0.01.wav,./Augcopy2/discomfortf5b29377-7cd6-4688-942c-5a07add39dc5-1437480263225-1.7-f-26-dc_pitch1_speed1.1_noise0.01.wav
82,discomfort,discomfortf5b29377-7cd6-4688-942c-5a07add39dc5-1437480263225-1.7-f-26-dc_pitch1_speed1.1_noise0.02.wav,./Augcopy2/discomfortf5b29377-7cd6-4688-942c-5a07add39dc5-1437480263225-1.7-f-26-dc_pitch1_speed1.1_noise0.02.wav
83,discomfort,discomfortf5b29377-7cd6-4688-942c-5a07add39dc5-1437480263225-1.7-f-26-dc_pitch1_speed1.1_noise0.03.wav,./Augcopy2/discomfortf5b29377-7cd6-4688-942c-5a07add39dc5-1437480263225-1.7-f-26-dc_pitch1_speed1.1_noise0.03.wav
84,discomfort,discomfortf5b29377-7cd6-4688-942c-5a07add39dc5-1437480263225-1.7-f-26-dc_pitch-1_speed0.9_noise0.01.wav,./Augcopy2/discomfortf5b29377-7cd6-4688-942c-5a07add39dc5-1437480263225-1.7-f-26-dc_pitch-1_speed0.9_noise0.01.wav
85,discomfort,discomfortf5b29377-7cd6-4688-942c-5a07add39dc5-1437480263225-1.7-f-26-dc_pitch-1_speed0.9_noise0.02.wav,./Augcopy2/discomfortf5b29377-7cd6-4688-942c-5a07add39dc5-1437480263225-1.7-f-26-dc_pitch-1_speed0.9_noise0.02.wav
86,discomfort,discomfortf5b29377-7cd6-4688-942c-5a07add39dc5-1437480263225-1.7-f-26-dc_pitch-1_speed0.9_noise0.03.wav,./Augcopy2/discomfortf5b29377-7cd6-4688-942c-5a07add39dc5-1437480263225-1.7-f-26-dc_pitch-1_speed0.9_noise0.03.wav
87,discomfort,discomfortf5b29377-7cd6-4688-942c-5a07add39dc5-1437480263225-1.7-f-26-dc_pitch-1_speed1.1_noise0.01.wav,./Augcopy2/discomfortf5b29377-7cd6-4688-942c-5a07add39dc5-1437480263225-1.7-f-26-dc_pitch-1_speed1.1_noise0.01.wav
88,discomfort,discomfortf5b29377-7cd6-4688-942c-5a07add39dc5-1437480263225-1.7-f-26-dc_pitch-1_speed1.1_noise0.02.wav,./Augcopy2/discomfortf5b29377-7cd6-4688-942c-5a07add39dc5-1437480263225-1.7-f-26-dc_pitch-1_speed1.1_noise0.02.wav
89,discomfort,discomfortf5b29377-7cd6-4688-942c-5a07add39dc5-1437480263225-1.7-f-26-dc_pitch-1_speed1.1_noise0.03.wav,./Augcopy2/discomfortf5b29377-7cd6-4688-942c-5a07add39dc5-1437480263225-1.7-f-26-dc_pitch-1_speed1.1_noise0.03.wav
90,discomfort,discomfortf5b29377-7cd6-4688-942c-5a07add39dc5-1437480263225-1.7-f-26-dc_pitch2_speed0.9_noise0.01.wav,./Augcopy2/discomfortf5b29377-7cd6-4688-942c-5a07add39dc5-1437480263225-1.7-f-26-dc_pitch2_speed0.9_noise0.01.wav
91,discomfort,discomfortf5b29377-7cd6-4688-942c-5a07add39dc5-1437480263225-1.7-f-26-dc_pitch2_speed0.9_noise0.02.wav,./Augcopy2/discomfortf5b29377-7cd6-4688-942c-5a07add39dc5-1437480263225-1.7-f-26-dc_pitch2_speed0.9_noise0.02.wav
92,discomfort,discomfortf5b29377-7cd6-4688-942c-5a07add39dc5-1437480263225-1.7-f-26-dc_pitch2_speed0.9_noise0.03.wav,./Augcopy2/discomfortf5b29377-7cd6-4688-942c-5a07add39dc5-1437480263225-1.7-f-26-dc_pitch2_speed0.9_noise0.03.wav
93,discomfort,discomfortf5b29377-7cd6-4688-942c-5a07add39dc5-1437480263225-1.7-f-26-dc_pitch2_speed1.1_noise0.01.wav,./Augcopy2/discomfortf5b29377-7cd6-4688-942c-5a07add39dc5-1437480263225-1.7-f-26-dc_pitch2_speed1.1_noise0.01.wav
94,discomfort,discomfortf5b29377-7cd6-4688-942c-5a07add39dc5-1437480263225-1.7-f-26-dc_pitch2_speed1.1_noise0.02.wav,./Augcopy2/discomfortf5b29377-7cd6-4688-942c-5a07add39dc5-1437480263225-1.7-f-26-dc_pitch2_speed1.1_noise0.02.wav
95,discomfort,discomfortf5b29377-7cd6-4688-942c-5a07add39dc5-1437480263225-1.7-f-26-dc_pitch2_speed1.1_noise0.03.wav,./Augcopy2/discomfortf5b29377-7cd6-4688-942c-5a07add39dc5-1437480263225-1.7-f-26-dc_pitch2_speed1.1_noise0.03.wav
96,discomfort,discomfort11417AC2-DCC9-48CD-8177-CA8665E51B2F-1436881512-1.1-m-48-dc_pitch-2_speed0.9_noise0.01.wav,./Augcopy2/discomfort11417AC2-DCC9-48CD-8177-CA8665E51B2F-1436881512-1.1-m-48-dc_pitch-2_speed0.9_noise0.01.wav
97,discomfort,discomfort11417AC2-DCC9-48CD-8177-CA8665E51B2F-1436881512-1.1-m-48-dc_pitch-2_speed0.9_noise0.02.wav,./Augcopy2/discomfort11417AC2-DCC9-48CD-8177-CA8665E51B2F-1436881512-1.1-m-48-dc_pitch-2_speed0.9_noise0.02.wav
98,discomfort,discomfort11417AC2-DCC9-48CD-8177-CA8665E51B2F-1436881512-1.1-m-48-dc_pitch-2_speed0.9_noise0.03.wav,./Augcopy2/discomfort11417AC2-DCC9-48CD-8177-CA8665E51B2F-1436881512-1.1-m-48-dc_pitch-2_speed0.9_noise0.03.wav
99,discomfort,discomfort11417AC2-DCC9-48CD-8177-CA8665E51B2F-1436881512-1.1-m-48-dc_pitch-2_speed1.1_noise0.01.wav,./Augcopy2/discomfort11417AC2-DCC9-48CD-8177-CA8665E51B2F-1436881512-1.1-m-48-dc_pitch-2_speed1.1_noise0.01.wav
100,discomfort,discomfort11417AC2-DCC9-48CD-8177-CA8665E51B2F-1436881512-1.1-m-48-dc_pitch-2_speed1.1_noise0.02.wav,./Augcopy2/discomfort11417AC2-DCC9-48CD-8177-CA8665E51B2F-1436881512-1.1-m-48-dc_pitch-2_speed1.1_noise0.02.wav
101,discomfort,discomfort11417AC2-DCC9-48CD-8177-CA8665E51B2F-1436881512-1.1-m-48-dc_pitch-2_speed1.1_noise0.03.wav,./Augcopy2/discomfort11417AC2-DCC9-48CD-8177-CA8665E51B2F-1436881512-1.1-m-48-dc_pitch-2_speed1.1_noise0.03.wav
102,discomfort,discomfort11417AC2-DCC9-48CD-8177-CA8665E51B2F-1436881512-1.1-m-48-dc_pitch1_speed0.9_noise0.01.wav,./Augcopy2/discomfort11417AC2-DCC9-48CD-8177-CA8665E51B2F-1436881512-1.1-m-48-dc_pitch1_speed0.9_noise0.01.wav
103,discomfort,discomfort11417AC2-DCC9-48CD-8177-CA8665E51B2F-1436881512-1.1-m-48-dc_pitch1_speed0.9_noise0.02.wav,./Augcopy2/discomfort11417AC2-DCC9-48CD-8177-CA8665E51B2F-1436881512-1.1-m-48-dc_pitch1_speed0.9_noise0.02.wav
104,discomfort,discomfort11417AC2-DCC9-48CD-8177-CA8665E51B2F-1436881512-1.1-m-48-dc_pitch1_speed0.9_noise0.03.wav,./Augcopy2/discomfort11417AC2-DCC9-48CD-8177-CA8665E51B2F-1436881512-1.1-m-48-dc_pitch1_speed0.9_noise0.03.wav
105,discomfort,discomfort11417AC2-DCC9-48CD-8177-CA8665E51B2F-1436881512-1.1-m-48-dc_pitch1_speed1.1_noise0.01.wav,./Augcopy2/discomfort11417AC2-DCC9-48CD-8177-CA8665E51B2F-1436881512-1.1-m-48-dc_pitch1_speed1.1_noise0.01.wav
106,discomfort,discomfort11417AC2-DCC9-48CD-8177-CA8665E51B2F-1436881512-1.1-m-48-dc_pitch1_speed1.1_noise0.02.wav,./Augcopy2/discomfort11417AC2-DCC9-48CD-8177-CA8665E51B2F-1436881512-1.1-m-48-dc_pitch1_speed1.1_noise0.02.wav
107,discomfort,discomfort11417AC2-DCC9-48CD-8177-CA8665E51B2F-1436881512-1.1-m-48-dc_pitch1_speed1.1_noise0.03.wav,./Augcopy2/discomfort11417AC2-DCC9-48CD-8177-CA8665E51B2F-1436881512-1.1-m-48-dc_pitch1_speed1.1_noise0.03.wav
108,discomfort,discomfort11417AC2-DCC9-48CD-8177-CA8665E51B2F-1436881512-1.1-m-48-dc_pitch-1_speed0.9_noise0.01.wav,./Augcopy2/discomfort11417AC2-DCC9-48CD-8177-CA8665E51B2F-1436881512-1.1-m-48-dc_pitch-1_speed0.9_noise0.01.wav
109,discomfort,discomfort11417AC2-DCC9-48CD-8177-CA8665E51B2F-1436881512-1.1-m-48-dc_pitch-1_speed0.9_noise0.02.wav,./Augcopy2/discomfort11417AC2-DCC9-48CD-8177-CA8665E51B2F-1436881512-1.1-m-48-dc_pitch-1_speed0.9_noise0.02.wav
110,discomfort,discomfort11417AC2-DCC9-48CD-8177-CA8665E51B2F-1436881512-1.1-m-48-dc_pitch-1_speed0.9_noise0.03.wav,./Augcopy2/discomfort11417AC2-DCC9-48CD-8177-CA8665E51B2F-1436881512-1.1-m-48-dc_pitch-1_speed0.9_noise0.03.wav
111,discomfort,discomfort11417AC2-DCC9-48CD-8177-CA8665E51B2F-1436881512-1.1-m-48-dc_pitch-1_speed1.1_noise0.01.wav,./Augcopy2/discomfort11417AC2-DCC9-48CD-8177-CA8665E51B2F-1436881512-1.1-m-48-dc_pitch-1_speed1.1_noise0.01.wav
112,discomfort,discomfort11417AC2-DCC9-48CD-8177-CA8665E51B2F-1436881512-1.1-m-48-dc_pitch-1_speed1.1_noise0.02.wav,./Augcopy2/discomfort11417AC2-DCC9-48CD-8177-CA8665E51B2F-1436881512-1.1-m-48-dc_pitch-1_speed1.1_noise0.02.wav
113,discomfort,discomfort11417AC2-DCC9-48CD-8177-CA8665E51B2F-1436881512-1.1-m-48-dc_pitch-1_speed1.1_noise0.03.wav,./Augcopy2/discomfort11417AC2-DCC9-48CD-8177-CA8665E51B2F-1436881512-1.1-m-48-dc_pitch-1_speed1.1_noise0.03.wav
114,discomfort,discomfort11417AC2-DCC9-48CD-8177-CA8665E51B2F-1436881512-1.1-m-48-dc_pitch2_speed0.9_noise0.01.wav,./Augcopy2/discomfort11417AC2-DCC9-48CD-8177-CA8665E51B2F-1436881512-1.1-m-48-dc_pitch2_speed0.9_noise0.01.wav
115,discomfort,discomfort11417AC2-DCC9-48CD-8177-CA8665E51B2F-1436881512-1.1-m-48-dc_pitch2_speed0.9_noise0.02.wav,./Augcopy2/discomfort11417AC2-DCC9-48CD-8177-CA8665E51B2F-1436881512-1.1-m-48-dc_pitch2_speed0.9_noise0.02.wav
116,discomfort,discomfort11417AC2-DCC9-48CD-8177-CA8665E51B2F-1436881512-1.1-m-48-dc_pitch2_speed0.9_noise0.03.wav,./Augcopy2/discomfort11417AC2-DCC9-48CD-8177-CA8665E51B2F-1436881512-1.1-m-48-dc_pitch2_speed0.9_noise0.03.wav
117,discomfort,discomfort11417AC2-DCC9-48CD-8177-CA8665E51B2F-1436881512-1.1-m-48-dc_pitch2_speed1.1_noise0.01.wav,./Augcopy2/discomfort11417AC2-DCC9-48CD-8177-CA8665E51B2F-1436881512-1.1-m-48-dc_pitch2_speed1.1_noise0.01.wav
118,discomfort,discomfort11417AC2-DCC9-48CD-8177-CA8665E51B2F-1436881512-1.1-m-48-dc_pitch2_speed1.1_noise0.02.wav,./Augcopy2/discomfort11417AC2-DCC9-48CD-8177-CA8665E51B2F-1436881512-1.1-m-48-dc_pitch2_speed1.1_noise0.02.wav
119,discomfort,discomfort11417AC2-DCC9-48CD-8177-CA8665E51B2F-1436881512-1.1-m-48-dc_pitch2_speed1.1_noise0.03.wav,./Augcopy2/discomfort11417AC2-DCC9-48CD-8177-CA8665E51B2F-1436881512-1.1-m-48-dc_pitch2_speed1.1_noise0.03.wav
120,discomfort,discomfortf258a8e2-92cd-4843-9da4-80ed26ec8e10-1436944996156-1.7-f-26-ch_pitch-2_speed0.9_noise0.01.wav,./Augcopy2/discomfortf258a8e2-92cd-4843-9da4-80ed26ec8e10-1436944996156-1.7-f-26-ch_pitch-2_speed0.9_noise0.01.wav
121,discomfort,discomfortf258a8e2-92cd-4843-9da4-80ed26ec8e10-1436944996156-1.7-f-26-ch_pitch-2_speed0.9_noise0.02.wav,./Augcopy2/discomfortf258a8e2-92cd-4843-9da4-80ed26ec8e10-1436944996156-1.7-f-26-ch_pitch-2_speed0.9_noise0.02.wav
122,discomfort,discomfortf258a8e2-92cd-4843-9da4-80ed26ec8e10-1436944996156-1.7-f-26-ch_pitch-2_speed0.9_noise0.03.wav,./Augcopy2/discomfortf258a8e2-92cd-4843-9da4-80ed26ec8e10-1436944996156-1.7-f-26-ch_pitch-2_speed0.9_noise0.03.wav
123,discomfort,discomfortf258a8e2-92cd-4843-9da4-80ed26ec8e10-1436944996156-1.7-f-26-ch_pitch-2_speed1.1_noise0.01.wav,./Augcopy2/discomfortf258a8e2-92cd-4843-9da4-80ed26ec8e10-1436944996156-1.7-f-26-ch_pitch-2_speed1.1_noise0.01.wav
124,discomfort,discomfortf258a8e2-92cd-4843-9da4-80ed26ec8e10-1436944996156-1.7-f-26-ch_pitch-2_speed1.1_noise0.02.wav,./Augcopy2/discomfortf258a8e2-92cd-4843-9da4-80ed26ec8e10-1436944996156-1.7-f-26-ch_pitch-2_speed1.1_noise0.02.wav
125,discomfort,discomfortf258a8e2-92cd-4843-9da4-80ed26ec8e10-1436944996156-1.7-f-26-ch_pitch-2_speed1.1_noise0.03.wav,./Augcopy2/discomfortf258a8e2-92cd-4843-9da4-80ed26ec8e10-1436944996156-1.7-f-26-ch_pitch-2_speed1.1_noise0.03.wav
126,discomfort,discomfortf258a8e2-92cd-4843-9da4-80ed26ec8e10-1436944996156-1.7-f-26-ch_pitch1_speed0.9_noise0.01.wav,./Augcopy2/discomfortf258a8e2-92cd-4843-9da4-80ed26ec8e10-1436944996156-1.7-f-26-ch_pitch1_speed0.9_noise0.01.wav
127,discomfort,discomfortf258a8e2-92cd-4843-9da4-80ed26ec8e10-1436944996156-1.7-f-26-ch_pitch1_speed0.9_noise0.02.wav,./Augcopy2/discomfortf258a8e2-92cd-4843-9da4-80ed26ec8e10-1436944996156-1.7-f-26-ch_pitch1_speed0.9_noise0.02.wav
128,discomfort,discomfortf258a8e2-92cd-4843-9da4-80ed26ec8e10-1436944996156-1.7-f-26-ch_pitch1_speed0.9_noise0.03.wav,./Augcopy2/discomfortf258a8e2-92cd-4843-9da4-80ed26ec8e10-1436944996156-1.7-f-26-ch_pitch1_speed0.9_noise0.03.wav
129,discomfort,discomfortf258a8e2-92cd-4843-9da4-80ed26ec8e10-1436944996156-1.7-f-26-ch_pitch1_speed1.1_noise0.01.wav,./Augcopy2/discomfortf258a8e2-92cd-4843-9da4-80ed26ec8e10-1436944996156-1.7-f-26-ch_pitch1_speed1.1_noise0.01.wav
130,discomfort,discomfortf258a8e2-92cd-4843-9da4-80ed26ec8e10-1436944996156-1.7-f-26-ch_pitch1_speed1.1_noise0.02.wav,./Augcopy2/discomfortf258a8e2-92cd-4843-9da4-80ed26ec8e10-1436944996156-1.7-f-26-ch_pitch1_speed1.1_noise0.02.wav
131,discomfort,discomfortf258a8e2-92cd-4843-9da4-80ed26ec8e10-1436944996156-1.7-f-26-ch_pitch1_speed1.1_noise0.03.wav,./Augcopy2/discomfortf258a8e2-92cd-4843-9da4-80ed26ec8e10-1436944996156-1.7-f-26-ch_pitch1_speed1.1_noise0.03.wav
132,discomfort,discomfortf258a8e2-92cd-4843-9da4-80ed26ec8e10-1436944996156-1.7-f-26-ch_pitch-1_speed0.9_noise0.01.wav,./Augcopy2/discomfortf258a8e2-92cd-4843-9da4-80ed26ec8e10-1436944996156-1.7-f-26-ch_pitch-1_speed0.9_noise0.01.wav
133,discomfort,discomfortf258a8e2-92cd-4843-9da4-80ed26ec8e10-1436944996156-1.7-f-26-ch_pitch-1_speed0.9_noise0.02.wav,./Augcopy2/discomfortf258a8e2-92cd-4843-9da4-80ed26ec8e10-1436944996156-1.7-f-26-ch_pitch-1_speed0.9_noise0.02.wav
134,discomfort,discomfortf258a8e2-92cd-4843-9da4-80ed26ec8e10-1436944996156-1.7-f-26-ch_pitch-1_speed0.9_noise0.03.wav,./Augcopy2/discomfortf258a8e2-92cd-4843-9da4-80ed26ec8e10-1436944996156-1.7-f-26-ch_pitch-1_speed0.9_noise0.03.wav
135,discomfort,discomfortf258a8e2-92cd-4843-9da4-80ed26ec8e10-1436944996156-1.7-f-26-ch_pitch-1_speed1.1_noise0.01.wav,./Augcopy2/discomfortf258a8e2-92cd-4843-9da4-80ed26ec8e10-1436944996156-1.7-f-26-ch_pitch-1_speed1.1_noise0.01.wav
136,discomfort,discomfortf258a8e2-92cd-4843-9da4-80ed26ec8e10-1436944996156-1.7-f-26-ch_pitch-1_speed1.1_noise0.02.wav,./Augcopy2/discomfortf258a8e2-92cd-4843-9da4-80ed26ec8e10-1436944996156-1.7-f-26-ch_pitch-1_speed1.1_noise0.02.wav
137,discomfort,discomfortf258a8e2-92cd-4843-9da4-80ed26ec8e10-1436944996156-1.7-f-26-ch_pitch-1_speed1.1_noise0.03.wav,./Augcopy2/discomfortf258a8e2-92cd-4843-9da4-80ed26ec8e10-1436944996156-1.7-f-26-ch_pitch-1_speed1.1_noise0.03.wav
138,discomfort,discomfortf258a8e2-92cd-4843-9da4-80ed26ec8e10-1436944996156-1.7-f-26-ch_pitch2_speed0.9_noise0.01.wav,./Augcopy2/discomfortf258a8e2-92cd-4843-9da4-80ed26ec8e10-1436944996156-1.7-f-26-ch_pitch2_speed0.9_noise0.01.wav
139,discomfort,discomfortf258a8e2-92cd-4843-9da4-80ed26ec8e10-1436944996156-1.7-f-26-ch_pitch2_speed0.9_noise0.02.wav,./Augcopy2/discomfortf258a8e2-92cd-4843-9da4-80ed26ec8e10-1436944996156-1.7-f-26-ch_pitch2_speed0.9_noise0.02.wav
140,discomfort,discomfortf258a8e2-92cd-4843-9da4-80ed26ec8e10-1436944996156-1.7-f-26-ch_pitch2_speed0.9_noise0.03.wav,./Augcopy2/discomfortf258a8e2-92cd-4843-9da4-80ed26ec8e10-1436944996156-1.7-f-26-ch_pitch2_speed0.9_noise0.03.wav
141,discomfort,discomfortf258a8e2-92cd-4843-9da4-80ed26ec8e10-1436944996156-1.7-f-26-ch_pitch2_speed1.1_noise0.01.wav,./Augcopy2/discomfortf258a8e2-92cd-4843-9da4-80ed26ec8e10-1436944996156-1.7-f-26-ch_pitch2_speed1.1_noise0.01.wav
142,discomfort,discomfortf258a8e2-92cd-4843-9da4-80ed26ec8e10-1436944996156-1.7-f-26-ch_pitch2_speed1.1_noise0.02.wav,./Augcopy2/discomfortf258a8e2-92cd-4843-9da4-80ed26ec8e10-1436944996156-1.7-f-26-ch_pitch2_speed1.1_noise0.02.wav
143,discomfort,discomfortf258a8e2-92cd-4843-9da4-80ed26ec8e10-1436944996156-1.7-f-26-ch_pitch2_speed1.1_noise0.03.wav,./Augcopy2/discomfortf258a8e2-92cd-4843-9da4-80ed26ec8e10-1436944996156-1.7-f-26-ch_pitch2_speed1.1_noise0.03.wav
144,discomfort,discomfort79FF400A-97E2-4701-987D-C7C850D5523C-1430089688-1.0-f-48-dc_pitch-2_speed0.9_noise0.01.wav,./Augcopy2/discomfort79FF400A-97E2-4701-987D-C7C850D5523C-1430089688-1.0-f-48-dc_pitch-2_speed0.9_noise0.01.wav
145,discomfort,discomfort79FF400A-97E2-4701-987D-C7C850D5523C-1430089688-1.0-f-48-dc_pitch-2_speed0.9_noise0.02.wav,./Augcopy2/discomfort79FF400A-97E2-4701-987D-C7C850D5523C-1430089688-1.0-f-48-dc_pitch-2_speed0.9_noise0.02.wav
146,discomfort,discomfort79FF400A-97E2-4701-987D-C7C850D5523C-1430089688-1.0-f-48-dc_pitch-2_speed0.9_noise0.03.wav,./Augcopy2/discomfort79FF400A-97E2-4701-987D-C7C850D5523C-1430089688-1.0-f-48-dc_pitch-2_speed0.9_noise0.03.wav
147,discomfort,discomfort79FF400A-97E2-4701-987D-C7C850D5523C-1430089688-1.0-f-48-dc_pitch-2_speed1.1_noise0.01.wav,./Augcopy2/discomfort79FF400A-97E2-4701-987D-C7C850D5523C-1430089688-1.0-f-48-dc_pitch-2_speed1.1_noise0.01.wav
148,discomfort,discomfort79FF400A-97E2-4701-987D-C7C850D5523C-1430089688-1.0-f-48-dc_pitch-2_speed1.1_noise0.02.wav,./Augcopy2/discomfort79FF400A-97E2-4701-987D-C7C850D5523C-1430089688-1.0-f-48-dc_pitch-2_speed1.1_noise0.02.wav
149,discomfort,discomfort79FF400A-97E2-4701-987D-C7C850D5523C-1430089688-1.0-f-48-dc_pitch-2_speed1.1_noise0.03.wav,./Augcopy2/discomfort79FF400A-97E2-4701-987D-C7C850D5523C-1430089688-1.0-f-48-dc_pitch-2_speed1.1_noise0.03.wav
150,discomfort,discomfort79FF400A-97E2-4701-987D-C7C850D5523C-1430089688-1.0-f-48-dc_pitch1_speed0.9_noise0.01.wav,./Augcopy2/discomfort79FF400A-97E2-4701-987D-C7C850D5523C-1430089688-1.0-f-48-dc_pitch1_speed0.9_noise0.01.wav
151,discomfort,discomfort79FF400A-97E2-4701-987D-C7C850D5523C-1430089688-1.0-f-48-dc_pitch1_speed0.9_noise0.02.wav,./Augcopy2/discomfort79FF400A-97E2-4701-987D-C7C850D5523C-1430089688-1.0-f-48-dc_pitch1_speed0.9_noise0.02.wav
152,discomfort,discomfort79FF400A-97E2-4701-987D-C7C850D5523C-1430089688-1.0-f-48-dc_pitch1_speed0.9_noise0.03.wav,./Augcopy2/discomfort79FF400A-97E2-4701-987D-C7C850D5523C-1430089688-1.0-f-48-dc_pitch1_speed0.9_noise0.03.wav
153,discomfort,discomfort79FF400A-97E2-4701-987D-C7C850D5523C-1430089688-1.0-f-48-dc_pitch1_speed1.1_noise0.01.wav,./Augcopy2/discomfort79FF400A-97E2-4701-987D-C7C850D5523C-1430089688-1.0-f-48-dc_pitch1_speed1.1_noise0.01.wav
154,discomfort,discomfort79FF400A-97E2-4701-987D-C7C850D5523C-1430089688-1.0-f-48-dc_pitch1_speed1.1_noise0.02.wav,./Augcopy2/discomfort79FF400A-97E2-4701-987D-C7C850D5523C-1430089688-1.0-f-48-dc_pitch1_speed1.1_noise0.02.wav
155,discomfort,discomfort79FF400A-97E2-4701-987D-C7C850D5523C-1430089688-1.0-f-48-dc_pitch1_speed1.1_noise0.03.wav,./Augcopy2/discomfort79FF400A-97E2-4701-987D-C7C850D5523C-1430089688-1.0-f-48-dc_pitch1_speed1.1_noise0.03.wav
156,discomfort,discomfort79FF400A-97E2-4701-987D-C7C850D5523C-1430089688-1.0-f-48-dc_pitch-1_speed0.9_noise0.01.wav,./Augcopy2/discomfort79FF400A-97E2-4701-987D-C7C850D5523C-1430089688-1.0-f-48-dc_pitch-1_speed0.9_noise0.01.wav
157,discomfort,discomfort79FF400A-97E2-4701-987D-C7C850D5523C-1430089688-1.0-f-48-dc_pitch-1_speed0.9_noise0.02.wav,./Augcopy2/discomfort79FF400A-97E2-4701-987D-C7C850D5523C-1430089688-1.0-f-48-dc_pitch-1_speed0.9_noise0.02.wav
158,discomfort,discomfort79FF400A-97E2-4701-987D-C7C850D5523C-1430089688-1.0-f-48-dc_pitch-1_speed0.9_noise0.03.wav,./Augcopy2/discomfort79FF400A-97E2-4701-987D-C7C850D5523C-1430089688-1.0-f-48-dc_pitch-1_speed0.9_noise0.03.wav
159,discomfort,discomfort79FF400A-97E2-4701-987D-C7C850D5523C-1430089688-1.0-f-48-dc_pitch-1_speed1.1_noise0.01.wav,./Augcopy2/discomfort79FF400A-97E2-4701-987D-C7C850D5523C-1430089688-1.0-f-48-dc_pitch-1_speed1.1_noise0.01.wav
160,discomfort,discomfort79FF400A-97E2-4701-987D-C7C850D5523C-1430089688-1.0-f-48-dc_pitch-1_speed1.1_noise0.02.wav,./Augcopy2/discomfort79FF400A-97E2-4701-987D-C7C850D5523C-1430089688-1.0-f-48-dc_pitch-1_speed1.1_noise0.02.wav
161,discomfort,discomfort79FF400A-97E2-4701-987D-C7C850D5523C-1430089688-1.0-f-48-dc_pitch-1_speed1.1_noise0.03.wav,./Augcopy2/discomfort79FF400A-97E2-4701-987D-C7C850D5523C-1430089688-1.0-f-48-dc_pitch-1_speed1.1_noise0.03.wav
162,discomfort,discomfort79FF400A-97E2-4701-987D-C7C850D5523C-1430089688-1.0-f-48-dc_pitch2_speed0.9_noise0.01.wav,./Augcopy2/discomfort79FF400A-97E2-4701-987D-C7C850D5523C-1430089688-1.0-f-48-dc_pitch2_speed0.9_noise0.01.wav
163,discomfort,discomfort79FF400A-97E2-4701-987D-C7C850D5523C-1430089688-1.0-f-48-dc_pitch2_speed0.9_noise0.02.wav,./Augcopy2/discomfort79FF400A-97E2-4701-987D-C7C850D5523C-1430089688-1.0-f-48-dc_pitch2_speed0.9_noise0.02.wav
164,discomfort,discomfort79FF400A-97E2-4701-987D-C7C850D5523C-1430089688-1.0-f-48-dc_pitch2_speed0.9_noise0.03.wav,./Augcopy2/discomfort79FF400A-97E2-4701-987D-C7C850D5523C-1430089688-1.0-f-48-dc_pitch2_speed0.9_noise0.03.wav
165,discomfort,discomfort79FF400A-97E2-4701-987D-C7C850D5523C-1430089688-1.0-f-48-dc_pitch2_speed1.1_noise0.01.wav,./Augcopy2/discomfort79FF400A-97E2-4701-987D-C7C850D5523C-1430089688-1.0-f-48-dc_pitch2_speed1.1_noise0.01.wav
166,discomfort,discomfort79FF400A-97E2-4701-987D-C7C850D5523C-1430089688-1.0-f-48-dc_pitch2_speed1.1_noise0.02.wav,./Augcopy2/discomfort79FF400A-97E2-4701-987D-C7C850D5523C-1430089688-1.0-f-48-dc_pitch2_speed1.1_noise0.02.wav
167,discomfort,discomfort79FF400A-97E2-4701-987D-C7C850D5523C-1430089688-1.0-f-48-dc_pitch2_speed1.1_noise0.03.wav,./Augcopy2/discomfort79FF400A-97E2-4701-987D-C7C850D5523C-1430089688-1.0-f-48-dc_pitch2_speed1.1_noise0.03.wav
168,discomfort,discomfort999bf14b-e417-4b44-b746-9253f81efe38-1430845018393-1.7-m-26-ch_pitch-2_speed0.9_noise0.01.wav,./Augcopy2/discomfort999bf14b-e417-4b44-b746-9253f81efe38-1430845018393-1.7-m-26-ch_pitch-2_speed0.9_noise0.01.wav
169,discomfort,discomfort999bf14b-e417-4b44-b746-9253f81efe38-1430845018393-1.7-m-26-ch_pitch-2_speed0.9_noise0.02.wav,./Augcopy2/discomfort999bf14b-e417-4b44-b746-9253f81efe38-1430845018393-1.7-m-26-ch_pitch-2_speed0.9_noise0.02.wav
170,discomfort,discomfort999bf14b-e417-4b44-b746-9253f81efe38-1430845018393-1.7-m-26-ch_pitch-2_speed0.9_noise0.03.wav,./Augcopy2/discomfort999bf14b-e417-4b44-b746-9253f81efe38-1430845018393-1.7-m-26-ch_pitch-2_speed0.9_noise0.03.wav
171,discomfort,discomfort999bf14b-e417-4b44-b746-9253f81efe38-1430845018393-1.7-m-26-ch_pitch-2_speed1.1_noise0.01.wav,./Augcopy2/discomfort999bf14b-e417-4b44-b746-9253f81efe38-1430845018393-1.7-m-26-ch_pitch-2_speed1.1_noise0.01.wav
172,discomfort,discomfort999bf14b-e417-4b44-b746-9253f81efe38-1430845018393-1.7-m-26-ch_pitch-2_speed1.1_noise0.02.wav,./Augcopy2/discomfort999bf14b-e417-4b44-b746-9253f81efe38-1430845018393-1.7-m-26-ch_pitch-2_speed1.1_noise0.02.wav
173,discomfort,discomfort999bf14b-e417-4b44-b746-9253f81efe38-1430845018393-1.7-m-26-ch_pitch-2_speed1.1_noise0.03.wav,./Augcopy2/discomfort999bf14b-e417-4b44-b746-9253f81efe38-1430845018393-1.7-m-26-ch_pitch-2_speed1.1_noise0.03.wav
174,discomfort,discomfort999bf14b-e417-4b44-b746-9253f81efe38-1430845018393-1.7-m-26-ch_pitch1_speed0.9_noise0.01.wav,./Augcopy2/discomfort999bf14b-e417-4b44-b746-9253f81efe38-1430845018393-1.7-m-26-ch_pitch1_speed0.9_noise0.01.wav
175,discomfort,discomfort999bf14b-e417-4b44-b746-9253f81efe38-1430845018393-1.7-m-26-ch_pitch1_speed0.9_noise0.02.wav,./Augcopy2/discomfort999bf14b-e417-4b44-b746-9253f81efe38-1430845018393-1.7-m-26-ch_pitch1_speed0.9_noise0.02.wav
176,discomfort,discomfort999bf14b-e417-4b44-b746-9253f81efe38-1430845018393-1.7-m-26-ch_pitch1_speed0.9_noise0.03.wav,./Augcopy2/discomfort999bf14b-e417-4b44-b746-9253f81efe38-1430845018393-1.7-m-26-ch_pitch1_speed0.9_noise0.03.wav
177,discomfort,discomfort999bf14b-e417-4b44-b746-9253f81efe38-1430845018393-1.7-m-26-ch_pitch1_speed1.1_noise0.01.wav,./Augcopy2/discomfort999bf14b-e417-4b44-b746-9253f81efe38-1430845018393-1.7-m-26-ch_pitch1_speed1.1_noise0.01.wav
178,discomfort,discomfort999bf14b-e417-4b44-b746-9253f81efe38-1430845018393-1.7-m-26-ch_pitch1_speed1.1_noise0.02.wav,./Augcopy2/discomfort999bf14b-e417-4b44-b746-9253f81efe38-1430845018393-1.7-m-26-ch_pitch1_speed1.1_noise0.02.wav
179,discomfort,discomfort999bf14b-e417-4b44-b746-9253f81efe38-1430845018393-1.7-m-26-ch_pitch1_speed1.1_noise0.03.wav,./Augcopy2/discomfort999bf14b-e417-4b44-b746-9253f81efe38-1430845018393-1.7-m-26-ch_pitch1_speed1.1_noise0.03.wav
180,discomfort,discomfort999bf14b-e417-4b44-b746-9253f81efe38-1430845018393-1.7-m-26-ch_pitch-1_speed0.9_noise0.01.wav,./Augcopy2/discomfort999bf14b-e417-4b44-b746-9253f81efe38-1430845018393-1.7-m-26-ch_pitch-1_speed0.9_noise0.01.wav
181,discomfort,discomfort999bf14b-e417-4b44-b746-9253f81efe38-1430845018393-1.7-m-26-ch_pitch-1_speed0.9_noise0.02.wav,./Augcopy2/discomfort999bf14b-e417-4b44-b746-9253f81efe38-1430845018393-1.7-m-26-ch_pitch-1_speed0.9_noise0.02.wav
182,discomfort,discomfort999bf14b-e417-4b44-b746-9253f81efe38-1430845018393-1.7-m-26-ch_pitch-1_speed0.9_noise0.03.wav,./Augcopy2/discomfort999bf14b-e417-4b44-b746-9253f81efe38-1430845018393-1.7-m-26-ch_pitch-1_speed0.9_noise0.03.wav
183,discomfort,discomfort999bf14b-e417-4b44-b746-9253f81efe38-1430845018393-1.7-m-26-ch_pitch-1_speed1.1_noise0.01.wav,./Augcopy2/discomfort999bf14b-e417-4b44-b746-9253f81efe38-1430845018393-1.7-m-26-ch_pitch-1_speed1.1_noise0.01.wav
184,discomfort,discomfort999bf14b-e417-4b44-b746-9253f81efe38-1430845018393-1.7-m-26-ch_pitch-1_speed1.1_noise0.02.wav,./Augcopy2/discomfort999bf14b-e417-4b44-b746-9253f81efe38-1430845018393-1.7-m-26-ch_pitch-1_speed1.1_noise0.02.wav
185,discomfort,discomfort999bf14b-e417-4b44-b746-9253f81efe38-1430845018393-1.7-m-26-ch_pitch-1_speed1.1_noise0.03.wav,./Augcopy2/discomfort999bf14b-e417-4b44-b746-9253f81efe38-1430845018393-1.7-m-26-ch_pitch-1_speed1.1_noise0.03.wav
186,discomfort,discomfort999bf14b-e417-4b44-b746-9253f81efe38-1430845018393-1.7-m-26-ch_pitch2_speed0.9_noise0.01.wav,./Augcopy2/discomfort999bf14b-e417-4b44-b746-9253f81efe38-1430845018393-1.7-m-26-ch_pitch2_speed0.9_noise0.01.wav
187,discomfort,discomfort999bf14b-e417-4b44-b746-9253f81efe38-1430845018393-1.7-m-26-ch_pitch2_speed0.9_noise0.02.wav,./Augcopy2/discomfort999bf14b-e417-4b44-b746-9253f81efe38-1430845018393-1.7-m-26-ch_pitch2_speed0.9_noise0.02.wav
188,discomfort,discomfort999bf14b-e417-4b44-b746-9253f81efe38-1430845018393-1.7-m-26-ch_pitch2_speed0.9_noise0.03.wav,./Augcopy2/discomfort999bf14b-e417-4b44-b746-9253f81efe38-1430845018393-1.7-m-26-ch_pitch2_speed0.9_noise0.03.wav
189,discomfort,discomfort999bf14b-e417-4b44-b746-9253f81efe38-1430845018393-1.7-m-26-ch_pitch2_speed1.1_noise0.01.wav,./Augcopy2/discomfort999bf14b-e417-4b44-b746-9253f81efe38-1430845018393-1.7-m-26-ch_pitch2_speed1.1_noise0.01.wav
190,discomfort,discomfort999bf14b-e417-4b44-b746-9253f81efe38-1430845018393-1.7-m-26-ch_pitch2_speed1.1_noise0.02.wav,./Augcopy2/discomfort999bf14b-e417-4b44-b746-9253f81efe38-1430845018393-1.7-m-26-ch_pitch2_speed1.1_noise0.02.wav
191,discomfort,discomfort999bf14b-e417-4b44-b746-9253f81efe38-1430845018393-1.7-m-26-ch_pitch2_speed1.1_noise0.03.wav,./Augcopy2/discomfort999bf14b-e417-4b44-b746-9253f81efe38-1430845018393-1.7-m-26-ch_pitch2_speed1.1_noise0.03.wav
192,discomfort,discomfort665BDF6D-2897-49F9-8AD0-978B3B2A0468-1430530218-1.0-m-26-dc_pitch-2_speed0.9_noise0.01.wav,./Augcopy2/discomfort665BDF6D-2897-49F9-8AD0-978B3B2A0468-1430530218-1.0-m-26-dc_pitch-2_speed0.9_noise0.01.wav
193,discomfort,discomfort665BDF6D-2897-49F9-8AD0-978B3B2A0468-1430530218-1.0-m-26-dc_pitch-2_speed0.9_noise0.02.wav,./Augcopy2/discomfort665BDF6D-2897-49F9-8AD0-978B3B2A0468-1430530218-1.0-m-26-dc_pitch-2_speed0.9_noise0.02.wav
194,discomfort,discomfort665BDF6D-2897-49F9-8AD0-978B3B2A0468-1430530218-1.0-m-26-dc_pitch-2_speed0.9_noise0.03.wav,./Augcopy2/discomfort665BDF6D-2897-49F9-8AD0-978B3B2A0468-1430530218-1.0-m-26-dc_pitch-2_speed0.9_noise0.03.wav
195,discomfort,discomfort665BDF6D-2897-49F9-8AD0-978B3B2A0468-1430530218-1.0-m-26-dc_pitch-2_speed1.1_noise0.01.wav,./Augcopy2/discomfort665BDF6D-2897-49F9-8AD0-978B3B2A0468-1430530218-1.0-m-26-dc_pitch-2_speed1.1_noise0.01.wav
196,discomfort,discomfort665BDF6D-2897-49F9-8AD0-978B3B2A0468-1430530218-1.0-m-26-dc_pitch-2_speed1.1_noise0.02.wav,./Augcopy2/discomfort665BDF6D-2897-49F9-8AD0-978B3B2A0468-1430530218-1.0-m-26-dc_pitch-2_speed1.1_noise0.02.wav
197,discomfort,discomfort665BDF6D-2897-49F9-8AD0-978B3B2A0468-1430530218-1.0-m-26-dc_pitch-2_speed1.1_noise0.03.wav,./Augcopy2/discomfort665BDF6D-2897-49F9-8AD0-978B3B2A0468-1430530218-1.0-m-26-dc_pitch-2_speed1.1_noise0.03.wav
198,discomfort,discomfort665BDF6D-2897-49F9-8AD0-978B3B2A0468-1430530218-1.0-m-26-dc_pitch1_speed0.9_noise0.01.wav,./Augcopy2/discomfort665BDF6D-2897-49F9-8AD0-978B3B2A0468-1430530218-1.0-m-26-dc_pitch1_speed0.9_noise0.01.wav
199,discomfort,discomfort665BDF6D-2897-49F9-8AD0-978B3B2A0468-1430530218-1.0-m-26-dc_pitch1_speed0.9_noise0.02.wav,./Augcopy2/discomfort665BDF6D-2897-49F9-8AD0-978B3B2A0468-1430530218-1.0-m-26-dc_pitch1_speed0.9_noise0.02.wav
200,discomfort,discomfort665BDF6D-2897-49F9-8AD0-978B3B2A0468-1430530218-1.0-m-26-dc_pitch1_speed0.9_noise0.03.wav,./Augcopy2/discomfort665BDF6D-2897-49F9-8AD0-978B3B2A0468-1430530218-1.0-m-26-dc_pitch1_speed0.9_noise0.03.wav
201,discomfort,discomfort665BDF6D-2897-49F9-8AD0-978B3B2A0468-1430530218-1.0-m-26-dc_pitch1_speed1.1_noise0.01.wav,./Augcopy2/discomfort665BDF6D-2897-49F9-8AD0-978B3B2A0468-1430530218-1.0-m-26-dc_pitch1_speed1.1_noise0.01.wav
202,discomfort,discomfort665BDF6D-2897-49F9-8AD0-978B3B2A0468-1430530218-1.0-m-26-dc_pitch1_speed1.1_noise0.02.wav,./Augcopy2/discomfort665BDF6D-2897-49F9-8AD0-978B3B2A0468-1430530218-1.0-m-26-dc_pitch1_speed1.1_noise0.02.wav
203,discomfort,discomfort665BDF6D-2897-49F9-8AD0-978B3B2A0468-1430530218-1.0-m-26-dc_pitch1_speed1.1_noise0.03.wav,./Augcopy2/discomfort665BDF6D-2897-49F9-8AD0-978B3B2A0468-1430530218-1.0-m-26-dc_pitch1_speed1.1_noise0.03.wav
204,discomfort,discomfort665BDF6D-2897-49F9-8AD0-978B3B2A0468-1430530218-1.0-m-26-dc_pitch-1_speed0.9_noise0.01.wav,./Augcopy2/discomfort665BDF6D-2897-49F9-8AD0-978B3B2A0468-1430530218-1.0-m-26-dc_pitch-1_speed0.9_noise0.01.wav
205,discomfort,discomfort665BDF6D-2897-49F9-8AD0-978B3B2A0468-1430530218-1.0-m-26-dc_pitch-1_speed0.9_noise0.02.wav,./Augcopy2/discomfort665BDF6D-2897-49F9-8AD0-978B3B2A0468-1430530218-1.0-m-26-dc_pitch-1_speed0.9_noise0.02.wav
206,discomfort,discomfort665BDF6D-2897-49F9-8AD0-978B3B2A0468-1430530218-1.0-m-26-dc_pitch-1_speed0.9_noise0.03.wav,./Augcopy2/discomfort665BDF6D-2897-49F9-8AD0-978B3B2A0468-1430530218-1.0-m-26-dc_pitch-1_speed0.9_noise0.03.wav
207,discomfort,discomfort665BDF6D-2897-49F9-8AD0-978B3B2A0468-1430530218-1.0-m-26-dc_pitch-1_speed1.1_noise0.01.wav,./Augcopy2/discomfort665BDF6D-2897-49F9-8AD0-978B3B2A0468-1430530218-1.0-m-26-dc_pitch-1_speed1.1_noise0.01.wav
208,discomfort,discomfort665BDF6D-2897-49F9-8AD0-978B3B2A0468-1430530218-1.0-m-26-dc_pitch-1_speed1.1_noise0.02.wav,./Augcopy2/discomfort665BDF6D-2897-49F9-8AD0-978B3B2A0468-1430530218-1.0-m-26-dc_pitch-1_speed1.1_noise0.02.wav
209,discomfort,discomfort665BDF6D-2897-49F9-8AD0-978B3B2A0468-1430530218-1.0-m-26-dc_pitch-1_speed1.1_noise0.03.wav,./Augcopy2/discomfort665BDF6D-2897-49F9-8AD0-978B3B2A0468-1430530218-1.0-m-26-dc_pitch-1_speed1.1_noise0.03.wav
210,discomfort,discomfort665BDF6D-2897-49F9-8AD0-978B3B2A0468-1430530218-1.0-m-26-dc_pitch2_speed0.9_noise0.01.wav,./Augcopy2/discomfort665BDF6D-2897-49F9-8AD0-978B3B2A0468-1430530218-1.0-m-26-dc_pitch2_speed0.9_noise0.01.wav
211,discomfort,discomfort665BDF6D-2897-49F9-8AD0-978B3B2A0468-1430530218-1.0-m-26-dc_pitch2_speed0.9_noise0.02.wav,./Augcopy2/discomfort665BDF6D-2897-49F9-8AD0-978B3B2A0468-1430530218-1.0-m-26-dc_pitch2_speed0.9_noise0.02.wav
212,discomfort,discomfort665BDF6D-2897-49F9-8AD0-978B3B2A0468-1430530218-1.0-m-26-dc_pitch2_speed0.9_noise0.03.wav,./Augcopy2/discomfort665BDF6D-2897-49F9-8AD0-978B3B2A0468-1430530218-1.0-m-26-dc_pitch2_speed0.9_noise0.03.wav
213,discomfort,discomfort665BDF6D-2897-49F9-8AD0-978B3B2A0468-1430530218-1.0-m-26-dc_pitch2_speed1.1_noise0.01.wav,./Augcopy2/discomfort665BDF6D-2897-49F9-8AD0-978B3B2A0468-1430530218-1.0-m-26-dc_pitch2_speed1.1_noise0.01.wav
214,discomfort,discomfort665BDF6D-2897-49F9-8AD0-978B3B2A0468-1430530218-1.0-m-26-dc_pitch2_speed1.1_noise0.02.wav,./Augcopy2/discomfort665BDF6D-2897-49F9-8AD0-978B3B2A0468-1430530218-1.0-m-26-dc_pitch2_speed1.1_noise0.02.wav
215,discomfort,discomfort665BDF6D-2897-49F9-8AD0-978B3B2A0468-1430530218-1.0-m-26-dc_pitch2_speed1.1_noise0.03.wav,./Augcopy2/discomfort665BDF6D-2897-49F9-8AD0-978B3B2A0468-1430530218-1.0-m-26-dc_pitch2_speed1.1_noise0.03.wav
216,discomfort,discomfort1309B82C-F146-46F0-A723-45345AFA6EA8-1430703937-1.0-f-48-dc_pitch-2_speed0.9_noise0.01.wav,./Augcopy2/discomfort1309B82C-F146-46F0-A723-45345AFA6EA8-1430703937-1.0-f-48-dc_pitch-2_speed0.9_noise0.01.wav
217,discomfort,discomfort1309B82C-F146-46F0-A723-45345AFA6EA8-1430703937-1.0-f-48-dc_pitch-2_speed0.9_noise0.02.wav,./Augcopy2/discomfort1309B82C-F146-46F0-A723-45345AFA6EA8-1430703937-1.0-f-48-dc_pitch-2_speed0.9_noise0.02.wav
218,discomfort,discomfort1309B82C-F146-46F0-A723-45345AFA6EA8-1430703937-1.0-f-48-dc_pitch-2_speed0.9_noise0.03.wav,./Augcopy2/discomfort1309B82C-F146-46F0-A723-45345AFA6EA8-1430703937-1.0-f-48-dc_pitch-2_speed0.9_noise0.03.wav
219,discomfort,discomfort1309B82C-F146-46F0-A723-45345AFA6EA8-1430703937-1.0-f-48-dc_pitch-2_speed1.1_noise0.01.wav,./Augcopy2/discomfort1309B82C-F146-46F0-A723-45345AFA6EA8-1430703937-1.0-f-48-dc_pitch-2_speed1.1_noise0.01.wav
220,discomfort,discomfort1309B82C-F146-46F0-A723-45345AFA6EA8-1430703937-1.0-f-48-dc_pitch-2_speed1.1_noise0.02.wav,./Augcopy2/discomfort1309B82C-F146-46F0-A723-45345AFA6EA8-1430703937-1.0-f-48-dc_pitch-2_speed1.1_noise0.02.wav
221,discomfort,discomfort1309B82C-F146-46F0-A723-45345AFA6EA8-1430703937-1.0-f-48-dc_pitch-2_speed1.1_noise0.03.wav,./Augcopy2/discomfort1309B82C-F146-46F0-A723-45345AFA6EA8-1430703937-1.0-f-48-dc_pitch-2_speed1.1_noise0.03.wav
222,discomfort,discomfort1309B82C-F146-46F0-A723-45345AFA6EA8-1430703937-1.0-f-48-dc_pitch1_speed0.9_noise0.01.wav,./Augcopy2/discomfort1309B82C-F146-46F0-A723-45345AFA6EA8-1430703937-1.0-f-48-dc_pitch1_speed0.9_noise0.01.wav
223,discomfort,discomfort1309B82C-F146-46F0-A723-45345AFA6EA8-1430703937-1.0-f-48-dc_pitch1_speed0.9_noise0.02.wav,./Augcopy2/discomfort1309B82C-F146-46F0-A723-45345AFA6EA8-1430703937-1.0-f-48-dc_pitch1_speed0.9_noise0.02.wav
224,discomfort,discomfort1309B82C-F146-46F0-A723-45345AFA6EA8-1430703937-1.0-f-48-dc_pitch1_speed0.9_noise0.03.wav,./Augcopy2/discomfort1309B82C-F146-46F0-A723-45345AFA6EA8-1430703937-1.0-f-48-dc_pitch1_speed0.9_noise0.03.wav
225,discomfort,discomfort1309B82C-F146-46F0-A723-45345AFA6EA8-1430703937-1.0-f-48-dc_pitch1_speed1.1_noise0.01.wav,./Augcopy2/discomfort1309B82C-F146-46F0-A723-45345AFA6EA8-1430703937-1.0-f-48-dc_pitch1_speed1.1_noise0.01.wav
226,discomfort,discomfort1309B82C-F146-46F0-A723-45345AFA6EA8-1430703937-1.0-f-48-dc_pitch1_speed1.1_noise0.02.wav,./Augcopy2/discomfort1309B82C-F146-46F0-A723-45345AFA6EA8-1430703937-1.0-f-48-dc_pitch1_speed1.1_noise0.02.wav
227,discomfort,discomfort1309B82C-F146-46F0-A723-45345AFA6EA8-1430703937-1.0-f-48-dc_pitch1_speed1.1_noise0.03.wav,./Augcopy2/discomfort1309B82C-F146-46F0-A723-45345AFA6EA8-1430703937-1.0-f-48-dc_pitch1_speed1.1_noise0.03.wav
228,discomfort,discomfort1309B82C-F146-46F0-A723-45345AFA6EA8-1430703937-1.0-f-48-dc_pitch-1_speed0.9_noise0.01.wav,./Augcopy2/discomfort1309B82C-F146-46F0-A723-45345AFA6EA8-1430703937-1.0-f-48-dc_pitch-1_speed0.9_noise0.01.wav
229,discomfort,discomfort1309B82C-F146-46F0-A723-45345AFA6EA8-1430703937-1.0-f-48-dc_pitch-1_speed0.9_noise0.02.wav,./Augcopy2/discomfort1309B82C-F146-46F0-A723-45345AFA6EA8-1430703937-1.0-f-48-dc_pitch-1_speed0.9_noise0.02.wav
230,discomfort,discomfort1309B82C-F146-46F0-A723-45345AFA6EA8-1430703937-1.0-f-48-dc_pitch-1_speed0.9_noise0.03.wav,./Augcopy2/discomfort1309B82C-F146-46F0-A723-45345AFA6EA8-1430703937-1.0-f-48-dc_pitch-1_speed0.9_noise0.03.wav
231,discomfort,discomfort1309B82C-F146-46F0-A723-45345AFA6EA8-1430703937-1.0-f-48-dc_pitch-1_speed1.1_noise0.01.wav,./Augcopy2/discomfort1309B82C-F146-46F0-A723-45345AFA6EA8-1430703937-1.0-f-48-dc_pitch-1_speed1.1_noise0.01.wav
232,discomfort,discomfort1309B82C-F146-46F0-A723-45345AFA6EA8-1430703937-1.0-f-48-dc_pitch-1_speed1.1_noise0.02.wav,./Augcopy2/discomfort1309B82C-F146-46F0-A723-45345AFA6EA8-1430703937-1.0-f-48-dc_pitch-1_speed1.1_noise0.02.wav
233,discomfort,discomfort1309B82C-F146-46F0-A723-45345AFA6EA8-1430703937-1.0-f-48-dc_pitch-1_speed1.1_noise0.03.wav,./Augcopy2/discomfort1309B82C-F146-46F0-A723-45345AFA6EA8-1430703937-1.0-f-48-dc_pitch-1_speed1.1_noise0.03.wav
234,discomfort,discomfort1309B82C-F146-46F0-A723-45345AFA6EA8-1430703937-1.0-f-48-dc_pitch2_speed0.9_noise0.01.wav,./Augcopy2/discomfort1309B82C-F146-46F0-A723-45345AFA6EA8-1430703937-1.0-f-48-dc_pitch2_speed0.9_noise0.01.wav
235,discomfort,discomfort1309B82C-F146-46F0-A723-45345AFA6EA8-1430703937-1.0-f-48-dc_pitch2_speed0.9_noise0.02.wav,./Augcopy2/discomfort1309B82C-F146-46F0-A723-45345AFA6EA8-1430703937-1.0-f-48-dc_pitch2_speed0.9_noise0.02.wav
236,discomfort,discomfort1309B82C-F146-46F0-A723-45345AFA6EA8-1430703937-1.0-f-48-dc_pitch2_speed0.9_noise0.03.wav,./Augcopy2/discomfort1309B82C-F146-46F0-A723-45345AFA6EA8-1430703937-1.0-f-48-dc_pitch2_speed0.9_noise0.03.wav
237,discomfort,discomfort1309B82C-F146-46F0-A723-45345AFA6EA8-1430703937-1.0-f-48-dc_pitch2_speed1.1_noise0.01.wav,./Augcopy2/discomfort1309B82C-F146-46F0-A723-45345AFA6EA8-1430703937-1.0-f-48-dc_pitch2_speed1.1_noise0.01.wav
238,discomfort,discomfort1309B82C-F146-46F0-A723-45345AFA6EA8-1430703937-1.0-f-48-dc_pitch2_speed1.1_noise0.02.wav,./Augcopy2/discomfort1309B82C-F146-46F0-A723-45345AFA6EA8-1430703937-1.0-f-48-dc_pitch2_speed1.1_noise0.02.wav
239,discomfort,discomfort1309B82C-F146-46F0-A723-45345AFA6EA8-1430703937-1.0-f-48-dc_pitch2_speed1.1_noise0.03.wav,./Augcopy2/discomfort1309B82C-F146-46F0-A723-45345AFA6EA8-1430703937-1.0-f-48-dc_pitch2_speed1.1_noise0.03.wav
240,discomfort,discomfort999bf14b-e417-4b44-b746-9253f81efe38-1430845035663-1.7-m-26-ch_pitch-2_speed0.9_noise0.01.wav,./Augcopy2/discomfort999bf14b-e417-4b44-b746-9253f81efe38-1430845035663-1.7-m-26-ch_pitch-2_speed0.9_noise0.01.wav
241,discomfort,discomfort999bf14b-e417-4b44-b746-9253f81efe38-1430845035663-1.7-m-26-ch_pitch-2_speed0.9_noise0.02.wav,./Augcopy2/discomfort999bf14b-e417-4b44-b746-9253f81efe38-1430845035663-1.7-m-26-ch_pitch-2_speed0.9_noise0.02.wav
242,discomfort,discomfort999bf14b-e417-4b44-b746-9253f81efe38-1430845035663-1.7-m-26-ch_pitch-2_speed0.9_noise0.03.wav,./Augcopy2/discomfort999bf14b-e417-4b44-b746-9253f81efe38-1430845035663-1.7-m-26-ch_pitch-2_speed0.9_noise0.03.wav
243,discomfort,discomfort999bf14b-e417-4b44-b746-9253f81efe38-1430845035663-1.7-m-26-ch_pitch-2_speed1.1_noise0.01.wav,./Augcopy2/discomfort999bf14b-e417-4b44-b746-9253f81efe38-1430845035663-1.7-m-26-ch_pitch-2_speed1.1_noise0.01.wav
244,discomfort,discomfort999bf14b-e417-4b44-b746-9253f81efe38-1430845035663-1.7-m-26-ch_pitch-2_speed1.1_noise0.02.wav,./Augcopy2/discomfort999bf14b-e417-4b44-b746-9253f81efe38-1430845035663-1.7-m-26-ch_pitch-2_speed1.1_noise0.02.wav
245,discomfort,discomfort999bf14b-e417-4b44-b746-9253f81efe38-1430845035663-1.7-m-26-ch_pitch-2_speed1.1_noise0.03.wav,./Augcopy2/discomfort999bf14b-e417-4b44-b746-9253f81efe38-1430845035663-1.7-m-26-ch_pitch-2_speed1.1_noise0.03.wav
246,discomfort,discomfort999bf14b-e417-4b44-b746-9253f81efe38-1430845035663-1.7-m-26-ch_pitch1_speed0.9_noise0.01.wav,./Augcopy2/discomfort999bf14b-e417-4b44-b746-9253f81efe38-1430845035663-1.7-m-26-ch_pitch1_speed0.9_noise0.01.wav
247,discomfort,discomfort999bf14b-e417-4b44-b746-9253f81efe38-1430845035663-1.7-m-26-ch_pitch1_speed0.9_noise0.02.wav,./Augcopy2/discomfort999bf14b-e417-4b44-b746-9253f81efe38-1430845035663-1.7-m-26-ch_pitch1_speed0.9_noise0.02.wav
248,discomfort,discomfort999bf14b-e417-4b44-b746-9253f81efe38-1430845035663-1.7-m-26-ch_pitch1_speed0.9_noise0.03.wav,./Augcopy2/discomfort999bf14b-e417-4b44-b746-9253f81efe38-1430845035663-1.7-m-26-ch_pitch1_speed0.9_noise0.03.wav
249,discomfort,discomfort999bf14b-e417-4b44-b746-9253f81efe38-1430845035663-1.7-m-26-ch_pitch1_speed1.1_noise0.01.wav,./Augcopy2/discomfort999bf14b-e417-4b44-b746-9253f81efe38-1430845035663-1.7-m-26-ch_pitch1_speed1.1_noise0.01.wav
250,discomfort,discomfort999bf14b-e417-4b44-b746-9253f81efe38-1430845035663-1.7-m-26-ch_pitch1_speed1.1_noise0.02.wav,./Augcopy2/discomfort999bf14b-e417-4b44-b746-9253f81efe38-1430845035663-1.7-m-26-ch_pitch1_speed1.1_noise0.02.wav
251,discomfort,discomfort999bf14b-e417-4b44-b746-9253f81efe38-1430845035663-1.7-m-26-ch_pitch1_speed1.1_noise0.03.wav,./Augcopy2/discomfort999bf14b-e417-4b44-b746-9253f81efe38-1430845035663-1.7-m-26-ch_pitch1_speed1.1_noise0.03.wav
252,discomfort,discomfort999bf14b-e417-4b44-b746-9253f81efe38-1430845035663-1.7-m-26-ch_pitch-1_speed0.9_noise0.01.wav,./Augcopy2/discomfort999bf14b-e417-4b44-b746-9253f81efe38-1430845035663-1.7-m-26-ch_pitch-1_speed0.9_noise0.01.wav
253,discomfort,discomfort999bf14b-e417-4b44-b746-9253f81efe38-1430845035663-1.7-m-26-ch_pitch-1_speed0.9_noise0.02.wav,./Augcopy2/discomfort999bf14b-e417-4b44-b746-9253f81efe38-1430845035663-1.7-m-26-ch_pitch-1_speed0.9_noise0.02.wav
254,discomfort,discomfort999bf14b-e417-4b44-b746-9253f81efe38-1430845035663-1.7-m-26-ch_pitch-1_speed0.9_noise0.03.wav,./Augcopy2/discomfort999bf14b-e417-4b44-b746-9253f81efe38-1430845035663-1.7-m-26-ch_pitch-1_speed0.9_noise0.03.wav
255,discomfort,discomfort999bf14b-e417-4b44-b746-9253f81efe38-1430845035663-1.7-m-26-ch_pitch-1_speed1.1_noise0.01.wav,./Augcopy2/discomfort999bf14b-e417-4b44-b746-9253f81efe38-1430845035663-1.7-m-26-ch_pitch-1_speed1.1_noise0.01.wav
256,discomfort,discomfort999bf14b-e417-4b44-b746-9253f81efe38-1430845035663-1.7-m-26-ch_pitch-1_speed1.1_noise0.02.wav,./Augcopy2/discomfort999bf14b-e417-4b44-b746-9253f81efe38-1430845035663-1.7-m-26-ch_pitch-1_speed1.1_noise0.02.wav
257,discomfort,discomfort999bf14b-e417-4b44-b746-9253f81efe38-1430845035663-1.7-m-26-ch_pitch-1_speed1.1_noise0.03.wav,./Augcopy2/discomfort999bf14b-e417-4b44-b746-9253f81efe38-1430845035663-1.7-m-26-ch_pitch-1_speed1.1_noise0.03.wav
258,discomfort,discomfort999bf14b-e417-4b44-b746-9253f81efe38-1430845035663-1.7-m-26-ch_pitch2_speed0.9_noise0.01.wav,./Augcopy2/discomfort999bf14b-e417-4b44-b746-9253f81efe38-1430845035663-1.7-m-26-ch_pitch2_speed0.9_noise0.01.wav
259,discomfort,discomfort999bf14b-e417-4b44-b746-9253f81efe38-1430845035663-1.7-m-26-ch_pitch2_speed0.9_noise0.02.wav,./Augcopy2/discomfort999bf14b-e417-4b44-b746-9253f81efe38-1430845035663-1.7-m-26-ch_pitch2_speed0.9_noise0.02.wav
260,discomfort,discomfort999bf14b-e417-4b44-b746-9253f81efe38-1430845035663-1.7-m-26-ch_pitch2_speed0.9_noise0.03.wav,./Augcopy2/discomfort999bf14b-e417-4b44-b746-9253f81efe38-1430845035663-1.7-m-26-ch_pitch2_speed0.9_noise0.03.wav
261,discomfort,discomfort999bf14b-e417-4b44-b746-9253f81efe38-1430845035663-1.7-m-26-ch_pitch2_speed1.1_noise0.01.wav,./Augcopy2/discomfort999bf14b-e417-4b44-b746-9253f81efe38-1430845035663-1.7-m-26-ch_pitch2_speed1.1_noise0.01.wav
262,discomfort,discomfort999bf14b-e417-4b44-b746-9253f81efe38-1430845035663-1.7-m-26-ch_pitch2_speed1.1_noise0.02.wav,./Augcopy2/discomfort999bf14b-e417-4b44-b746-9253f81efe38-1430845035663-1.7-m-26-ch_pitch2_speed1.1_noise0.02.wav
263,discomfort,discomfort999bf14b-e417-4b44-b746-9253f81efe38-1430845035663-1.7-m-26-ch_pitch2_speed1.1_noise0.03.wav,./Augcopy2/discomfort999bf14b-e417-4b44-b746-9253f81efe38-1430845035663-1.7-m-26-ch_pitch2_speed1.1_noise0.03.wav
264,discomfort,discomfort10A40438-09AA-4A21-83B4-8119F03F7A11-1430925142-1.0-f-26-dc_pitch-2_speed0.9_noise0.01.wav,./Augcopy2/discomfort10A40438-09AA-4A21-83B4-8119F03F7A11-1430925142-1.0-f-26-dc_pitch-2_speed0.9_noise0.01.wav
265,discomfort,discomfort10A40438-09AA-4A21-83B4-8119F03F7A11-1430925142-1.0-f-26-dc_pitch-2_speed0.9_noise0.02.wav,./Augcopy2/discomfort10A40438-09AA-4A21-83B4-8119F03F7A11-1430925142-1.0-f-26-dc_pitch-2_speed0.9_noise0.02.wav
266,discomfort,discomfort10A40438-09AA-4A21-83B4-8119F03F7A11-1430925142-1.0-f-26-dc_pitch-2_speed0.9_noise0.03.wav,./Augcopy2/discomfort10A40438-09AA-4A21-83B4-8119F03F7A11-1430925142-1.0-f-26-dc_pitch-2_speed0.9_noise0.03.wav
267,discomfort,discomfort10A40438-09AA-4A21-83B4-8119F03F7A11-1430925142-1.0-f-26-dc_pitch-2_speed1.1_noise0.01.wav,./Augcopy2/discomfort10A40438-09AA-4A21-83B4-8119F03F7A11-1430925142-1.0-f-26-dc_pitch-2_speed1.1_noise0.01.wav
268,discomfort,discomfort10A40438-09AA-4A21-83B4-8119F03F7A11-1430925142-1.0-f-26-dc_pitch-2_speed1.1_noise0.02.wav,./Augcopy2/discomfort10A40438-09AA-4A21-83B4-8119F03F7A11-1430925142-1.0-f-26-dc_pitch-2_speed1.1_noise0.02.wav
269,discomfort,discomfort10A40438-09AA-4A21-83B4-8119F03F7A11-1430925142-1.0-f-26-dc_pitch-2_speed1.1_noise0.03.wav,./Augcopy2/discomfort10A40438-09AA-4A21-83B4-8119F03F7A11-1430925142-1.0-f-26-dc_pitch-2_speed1.1_noise0.03.wav
270,discomfort,discomfort10A40438-09AA-4A21-83B4-8119F03F7A11-1430925142-1.0-f-26-dc_pitch1_speed0.9_noise0.01.wav,./Augcopy2/discomfort10A40438-09AA-4A21-83B4-8119F03F7A11-1430925142-1.0-f-26-dc_pitch1_speed0.9_noise0.01.wav
271,discomfort,discomfort10A40438-09AA-4A21-83B4-8119F03F7A11-1430925142-1.0-f-26-dc_pitch1_speed0.9_noise0.02.wav,./Augcopy2/discomfort10A40438-09AA-4A21-83B4-8119F03F7A11-1430925142-1.0-f-26-dc_pitch1_speed0.9_noise0.02.wav
272,discomfort,discomfort10A40438-09AA-4A21-83B4-8119F03F7A11-1430925142-1.0-f-26-dc_pitch1_speed0.9_noise0.03.wav,./Augcopy2/discomfort10A40438-09AA-4A21-83B4-8119F03F7A11-1430925142-1.0-f-26-dc_pitch1_speed0.9_noise0.03.wav
273,discomfort,discomfort10A40438-09AA-4A21-83B4-8119F03F7A11-1430925142-1.0-f-26-dc_pitch1_speed1.1_noise0.01.wav,./Augcopy2/discomfort10A40438-09AA-4A21-83B4-8119F03F7A11-1430925142-1.0-f-26-dc_pitch1_speed1.1_noise0.01.wav
274,discomfort,discomfort10A40438-09AA-4A21-83B4-8119F03F7A11-1430925142-1.0-f-26-dc_pitch1_speed1.1_noise0.02.wav,./Augcopy2/discomfort10A40438-09AA-4A21-83B4-8119F03F7A11-1430925142-1.0-f-26-dc_pitch1_speed1.1_noise0.02.wav
275,discomfort,discomfort10A40438-09AA-4A21-83B4-8119F03F7A11-1430925142-1.0-f-26-dc_pitch1_speed1.1_noise0.03.wav,./Augcopy2/discomfort10A40438-09AA-4A21-83B4-8119F03F7A11-1430925142-1.0-f-26-dc_pitch1_speed1.1_noise0.03.wav
276,discomfort,discomfort10A40438-09AA-4A21-83B4-8119F03F7A11-1430925142-1.0-f-26-dc_pitch-1_speed0.9_noise0.01.wav,./Augcopy2/discomfort10A40438-09AA-4A21-83B4-8119F03F7A11-1430925142-1.0-f-26-dc_pitch-1_speed0.9_noise0.01.wav
277,discomfort,discomfort10A40438-09AA-4A21-83B4-8119F03F7A11-1430925142-1.0-f-26-dc_pitch-1_speed0.9_noise0.02.wav,./Augcopy2/discomfort10A40438-09AA-4A21-83B4-8119F03F7A11-1430925142-1.0-f-26-dc_pitch-1_speed0.9_noise0.02.wav
278,discomfort,discomfort10A40438-09AA-4A21-83B4-8119F03F7A11-1430925142-1.0-f-26-dc_pitch-1_speed0.9_noise0.03.wav,./Augcopy2/discomfort10A40438-09AA-4A21-83B4-8119F03F7A11-1430925142-1.0-f-26-dc_pitch-1_speed0.9_noise0.03.wav
279,discomfort,discomfort10A40438-09AA-4A21-83B4-8119F03F7A11-1430925142-1.0-f-26-dc_pitch-1_speed1.1_noise0.01.wav,./Augcopy2/discomfort10A40438-09AA-4A21-83B4-8119F03F7A11-1430925142-1.0-f-26-dc_pitch-1_speed1.1_noise0.01.wav
280,discomfort,discomfort10A40438-09AA-4A21-83B4-8119F03F7A11-1430925142-1.0-f-26-dc_pitch-1_speed1.1_noise0.02.wav,./Augcopy2/discomfort10A40438-09AA-4A21-83B4-8119F03F7A11-1430925142-1.0-f-26-dc_pitch-1_speed1.1_noise0.02.wav
281,discomfort,discomfort10A40438-09AA-4A21-83B4-8119F03F7A11-1430925142-1.0-f-26-dc_pitch-1_speed1.1_noise0.03.wav,./Augcopy2/discomfort10A40438-09AA-4A21-83B4-8119F03F7A11-1430925142-1.0-f-26-dc_pitch-1_speed1.1_noise0.03.wav
282,discomfort,discomfort10A40438-09AA-4A21-83B4-8119F03F7A11-1430925142-1.0-f-26-dc_pitch2_speed0.9_noise0.01.wav,./Augcopy2/discomfort10A40438-09AA-4A21-83B4-8119F03F7A11-1430925142-1.0-f-26-dc_pitch2_speed0.9_noise0.01.wav
283,tired,tired5B416CE8-2591-4531-9ADC-86D085B5D48B-1430144827-1.0-m-48-ti_pitch-2_speed0.9_noise0.01.wav,./Augcopy2/tired5B416CE8-2591-4531-9ADC-86D085B5D48B-1430144827-1.0-m-48-ti_pitch-2_speed0.9_noise0.01.wav
284,tired,tired5B416CE8-2591-4531-9ADC-86D085B5D48B-1430144827-1.0-m-48-ti_pitch-2_speed0.9_noise0.02.wav,./Augcopy2/tired5B416CE8-2591-4531-9ADC-86D085B5D48B-1430144827-1.0-m-48-ti_pitch-2_speed0.9_noise0.02.wav
285,tired,tired5B416CE8-2591-4531-9ADC-86D085B5D48B-1430144827-1.0-m-48-ti_pitch-2_speed0.9_noise0.03.wav,./Augcopy2/tired5B416CE8-2591-4531-9ADC-86D085B5D48B-1430144827-1.0-m-48-ti_pitch-2_speed0.9_noise0.03.wav
286,tired,tired5B416CE8-2591-4531-9ADC-86D085B5D48B-1430144827-1.0-m-48-ti_pitch-2_speed1.1_noise0.01.wav,./Augcopy2/tired5B416CE8-2591-4531-9ADC-86D085B5D48B-1430144827-1.0-m-48-ti_pitch-2_speed1.1_noise0.01.wav
287,tired,tired5B416CE8-2591-4531-9ADC-86D085B5D48B-1430144827-1.0-m-48-ti_pitch-2_speed1.1_noise0.02.wav,./Augcopy2/tired5B416CE8-2591-4531-9ADC-86D085B5D48B-1430144827-1.0-m-48-ti_pitch-2_speed1.1_noise0.02.wav
288,tired,tired5B416CE8-2591-4531-9ADC-86D085B5D48B-1430144827-1.0-m-48-ti_pitch-2_speed1.1_noise0.03.wav,./Augcopy2/tired5B416CE8-2591-4531-9ADC-86D085B5D48B-1430144827-1.0-m-48-ti_pitch-2_speed1.1_noise0.03.wav
289,tired,tired5B416CE8-2591-4531-9ADC-86D085B5D48B-1430144827-1.0-m-48-ti_pitch1_speed0.9_noise0.01.wav,./Augcopy2/tired5B416CE8-2591-4531-9ADC-86D085B5D48B-1430144827-1.0-m-48-ti_pitch1_speed0.9_noise0.01.wav
290,tired,tired5B416CE8-2591-4531-9ADC-86D085B5D48B-1430144827-1.0-m-48-ti_pitch1_speed0.9_noise0.02.wav,./Augcopy2/tired5B416CE8-2591-4531-9ADC-86D085B5D48B-1430144827-1.0-m-48-ti_pitch1_speed0.9_noise0.02.wav
291,tired,tired5B416CE8-2591-4531-9ADC-86D085B5D48B-1430144827-1.0-m-48-ti_pitch1_speed0.9_noise0.03.wav,./Augcopy2/tired5B416CE8-2591-4531-9ADC-86D085B5D48B-1430144827-1.0-m-48-ti_pitch1_speed0.9_noise0.03.wav
292,tired,tired5B416CE8-2591-4531-9ADC-86D085B5D48B-1430144827-1.0-m-48-ti_pitch1_speed1.1_noise0.01.wav,./Augcopy2/tired5B416CE8-2591-4531-9ADC-86D085B5D48B-1430144827-1.0-m-48-ti_pitch1_speed1.1_noise0.01.wav
293,tired,tired5B416CE8-2591-4531-9ADC-86D085B5D48B-1430144827-1.0-m-48-ti_pitch1_speed1.1_noise0.02.wav,./Augcopy2/tired5B416CE8-2591-4531-9ADC-86D085B5D48B-1430144827-1.0-m-48-ti_pitch1_speed1.1_noise0.02.wav
294,tired,tired5B416CE8-2591-4531-9ADC-86D085B5D48B-1430144827-1.0-m-48-ti_pitch1_speed1.1_noise0.03.wav,./Augcopy2/tired5B416CE8-2591-4531-9ADC-86D085B5D48B-1430144827-1.0-m-48-ti_pitch1_speed1.1_noise0.03.wav
295,tired,tired5B416CE8-2591-4531-9ADC-86D085B5D48B-1430144827-1.0-m-48-ti_pitch-1_speed0.9_noise0.01.wav,./Augcopy2/tired5B416CE8-2591-4531-9ADC-86D085B5D48B-1430144827-1.0-m-48-ti_pitch-1_speed0.9_noise0.01.wav
296,tired,tired5B416CE8-2591-4531-9ADC-86D085B5D48B-1430144827-1.0-m-48-ti_pitch-1_speed0.9_noise0.02.wav,./Augcopy2/tired5B416CE8-2591-4531-9ADC-86D085B5D48B-1430144827-1.0-m-48-ti_pitch-1_speed0.9_noise0.02.wav
297,tired,tired5B416CE8-2591-4531-9ADC-86D085B5D48B-1430144827-1.0-m-48-ti_pitch-1_speed0.9_noise0.03.wav,./Augcopy2/tired5B416CE8-2591-4531-9ADC-86D085B5D48B-1430144827-1.0-m-48-ti_pitch-1_speed0.9_noise0.03.wav
298,tired,tired5B416CE8-2591-4531-9ADC-86D085B5D48B-1430144827-1.0-m-48-ti_pitch-1_speed1.1_noise0.01.wav,./Augcopy2/tired5B416CE8-2591-4531-9ADC-86D085B5D48B-1430144827-1.0-m-48-ti_pitch-1_speed1.1_noise0.01.wav
299,tired,tired5B416CE8-2591-4531-9ADC-86D085B5D48B-1430144827-1.0-m-48-ti_pitch-1_speed1.1_noise0.02.wav,./Augcopy2/tired5B416CE8-2591-4531-9ADC-86D085B5D48B-1430144827-1.0-m-48-ti_pitch-1_speed1.1_noise0.02.wav
300,tired,tired5B416CE8-2591-4531-9ADC-86D085B5D48B-1430144827-1.0-m-48-ti_pitch-1_speed1.1_noise0.03.wav,./Augcopy2/tired5B416CE8-2591-4531-9ADC-86D085B5D48B-1430144827-1.0-m-48-ti_pitch-1_speed1.1_noise0.03.wav
301,tired,tired5B416CE8-2591-4531-9ADC-86D085B5D48B-1430144827-1.0-m-48-ti_pitch2_speed0.9_noise0.01.wav,./Augcopy2/tired5B416CE8-2591-4531-9ADC-86D085B5D48B-1430144827-1.0-m-48-ti_pitch2_speed0.9_noise0.01.wav
302,tired,tired5B416CE8-2591-4531-9ADC-86D085B5D48B-1430144827-1.0-m-48-ti_pitch2_speed0.9_noise0.02.wav,./Augcopy2/tired5B416CE8-2591-4531-9ADC-86D085B5D48B-1430144827-1.0-m-48-ti_pitch2_speed0.9_noise0.02.wav
303,tired,tired5B416CE8-2591-4531-9ADC-86D085B5D48B-1430144827-1.0-m-48-ti_pitch2_speed0.9_noise0.03.wav,./Augcopy2/tired5B416CE8-2591-4531-9ADC-86D085B5D48B-1430144827-1.0-m-48-ti_pitch2_speed0.9_noise0.03.wav
304,tired,tired5B416CE8-2591-4531-9ADC-86D085B5D48B-1430144827-1.0-m-48-ti_pitch2_speed1.1_noise0.01.wav,./Augcopy2/tired5B416CE8-2591-4531-9ADC-86D085B5D48B-1430144827-1.0-m-48-ti_pitch2_speed1.1_noise0.01.wav
305,tired,tired5B416CE8-2591-4531-9ADC-86D085B5D48B-1430144827-1.0-m-48-ti_pitch2_speed1.1_noise0.02.wav,./Augcopy2/tired5B416CE8-2591-4531-9ADC-86D085B5D48B-1430144827-1.0-m-48-ti_pitch2_speed1.1_noise0.02.wav
306,tired,tired5B416CE8-2591-4531-9ADC-86D085B5D48B-1430144827-1.0-m-48-ti_pitch2_speed1.1_noise0.03.wav,./Augcopy2/tired5B416CE8-2591-4531-9ADC-86D085B5D48B-1430144827-1.0-m-48-ti_pitch2_speed1.1_noise0.03.wav
307,tired,tiredca7d8d54-13cb-4060-8db4-90651b60c078-1434674792223-1.7-f-26-ti_pitch-2_speed0.9_noise0.01.wav,./Augcopy2/tiredca7d8d54-13cb-4060-8db4-90651b60c078-1434674792223-1.7-f-26-ti_pitch-2_speed0.9_noise0.01.wav
308,tired,tiredca7d8d54-13cb-4060-8db4-90651b60c078-1434674792223-1.7-f-26-ti_pitch-2_speed0.9_noise0.02.wav,./Augcopy2/tiredca7d8d54-13cb-4060-8db4-90651b60c078-1434674792223-1.7-f-26-ti_pitch-2_speed0.9_noise0.02.wav
309,tired,tiredca7d8d54-13cb-4060-8db4-90651b60c078-1434674792223-1.7-f-26-ti_pitch-2_speed0.9_noise0.03.wav,./Augcopy2/tiredca7d8d54-13cb-4060-8db4-90651b60c078-1434674792223-1.7-f-26-ti_pitch-2_speed0.9_noise0.03.wav
310,tired,tiredca7d8d54-13cb-4060-8db4-90651b60c078-1434674792223-1.7-f-26-ti_pitch-2_speed1.1_noise0.01.wav,./Augcopy2/tiredca7d8d54-13cb-4060-8db4-90651b60c078-1434674792223-1.7-f-26-ti_pitch-2_speed1.1_noise0.01.wav
311,tired,tiredca7d8d54-13cb-4060-8db4-90651b60c078-1434674792223-1.7-f-26-ti_pitch-2_speed1.1_noise0.02.wav,./Augcopy2/tiredca7d8d54-13cb-4060-8db4-90651b60c078-1434674792223-1.7-f-26-ti_pitch-2_speed1.1_noise0.02.wav
312,tired,tiredca7d8d54-13cb-4060-8db4-90651b60c078-1434674792223-1.7-f-26-ti_pitch-2_speed1.1_noise0.03.wav,./Augcopy2/tiredca7d8d54-13cb-4060-8db4-90651b60c078-1434674792223-1.7-f-26-ti_pitch-2_speed1.1_noise0.03.wav
313,tired,tiredca7d8d54-13cb-4060-8db4-90651b60c078-1434674792223-1.7-f-26-ti_pitch1_speed0.9_noise0.01.wav,./Augcopy2/tiredca7d8d54-13cb-4060-8db4-90651b60c078-1434674792223-1.7-f-26-ti_pitch1_speed0.9_noise0.01.wav
314,tired,tiredca7d8d54-13cb-4060-8db4-90651b60c078-1434674792223-1.7-f-26-ti_pitch1_speed0.9_noise0.02.wav,./Augcopy2/tiredca7d8d54-13cb-4060-8db4-90651b60c078-1434674792223-1.7-f-26-ti_pitch1_speed0.9_noise0.02.wav
315,tired,tiredca7d8d54-13cb-4060-8db4-90651b60c078-1434674792223-1.7-f-26-ti_pitch1_speed0.9_noise0.03.wav,./Augcopy2/tiredca7d8d54-13cb-4060-8db4-90651b60c078-1434674792223-1.7-f-26-ti_pitch1_speed0.9_noise0.03.wav
316,tired,tiredca7d8d54-13cb-4060-8db4-90651b60c078-1434674792223-1.7-f-26-ti_pitch1_speed1.1_noise0.01.wav,./Augcopy2/tiredca7d8d54-13cb-4060-8db4-90651b60c078-1434674792223-1.7-f-26-ti_pitch1_speed1.1_noise0.01.wav
317,tired,tiredca7d8d54-13cb-4060-8db4-90651b60c078-1434674792223-1.7-f-26-ti_pitch1_speed1.1_noise0.02.wav,./Augcopy2/tiredca7d8d54-13cb-4060-8db4-90651b60c078-1434674792223-1.7-f-26-ti_pitch1_speed1.1_noise0.02.wav
318,tired,tiredca7d8d54-13cb-4060-8db4-90651b60c078-1434674792223-1.7-f-26-ti_pitch1_speed1.1_noise0.03.wav,./Augcopy2/tiredca7d8d54-13cb-4060-8db4-90651b60c078-1434674792223-1.7-f-26-ti_pitch1_speed1.1_noise0.03.wav
319,tired,tiredca7d8d54-13cb-4060-8db4-90651b60c078-1434674792223-1.7-f-26-ti_pitch-1_speed0.9_noise0.01.wav,./Augcopy2/tiredca7d8d54-13cb-4060-8db4-90651b60c078-1434674792223-1.7-f-26-ti_pitch-1_speed0.9_noise0.01.wav
320,tired,tiredca7d8d54-13cb-4060-8db4-90651b60c078-1434674792223-1.7-f-26-ti_pitch-1_speed0.9_noise0.02.wav,./Augcopy2/tiredca7d8d54-13cb-4060-8db4-90651b60c078-1434674792223-1.7-f-26-ti_pitch-1_speed0.9_noise0.02.wav
321,tired,tiredca7d8d54-13cb-4060-8db4-90651b60c078-1434674792223-1.7-f-26-ti_pitch-1_speed0.9_noise0.03.wav,./Augcopy2/tiredca7d8d54-13cb-4060-8db4-90651b60c078-1434674792223-1.7-f-26-ti_pitch-1_speed0.9_noise0.03.wav
322,tired,tiredca7d8d54-13cb-4060-8db4-90651b60c078-1434674792223-1.7-f-26-ti_pitch-1_speed1.1_noise0.01.wav,./Augcopy2/tiredca7d8d54-13cb-4060-8db4-90651b60c078-1434674792223-1.7-f-26-ti_pitch-1_speed1.1_noise0.01.wav
323,tired,tiredca7d8d54-13cb-4060-8db4-90651b60c078-1434674792223-1.7-f-26-ti_pitch-1_speed1.1_noise0.02.wav,./Augcopy2/tiredca7d8d54-13cb-4060-8db4-90651b60c078-1434674792223-1.7-f-26-ti_pitch-1_speed1.1_noise0.02.wav
324,tired,tiredca7d8d54-13cb-4060-8db4-90651b60c078-1434674792223-1.7-f-26-ti_pitch-1_speed1.1_noise0.03.wav,./Augcopy2/tiredca7d8d54-13cb-4060-8db4-90651b60c078-1434674792223-1.7-f-26-ti_pitch-1_speed1.1_noise0.03.wav
325,tired,tiredca7d8d54-13cb-4060-8db4-90651b60c078-1434674792223-1.7-f-26-ti_pitch2_speed0.9_noise0.01.wav,./Augcopy2/tiredca7d8d54-13cb-4060-8db4-90651b60c078-1434674792223-1.7-f-26-ti_pitch2_speed0.9_noise0.01.wav
326,tired,tiredca7d8d54-13cb-4060-8db4-90651b60c078-1434674792223-1.7-f-26-ti_pitch2_speed0.9_noise0.02.wav,./Augcopy2/tiredca7d8d54-13cb-4060-8db4-90651b60c078-1434674792223-1.7-f-26-ti_pitch2_speed0.9_noise0.02.wav
327,tired,tiredca7d8d54-13cb-4060-8db4-90651b60c078-1434674792223-1.7-f-26-ti_pitch2_speed0.9_noise0.03.wav,./Augcopy2/tiredca7d8d54-13cb-4060-8db4-90651b60c078-1434674792223-1.7-f-26-ti_pitch2_speed0.9_noise0.03.wav
328,tired,tiredca7d8d54-13cb-4060-8db4-90651b60c078-1434674792223-1.7-f-26-ti_pitch2_speed1.1_noise0.01.wav,./Augcopy2/tiredca7d8d54-13cb-4060-8db4-90651b60c078-1434674792223-1.7-f-26-ti_pitch2_speed1.1_noise0.01.wav
329,tired,tiredca7d8d54-13cb-4060-8db4-90651b60c078-1434674792223-1.7-f-26-ti_pitch2_speed1.1_noise0.02.wav,./Augcopy2/tiredca7d8d54-13cb-4060-8db4-90651b60c078-1434674792223-1.7-f-26-ti_pitch2_speed1.1_noise0.02.wav
330,tired,tiredca7d8d54-13cb-4060-8db4-90651b60c078-1434674792223-1.7-f-26-ti_pitch2_speed1.1_noise0.03.wav,./Augcopy2/tiredca7d8d54-13cb-4060-8db4-90651b60c078-1434674792223-1.7-f-26-ti_pitch2_speed1.1_noise0.03.wav
331,tired,tired06c4cfa2-7fa6-4fda-91a1-ea186a4acc64-1430029221058-1.7-f-26-ti_pitch-2_speed0.9_noise0.01.wav,./Augcopy2/tired06c4cfa2-7fa6-4fda-91a1-ea186a4acc64-1430029221058-1.7-f-26-ti_pitch-2_speed0.9_noise0.01.wav
332,tired,tired06c4cfa2-7fa6-4fda-91a1-ea186a4acc64-1430029221058-1.7-f-26-ti_pitch-2_speed0.9_noise0.02.wav,./Augcopy2/tired06c4cfa2-7fa6-4fda-91a1-ea186a4acc64-1430029221058-1.7-f-26-ti_pitch-2_speed0.9_noise0.02.wav
333,tired,tired06c4cfa2-7fa6-4fda-91a1-ea186a4acc64-1430029221058-1.7-f-26-ti_pitch-2_speed0.9_noise0.03.wav,./Augcopy2/tired06c4cfa2-7fa6-4fda-91a1-ea186a4acc64-1430029221058-1.7-f-26-ti_pitch-2_speed0.9_noise0.03.wav
334,tired,tired06c4cfa2-7fa6-4fda-91a1-ea186a4acc64-1430029221058-1.7-f-26-ti_pitch-2_speed1.1_noise0.01.wav,./Augcopy2/tired06c4cfa2-7fa6-4fda-91a1-ea186a4acc64-1430029221058-1.7-f-26-ti_pitch-2_speed1.1_noise0.01.wav
335,tired,tired06c4cfa2-7fa6-4fda-91a1-ea186a4acc64-1430029221058-1.7-f-26-ti_pitch-2_speed1.1_noise0.02.wav,./Augcopy2/tired06c4cfa2-7fa6-4fda-91a1-ea186a4acc64-1430029221058-1.7-f-26-ti_pitch-2_speed1.1_noise0.02.wav
336,tired,tired06c4cfa2-7fa6-4fda-91a1-ea186a4acc64-1430029221058-1.7-f-26-ti_pitch-2_speed1.1_noise0.03.wav,./Augcopy2/tired06c4cfa2-7fa6-4fda-91a1-ea186a4acc64-1430029221058-1.7-f-26-ti_pitch-2_speed1.1_noise0.03.wav
337,tired,tired06c4cfa2-7fa6-4fda-91a1-ea186a4acc64-1430029221058-1.7-f-26-ti_pitch1_speed0.9_noise0.01.wav,./Augcopy2/tired06c4cfa2-7fa6-4fda-91a1-ea186a4acc64-1430029221058-1.7-f-26-ti_pitch1_speed0.9_noise0.01.wav
338,tired,tired06c4cfa2-7fa6-4fda-91a1-ea186a4acc64-1430029221058-1.7-f-26-ti_pitch1_speed0.9_noise0.02.wav,./Augcopy2/tired06c4cfa2-7fa6-4fda-91a1-ea186a4acc64-1430029221058-1.7-f-26-ti_pitch1_speed0.9_noise0.02.wav
339,tired,tired06c4cfa2-7fa6-4fda-91a1-ea186a4acc64-1430029221058-1.7-f-26-ti_pitch1_speed0.9_noise0.03.wav,./Augcopy2/tired06c4cfa2-7fa6-4fda-91a1-ea186a4acc64-1430029221058-1.7-f-26-ti_pitch1_speed0.9_noise0.03.wav
340,tired,tired06c4cfa2-7fa6-4fda-91a1-ea186a4acc64-1430029221058-1.7-f-26-ti_pitch1_speed1.1_noise0.01.wav,./Augcopy2/tired06c4cfa2-7fa6-4fda-91a1-ea186a4acc64-1430029221058-1.7-f-26-ti_pitch1_speed1.1_noise0.01.wav
341,tired,tired06c4cfa2-7fa6-4fda-91a1-ea186a4acc64-1430029221058-1.7-f-26-ti_pitch1_speed1.1_noise0.02.wav,./Augcopy2/tired06c4cfa2-7fa6-4fda-91a1-ea186a4acc64-1430029221058-1.7-f-26-ti_pitch1_speed1.1_noise0.02.wav
342,tired,tired06c4cfa2-7fa6-4fda-91a1-ea186a4acc64-1430029221058-1.7-f-26-ti_pitch1_speed1.1_noise0.03.wav,./Augcopy2/tired06c4cfa2-7fa6-4fda-91a1-ea186a4acc64-1430029221058-1.7-f-26-ti_pitch1_speed1.1_noise0.03.wav
343,tired,tired06c4cfa2-7fa6-4fda-91a1-ea186a4acc64-1430029221058-1.7-f-26-ti_pitch-1_speed0.9_noise0.01.wav,./Augcopy2/tired06c4cfa2-7fa6-4fda-91a1-ea186a4acc64-1430029221058-1.7-f-26-ti_pitch-1_speed0.9_noise0.01.wav
344,tired,tired06c4cfa2-7fa6-4fda-91a1-ea186a4acc64-1430029221058-1.7-f-26-ti_pitch-1_speed0.9_noise0.02.wav,./Augcopy2/tired06c4cfa2-7fa6-4fda-91a1-ea186a4acc64-1430029221058-1.7-f-26-ti_pitch-1_speed0.9_noise0.02.wav
345,tired,tired06c4cfa2-7fa6-4fda-91a1-ea186a4acc64-1430029221058-1.7-f-26-ti_pitch-1_speed0.9_noise0.03.wav,./Augcopy2/tired06c4cfa2-7fa6-4fda-91a1-ea186a4acc64-1430029221058-1.7-f-26-ti_pitch-1_speed0.9_noise0.03.wav
346,tired,tired06c4cfa2-7fa6-4fda-91a1-ea186a4acc64-1430029221058-1.7-f-26-ti_pitch-1_speed1.1_noise0.01.wav,./Augcopy2/tired06c4cfa2-7fa6-4fda-91a1-ea186a4acc64-1430029221058-1.7-f-26-ti_pitch-1_speed1.1_noise0.01.wav
347,tired,tired06c4cfa2-7fa6-4fda-91a1-ea186a4acc64-1430029221058-1.7-f-26-ti_pitch-1_speed1.1_noise0.02.wav,./Augcopy2/tired06c4cfa2-7fa6-4fda-91a1-ea186a4acc64-1430029221058-1.7-f-26-ti_pitch-1_speed1.1_noise0.02.wav
348,tired,tired06c4cfa2-7fa6-4fda-91a1-ea186a4acc64-1430029221058-1.7-f-26-ti_pitch-1_speed1.1_noise0.03.wav,./Augcopy2/tired06c4cfa2-7fa6-4fda-91a1-ea186a4acc64-1430029221058-1.7-f-26-ti_pitch-1_speed1.1_noise0.03.wav
349,tired,tired06c4cfa2-7fa6-4fda-91a1-ea186a4acc64-1430029221058-1.7-f-26-ti_pitch2_speed0.9_noise0.01.wav,./Augcopy2/tired06c4cfa2-7fa6-4fda-91a1-ea186a4acc64-1430029221058-1.7-f-26-ti_pitch2_speed0.9_noise0.01.wav
350,tired,tired06c4cfa2-7fa6-4fda-91a1-ea186a4acc64-1430029221058-1.7-f-26-ti_pitch2_speed0.9_noise0.02.wav,./Augcopy2/tired06c4cfa2-7fa6-4fda-91a1-ea186a4acc64-1430029221058-1.7-f-26-ti_pitch2_speed0.9_noise0.02.wav
351,tired,tired06c4cfa2-7fa6-4fda-91a1-ea186a4acc64-1430029221058-1.7-f-26-ti_pitch2_speed0.9_noise0.03.wav,./Augcopy2/tired06c4cfa2-7fa6-4fda-91a1-ea186a4acc64-1430029221058-1.7-f-26-ti_pitch2_speed0.9_noise0.03.wav
352,tired,tired06c4cfa2-7fa6-4fda-91a1-ea186a4acc64-1430029221058-1.7-f-26-ti_pitch2_speed1.1_noise0.01.wav,./Augcopy2/tired06c4cfa2-7fa6-4fda-91a1-ea186a4acc64-1430029221058-1.7-f-26-ti_pitch2_speed1.1_noise0.01.wav
353,tired,tired06c4cfa2-7fa6-4fda-91a1-ea186a4acc64-1430029221058-1.7-f-26-ti_pitch2_speed1.1_noise0.02.wav,./Augcopy2/tired06c4cfa2-7fa6-4fda-91a1-ea186a4acc64-1430029221058-1.7-f-26-ti_pitch2_speed1.1_noise0.02.wav
354,tired,tired06c4cfa2-7fa6-4fda-91a1-ea186a4acc64-1430029221058-1.7-f-26-ti_pitch2_speed1.1_noise0.03.wav,./Augcopy2/tired06c4cfa2-7fa6-4fda-91a1-ea186a4acc64-1430029221058-1.7-f-26-ti_pitch2_speed1.1_noise0.03.wav
355,tired,tiredC421C6FE-DFEE-4080-8AEA-848E7CE4756B-1430548384-1.0-m-26-ti_pitch-2_speed0.9_noise0.01.wav,./Augcopy2/tiredC421C6FE-DFEE-4080-8AEA-848E7CE4756B-1430548384-1.0-m-26-ti_pitch-2_speed0.9_noise0.01.wav
356,tired,tiredC421C6FE-DFEE-4080-8AEA-848E7CE4756B-1430548384-1.0-m-26-ti_pitch-2_speed0.9_noise0.02.wav,./Augcopy2/tiredC421C6FE-DFEE-4080-8AEA-848E7CE4756B-1430548384-1.0-m-26-ti_pitch-2_speed0.9_noise0.02.wav
357,tired,tiredC421C6FE-DFEE-4080-8AEA-848E7CE4756B-1430548384-1.0-m-26-ti_pitch-2_speed0.9_noise0.03.wav,./Augcopy2/tiredC421C6FE-DFEE-4080-8AEA-848E7CE4756B-1430548384-1.0-m-26-ti_pitch-2_speed0.9_noise0.03.wav
358,tired,tiredC421C6FE-DFEE-4080-8AEA-848E7CE4756B-1430548384-1.0-m-26-ti_pitch-2_speed1.1_noise0.01.wav,./Augcopy2/tiredC421C6FE-DFEE-4080-8AEA-848E7CE4756B-1430548384-1.0-m-26-ti_pitch-2_speed1.1_noise0.01.wav
359,tired,tiredC421C6FE-DFEE-4080-8AEA-848E7CE4756B-1430548384-1.0-m-26-ti_pitch-2_speed1.1_noise0.02.wav,./Augcopy2/tiredC421C6FE-DFEE-4080-8AEA-848E7CE4756B-1430548384-1.0-m-26-ti_pitch-2_speed1.1_noise0.02.wav
360,tired,tiredC421C6FE-DFEE-4080-8AEA-848E7CE4756B-1430548384-1.0-m-26-ti_pitch-2_speed1.1_noise0.03.wav,./Augcopy2/tiredC421C6FE-DFEE-4080-8AEA-848E7CE4756B-1430548384-1.0-m-26-ti_pitch-2_speed1.1_noise0.03.wav
361,tired,tiredC421C6FE-DFEE-4080-8AEA-848E7CE4756B-1430548384-1.0-m-26-ti_pitch1_speed0.9_noise0.01.wav,./Augcopy2/tiredC421C6FE-DFEE-4080-8AEA-848E7CE4756B-1430548384-1.0-m-26-ti_pitch1_speed0.9_noise0.01.wav
362,tired,tiredC421C6FE-DFEE-4080-8AEA-848E7CE4756B-1430548384-1.0-m-26-ti_pitch1_speed0.9_noise0.02.wav,./Augcopy2/tiredC421C6FE-DFEE-4080-8AEA-848E7CE4756B-1430548384-1.0-m-26-ti_pitch1_speed0.9_noise0.02.wav
363,tired,tiredC421C6FE-DFEE-4080-8AEA-848E7CE4756B-1430548384-1.0-m-26-ti_pitch1_speed0.9_noise0.03.wav,./Augcopy2/tiredC421C6FE-DFEE-4080-8AEA-848E7CE4756B-1430548384-1.0-m-26-ti_pitch1_speed0.9_noise0.03.wav
364,tired,tiredC421C6FE-DFEE-4080-8AEA-848E7CE4756B-1430548384-1.0-m-26-ti_pitch1_speed1.1_noise0.01.wav,./Augcopy2/tiredC421C6FE-DFEE-4080-8AEA-848E7CE4756B-1430548384-1.0-m-26-ti_pitch1_speed1.1_noise0.01.wav
365,tired,tiredC421C6FE-DFEE-4080-8AEA-848E7CE4756B-1430548384-1.0-m-26-ti_pitch1_speed1.1_noise0.02.wav,./Augcopy2/tiredC421C6FE-DFEE-4080-8AEA-848E7CE4756B-1430548384-1.0-m-26-ti_pitch1_speed1.1_noise0.02.wav
366,tired,tiredC421C6FE-DFEE-4080-8AEA-848E7CE4756B-1430548384-1.0-m-26-ti_pitch1_speed1.1_noise0.03.wav,./Augcopy2/tiredC421C6FE-DFEE-4080-8AEA-848E7CE4756B-1430548384-1.0-m-26-ti_pitch1_speed1.1_noise0.03.wav
367,tired,tiredC421C6FE-DFEE-4080-8AEA-848E7CE4756B-1430548384-1.0-m-26-ti_pitch-1_speed0.9_noise0.01.wav,./Augcopy2/tiredC421C6FE-DFEE-4080-8AEA-848E7CE4756B-1430548384-1.0-m-26-ti_pitch-1_speed0.9_noise0.01.wav
368,tired,tiredC421C6FE-DFEE-4080-8AEA-848E7CE4756B-1430548384-1.0-m-26-ti_pitch-1_speed0.9_noise0.02.wav,./Augcopy2/tiredC421C6FE-DFEE-4080-8AEA-848E7CE4756B-1430548384-1.0-m-26-ti_pitch-1_speed0.9_noise0.02.wav
369,tired,tiredC421C6FE-DFEE-4080-8AEA-848E7CE4756B-1430548384-1.0-m-26-ti_pitch-1_speed0.9_noise0.03.wav,./Augcopy2/tiredC421C6FE-DFEE-4080-8AEA-848E7CE4756B-1430548384-1.0-m-26-ti_pitch-1_speed0.9_noise0.03.wav
370,tired,tiredC421C6FE-DFEE-4080-8AEA-848E7CE4756B-1430548384-1.0-m-26-ti_pitch-1_speed1.1_noise0.01.wav,./Augcopy2/tiredC421C6FE-DFEE-4080-8AEA-848E7CE4756B-1430548384-1.0-m-26-ti_pitch-1_speed1.1_noise0.01.wav
371,tired,tiredC421C6FE-DFEE-4080-8AEA-848E7CE4756B-1430548384-1.0-m-26-ti_pitch-1_speed1.1_noise0.02.wav,./Augcopy2/tiredC421C6FE-DFEE-4080-8AEA-848E7CE4756B-1430548384-1.0-m-26-ti_pitch-1_speed1.1_noise0.02.wav
372,tired,tiredC421C6FE-DFEE-4080-8AEA-848E7CE4756B-1430548384-1.0-m-26-ti_pitch-1_speed1.1_noise0.03.wav,./Augcopy2/tiredC421C6FE-DFEE-4080-8AEA-848E7CE4756B-1430548384-1.0-m-26-ti_pitch-1_speed1.1_noise0.03.wav
373,tired,tiredC421C6FE-DFEE-4080-8AEA-848E7CE4756B-1430548384-1.0-m-26-ti_pitch2_speed0.9_noise0.01.wav,./Augcopy2/tiredC421C6FE-DFEE-4080-8AEA-848E7CE4756B-1430548384-1.0-m-26-ti_pitch2_speed0.9_noise0.01.wav
374,tired,tiredC421C6FE-DFEE-4080-8AEA-848E7CE4756B-1430548384-1.0-m-26-ti_pitch2_speed0.9_noise0.02.wav,./Augcopy2/tiredC421C6FE-DFEE-4080-8AEA-848E7CE4756B-1430548384-1.0-m-26-ti_pitch2_speed0.9_noise0.02.wav
375,tired,tiredC421C6FE-DFEE-4080-8AEA-848E7CE4756B-1430548384-1.0-m-26-ti_pitch2_speed0.9_noise0.03.wav,./Augcopy2/tiredC421C6FE-DFEE-4080-8AEA-848E7CE4756B-1430548384-1.0-m-26-ti_pitch2_speed0.9_noise0.03.wav
376,tired,tiredC421C6FE-DFEE-4080-8AEA-848E7CE4756B-1430548384-1.0-m-26-ti_pitch2_speed1.1_noise0.01.wav,./Augcopy2/tiredC421C6FE-DFEE-4080-8AEA-848E7CE4756B-1430548384-1.0-m-26-ti_pitch2_speed1.1_noise0.01.wav
377,tired,tiredC421C6FE-DFEE-4080-8AEA-848E7CE4756B-1430548384-1.0-m-26-ti_pitch2_speed1.1_noise0.02.wav,./Augcopy2/tiredC421C6FE-DFEE-4080-8AEA-848E7CE4756B-1430548384-1.0-m-26-ti_pitch2_speed1.1_noise0.02.wav
378,tired,tiredC421C6FE-DFEE-4080-8AEA-848E7CE4756B-1430548384-1.0-m-26-ti_pitch2_speed1.1_noise0.03.wav,./Augcopy2/tiredC421C6FE-DFEE-4080-8AEA-848E7CE4756B-1430548384-1.0-m-26-ti_pitch2_speed1.1_noise0.03.wav
379,tired,tired06c4cfa2-7fa6-4fda-91a1-ea186a4acc64-1430029246453-1.7-f-26-ti_pitch-2_speed0.9_noise0.01.wav,./Augcopy2/tired06c4cfa2-7fa6-4fda-91a1-ea186a4acc64-1430029246453-1.7-f-26-ti_pitch-2_speed0.9_noise0.01.wav
380,tired,tired06c4cfa2-7fa6-4fda-91a1-ea186a4acc64-1430029246453-1.7-f-26-ti_pitch-2_speed0.9_noise0.02.wav,./Augcopy2/tired06c4cfa2-7fa6-4fda-91a1-ea186a4acc64-1430029246453-1.7-f-26-ti_pitch-2_speed0.9_noise0.02.wav
381,tired,tired06c4cfa2-7fa6-4fda-91a1-ea186a4acc64-1430029246453-1.7-f-26-ti_pitch-2_speed0.9_noise0.03.wav,./Augcopy2/tired06c4cfa2-7fa6-4fda-91a1-ea186a4acc64-1430029246453-1.7-f-26-ti_pitch-2_speed0.9_noise0.03.wav
382,tired,tired06c4cfa2-7fa6-4fda-91a1-ea186a4acc64-1430029246453-1.7-f-26-ti_pitch-2_speed1.1_noise0.01.wav,./Augcopy2/tired06c4cfa2-7fa6-4fda-91a1-ea186a4acc64-1430029246453-1.7-f-26-ti_pitch-2_speed1.1_noise0.01.wav
383,tired,tired06c4cfa2-7fa6-4fda-91a1-ea186a4acc64-1430029246453-1.7-f-26-ti_pitch-2_speed1.1_noise0.02.wav,./Augcopy2/tired06c4cfa2-7fa6-4fda-91a1-ea186a4acc64-1430029246453-1.7-f-26-ti_pitch-2_speed1.1_noise0.02.wav
384,tired,tired06c4cfa2-7fa6-4fda-91a1-ea186a4acc64-1430029246453-1.7-f-26-ti_pitch-2_speed1.1_noise0.03.wav,./Augcopy2/tired06c4cfa2-7fa6-4fda-91a1-ea186a4acc64-1430029246453-1.7-f-26-ti_pitch-2_speed1.1_noise0.03.wav
385,tired,tired06c4cfa2-7fa6-4fda-91a1-ea186a4acc64-1430029246453-1.7-f-26-ti_pitch1_speed0.9_noise0.01.wav,./Augcopy2/tired06c4cfa2-7fa6-4fda-91a1-ea186a4acc64-1430029246453-1.7-f-26-ti_pitch1_speed0.9_noise0.01.wav
386,tired,tired06c4cfa2-7fa6-4fda-91a1-ea186a4acc64-1430029246453-1.7-f-26-ti_pitch1_speed0.9_noise0.02.wav,./Augcopy2/tired06c4cfa2-7fa6-4fda-91a1-ea186a4acc64-1430029246453-1.7-f-26-ti_pitch1_speed0.9_noise0.02.wav
387,tired,tired06c4cfa2-7fa6-4fda-91a1-ea186a4acc64-1430029246453-1.7-f-26-ti_pitch1_speed0.9_noise0.03.wav,./Augcopy2/tired06c4cfa2-7fa6-4fda-91a1-ea186a4acc64-1430029246453-1.7-f-26-ti_pitch1_speed0.9_noise0.03.wav
388,tired,tired06c4cfa2-7fa6-4fda-91a1-ea186a4acc64-1430029246453-1.7-f-26-ti_pitch1_speed1.1_noise0.01.wav,./Augcopy2/tired06c4cfa2-7fa6-4fda-91a1-ea186a4acc64-1430029246453-1.7-f-26-ti_pitch1_speed1.1_noise0.01.wav
389,tired,tired06c4cfa2-7fa6-4fda-91a1-ea186a4acc64-1430029246453-1.7-f-26-ti_pitch1_speed1.1_noise0.02.wav,./Augcopy2/tired06c4cfa2-7fa6-4fda-91a1-ea186a4acc64-1430029246453-1.7-f-26-ti_pitch1_speed1.1_noise0.02.wav
390,tired,tired06c4cfa2-7fa6-4fda-91a1-ea186a4acc64-1430029246453-1.7-f-26-ti_pitch1_speed1.1_noise0.03.wav,./Augcopy2/tired06c4cfa2-7fa6-4fda-91a1-ea186a4acc64-1430029246453-1.7-f-26-ti_pitch1_speed1.1_noise0.03.wav
391,tired,tired06c4cfa2-7fa6-4fda-91a1-ea186a4acc64-1430029246453-1.7-f-26-ti_pitch-1_speed0.9_noise0.01.wav,./Augcopy2/tired06c4cfa2-7fa6-4fda-91a1-ea186a4acc64-1430029246453-1.7-f-26-ti_pitch-1_speed0.9_noise0.01.wav
392,tired,tired06c4cfa2-7fa6-4fda-91a1-ea186a4acc64-1430029246453-1.7-f-26-ti_pitch-1_speed0.9_noise0.02.wav,./Augcopy2/tired06c4cfa2-7fa6-4fda-91a1-ea186a4acc64-1430029246453-1.7-f-26-ti_pitch-1_speed0.9_noise0.02.wav
393,tired,tired06c4cfa2-7fa6-4fda-91a1-ea186a4acc64-1430029246453-1.7-f-26-ti_pitch-1_speed0.9_noise0.03.wav,./Augcopy2/tired06c4cfa2-7fa6-4fda-91a1-ea186a4acc64-1430029246453-1.7-f-26-ti_pitch-1_speed0.9_noise0.03.wav
394,tired,tired06c4cfa2-7fa6-4fda-91a1-ea186a4acc64-1430029246453-1.7-f-26-ti_pitch-1_speed1.1_noise0.01.wav,./Augcopy2/tired06c4cfa2-7fa6-4fda-91a1-ea186a4acc64-1430029246453-1.7-f-26-ti_pitch-1_speed1.1_noise0.01.wav
395,tired,tired06c4cfa2-7fa6-4fda-91a1-ea186a4acc64-1430029246453-1.7-f-26-ti_pitch-1_speed1.1_noise0.02.wav,./Augcopy2/tired06c4cfa2-7fa6-4fda-91a1-ea186a4acc64-1430029246453-1.7-f-26-ti_pitch-1_speed1.1_noise0.02.wav
396,tired,tired06c4cfa2-7fa6-4fda-91a1-ea186a4acc64-1430029246453-1.7-f-26-ti_pitch-1_speed1.1_noise0.03.wav,./Augcopy2/tired06c4cfa2-7fa6-4fda-91a1-ea186a4acc64-1430029246453-1.7-f-26-ti_pitch-1_speed1.1_noise0.03.wav
397,tired,tired06c4cfa2-7fa6-4fda-91a1-ea186a4acc64-1430029246453-1.7-f-26-ti_pitch2_speed0.9_noise0.01.wav,./Augcopy2/tired06c4cfa2-7fa6-4fda-91a1-ea186a4acc64-1430029246453-1.7-f-26-ti_pitch2_speed0.9_noise0.01.wav
398,tired,tired06c4cfa2-7fa6-4fda-91a1-ea186a4acc64-1430029246453-1.7-f-26-ti_pitch2_speed0.9_noise0.02.wav,./Augcopy2/tired06c4cfa2-7fa6-4fda-91a1-ea186a4acc64-1430029246453-1.7-f-26-ti_pitch2_speed0.9_noise0.02.wav
399,tired,tired06c4cfa2-7fa6-4fda-91a1-ea186a4acc64-1430029246453-1.7-f-26-ti_pitch2_speed0.9_noise0.03.wav,./Augcopy2/tired06c4cfa2-7fa6-4fda-91a1-ea186a4acc64-1430029246453-1.7-f-26-ti_pitch2_speed0.9_noise0.03.wav
400,tired,tired06c4cfa2-7fa6-4fda-91a1-ea186a4acc64-1430029246453-1.7-f-26-ti_pitch2_speed1.1_noise0.01.wav,./Augcopy2/tired06c4cfa2-7fa6-4fda-91a1-ea186a4acc64-1430029246453-1.7-f-26-ti_pitch2_speed1.1_noise0.01.wav
401,tired,tired06c4cfa2-7fa6-4fda-91a1-ea186a4acc64-1430029246453-1.7-f-26-ti_pitch2_speed1.1_noise0.02.wav,./Augcopy2/tired06c4cfa2-7fa6-4fda-91a1-ea186a4acc64-1430029246453-1.7-f-26-ti_pitch2_speed1.1_noise0.02.wav
402,tired,tired06c4cfa2-7fa6-4fda-91a1-ea186a4acc64-1430029246453-1.7-f-26-ti_pitch2_speed1.1_noise0.03.wav,./Augcopy2/tired06c4cfa2-7fa6-4fda-91a1-ea186a4acc64-1430029246453-1.7-f-26-ti_pitch2_speed1.1_noise0.03.wav
403,tired,tiredC421C6FE-DFEE-4080-8AEA-848E7CE4756B-1430548393-1.0-f-26-ti_pitch-2_speed0.9_noise0.01.wav,./Augcopy2/tiredC421C6FE-DFEE-4080-8AEA-848E7CE4756B-1430548393-1.0-f-26-ti_pitch-2_speed0.9_noise0.01.wav
404,tired,tiredC421C6FE-DFEE-4080-8AEA-848E7CE4756B-1430548393-1.0-f-26-ti_pitch-2_speed0.9_noise0.02.wav,./Augcopy2/tiredC421C6FE-DFEE-4080-8AEA-848E7CE4756B-1430548393-1.0-f-26-ti_pitch-2_speed0.9_noise0.02.wav
405,tired,tiredC421C6FE-DFEE-4080-8AEA-848E7CE4756B-1430548393-1.0-f-26-ti_pitch-2_speed0.9_noise0.03.wav,./Augcopy2/tiredC421C6FE-DFEE-4080-8AEA-848E7CE4756B-1430548393-1.0-f-26-ti_pitch-2_speed0.9_noise0.03.wav
406,tired,tiredC421C6FE-DFEE-4080-8AEA-848E7CE4756B-1430548393-1.0-f-26-ti_pitch-2_speed1.1_noise0.01.wav,./Augcopy2/tiredC421C6FE-DFEE-4080-8AEA-848E7CE4756B-1430548393-1.0-f-26-ti_pitch-2_speed1.1_noise0.01.wav
407,tired,tiredC421C6FE-DFEE-4080-8AEA-848E7CE4756B-1430548393-1.0-f-26-ti_pitch-2_speed1.1_noise0.02.wav,./Augcopy2/tiredC421C6FE-DFEE-4080-8AEA-848E7CE4756B-1430548393-1.0-f-26-ti_pitch-2_speed1.1_noise0.02.wav
408,tired,tiredC421C6FE-DFEE-4080-8AEA-848E7CE4756B-1430548393-1.0-f-26-ti_pitch-2_speed1.1_noise0.03.wav,./Augcopy2/tiredC421C6FE-DFEE-4080-8AEA-848E7CE4756B-1430548393-1.0-f-26-ti_pitch-2_speed1.1_noise0.03.wav
409,tired,tiredC421C6FE-DFEE-4080-8AEA-848E7CE4756B-1430548393-1.0-f-26-ti_pitch1_speed0.9_noise0.01.wav,./Augcopy2/tiredC421C6FE-DFEE-4080-8AEA-848E7CE4756B-1430548393-1.0-f-26-ti_pitch1_speed0.9_noise0.01.wav
410,tired,tiredC421C6FE-DFEE-4080-8AEA-848E7CE4756B-1430548393-1.0-f-26-ti_pitch1_speed0.9_noise0.02.wav,./Augcopy2/tiredC421C6FE-DFEE-4080-8AEA-848E7CE4756B-1430548393-1.0-f-26-ti_pitch1_speed0.9_noise0.02.wav
411,tired,tiredC421C6FE-DFEE-4080-8AEA-848E7CE4756B-1430548393-1.0-f-26-ti_pitch1_speed0.9_noise0.03.wav,./Augcopy2/tiredC421C6FE-DFEE-4080-8AEA-848E7CE4756B-1430548393-1.0-f-26-ti_pitch1_speed0.9_noise0.03.wav
412,tired,tiredC421C6FE-DFEE-4080-8AEA-848E7CE4756B-1430548393-1.0-f-26-ti_pitch1_speed1.1_noise0.01.wav,./Augcopy2/tiredC421C6FE-DFEE-4080-8AEA-848E7CE4756B-1430548393-1.0-f-26-ti_pitch1_speed1.1_noise0.01.wav
413,tired,tiredC421C6FE-DFEE-4080-8AEA-848E7CE4756B-1430548393-1.0-f-26-ti_pitch1_speed1.1_noise0.02.wav,./Augcopy2/tiredC421C6FE-DFEE-4080-8AEA-848E7CE4756B-1430548393-1.0-f-26-ti_pitch1_speed1.1_noise0.02.wav
414,tired,tiredC421C6FE-DFEE-4080-8AEA-848E7CE4756B-1430548393-1.0-f-26-ti_pitch1_speed1.1_noise0.03.wav,./Augcopy2/tiredC421C6FE-DFEE-4080-8AEA-848E7CE4756B-1430548393-1.0-f-26-ti_pitch1_speed1.1_noise0.03.wav
415,tired,tiredC421C6FE-DFEE-4080-8AEA-848E7CE4756B-1430548393-1.0-f-26-ti_pitch-1_speed0.9_noise0.01.wav,./Augcopy2/tiredC421C6FE-DFEE-4080-8AEA-848E7CE4756B-1430548393-1.0-f-26-ti_pitch-1_speed0.9_noise0.01.wav
416,tired,tiredC421C6FE-DFEE-4080-8AEA-848E7CE4756B-1430548393-1.0-f-26-ti_pitch-1_speed0.9_noise0.02.wav,./Augcopy2/tiredC421C6FE-DFEE-4080-8AEA-848E7CE4756B-1430548393-1.0-f-26-ti_pitch-1_speed0.9_noise0.02.wav
417,tired,tiredC421C6FE-DFEE-4080-8AEA-848E7CE4756B-1430548393-1.0-f-26-ti_pitch-1_speed0.9_noise0.03.wav,./Augcopy2/tiredC421C6FE-DFEE-4080-8AEA-848E7CE4756B-1430548393-1.0-f-26-ti_pitch-1_speed0.9_noise0.03.wav
418,tired,tiredC421C6FE-DFEE-4080-8AEA-848E7CE4756B-1430548393-1.0-f-26-ti_pitch-1_speed1.1_noise0.01.wav,./Augcopy2/tiredC421C6FE-DFEE-4080-8AEA-848E7CE4756B-1430548393-1.0-f-26-ti_pitch-1_speed1.1_noise0.01.wav
419,tired,tiredC421C6FE-DFEE-4080-8AEA-848E7CE4756B-1430548393-1.0-f-26-ti_pitch-1_speed1.1_noise0.02.wav,./Augcopy2/tiredC421C6FE-DFEE-4080-8AEA-848E7CE4756B-1430548393-1.0-f-26-ti_pitch-1_speed1.1_noise0.02.wav
420,tired,tiredC421C6FE-DFEE-4080-8AEA-848E7CE4756B-1430548393-1.0-f-26-ti_pitch-1_speed1.1_noise0.03.wav,./Augcopy2/tiredC421C6FE-DFEE-4080-8AEA-848E7CE4756B-1430548393-1.0-f-26-ti_pitch-1_speed1.1_noise0.03.wav
421,tired,tiredC421C6FE-DFEE-4080-8AEA-848E7CE4756B-1430548393-1.0-f-26-ti_pitch2_speed0.9_noise0.01.wav,./Augcopy2/tiredC421C6FE-DFEE-4080-8AEA-848E7CE4756B-1430548393-1.0-f-26-ti_pitch2_speed0.9_noise0.01.wav
422,tired,tiredC421C6FE-DFEE-4080-8AEA-848E7CE4756B-1430548393-1.0-f-26-ti_pitch2_speed0.9_noise0.02.wav,./Augcopy2/tiredC421C6FE-DFEE-4080-8AEA-848E7CE4756B-1430548393-1.0-f-26-ti_pitch2_speed0.9_noise0.02.wav
423,tired,tiredC421C6FE-DFEE-4080-8AEA-848E7CE4756B-1430548393-1.0-f-26-ti_pitch2_speed0.9_noise0.03.wav,./Augcopy2/tiredC421C6FE-DFEE-4080-8AEA-848E7CE4756B-1430548393-1.0-f-26-ti_pitch2_speed0.9_noise0.03.wav
424,tired,tiredC421C6FE-DFEE-4080-8AEA-848E7CE4756B-1430548393-1.0-f-26-ti_pitch2_speed1.1_noise0.01.wav,./Augcopy2/tiredC421C6FE-DFEE-4080-8AEA-848E7CE4756B-1430548393-1.0-f-26-ti_pitch2_speed1.1_noise0.01.wav
425,tired,tiredC421C6FE-DFEE-4080-8AEA-848E7CE4756B-1430548393-1.0-f-26-ti_pitch2_speed1.1_noise0.02.wav,./Augcopy2/tiredC421C6FE-DFEE-4080-8AEA-848E7CE4756B-1430548393-1.0-f-26-ti_pitch2_speed1.1_noise0.02.wav
426,tired,tiredC421C6FE-DFEE-4080-8AEA-848E7CE4756B-1430548393-1.0-f-26-ti_pitch2_speed1.1_noise0.03.wav,./Augcopy2/tiredC421C6FE-DFEE-4080-8AEA-848E7CE4756B-1430548393-1.0-f-26-ti_pitch2_speed1.1_noise0.03.wav
427,tired,tiredD4665929-8695-4655-927F-63F09B2D4CB8-1430726940-1.0-f-26-ti_pitch-2_speed0.9_noise0.01.wav,./Augcopy2/tiredD4665929-8695-4655-927F-63F09B2D4CB8-1430726940-1.0-f-26-ti_pitch-2_speed0.9_noise0.01.wav
428,tired,tiredD4665929-8695-4655-927F-63F09B2D4CB8-1430726940-1.0-f-26-ti_pitch-2_speed0.9_noise0.02.wav,./Augcopy2/tiredD4665929-8695-4655-927F-63F09B2D4CB8-1430726940-1.0-f-26-ti_pitch-2_speed0.9_noise0.02.wav
429,tired,tiredD4665929-8695-4655-927F-63F09B2D4CB8-1430726940-1.0-f-26-ti_pitch-2_speed0.9_noise0.03.wav,./Augcopy2/tiredD4665929-8695-4655-927F-63F09B2D4CB8-1430726940-1.0-f-26-ti_pitch-2_speed0.9_noise0.03.wav
430,tired,tiredD4665929-8695-4655-927F-63F09B2D4CB8-1430726940-1.0-f-26-ti_pitch-2_speed1.1_noise0.01.wav,./Augcopy2/tiredD4665929-8695-4655-927F-63F09B2D4CB8-1430726940-1.0-f-26-ti_pitch-2_speed1.1_noise0.01.wav
431,tired,tiredD4665929-8695-4655-927F-63F09B2D4CB8-1430726940-1.0-f-26-ti_pitch-2_speed1.1_noise0.02.wav,./Augcopy2/tiredD4665929-8695-4655-927F-63F09B2D4CB8-1430726940-1.0-f-26-ti_pitch-2_speed1.1_noise0.02.wav
432,tired,tiredD4665929-8695-4655-927F-63F09B2D4CB8-1430726940-1.0-f-26-ti_pitch-2_speed1.1_noise0.03.wav,./Augcopy2/tiredD4665929-8695-4655-927F-63F09B2D4CB8-1430726940-1.0-f-26-ti_pitch-2_speed1.1_noise0.03.wav
433,tired,tiredD4665929-8695-4655-927F-63F09B2D4CB8-1430726940-1.0-f-26-ti_pitch1_speed0.9_noise0.01.wav,./Augcopy2/tiredD4665929-8695-4655-927F-63F09B2D4CB8-1430726940-1.0-f-26-ti_pitch1_speed0.9_noise0.01.wav
434,tired,tiredD4665929-8695-4655-927F-63F09B2D4CB8-1430726940-1.0-f-26-ti_pitch1_speed0.9_noise0.02.wav,./Augcopy2/tiredD4665929-8695-4655-927F-63F09B2D4CB8-1430726940-1.0-f-26-ti_pitch1_speed0.9_noise0.02.wav
435,tired,tiredD4665929-8695-4655-927F-63F09B2D4CB8-1430726940-1.0-f-26-ti_pitch1_speed0.9_noise0.03.wav,./Augcopy2/tiredD4665929-8695-4655-927F-63F09B2D4CB8-1430726940-1.0-f-26-ti_pitch1_speed0.9_noise0.03.wav
436,tired,tiredD4665929-8695-4655-927F-63F09B2D4CB8-1430726940-1.0-f-26-ti_pitch1_speed1.1_noise0.01.wav,./Augcopy2/tiredD4665929-8695-4655-927F-63F09B2D4CB8-1430726940-1.0-f-26-ti_pitch1_speed1.1_noise0.01.wav
437,tired,tiredD4665929-8695-4655-927F-63F09B2D4CB8-1430726940-1.0-f-26-ti_pitch1_speed1.1_noise0.02.wav,./Augcopy2/tiredD4665929-8695-4655-927F-63F09B2D4CB8-1430726940-1.0-f-26-ti_pitch1_speed1.1_noise0.02.wav
438,tired,tiredD4665929-8695-4655-927F-63F09B2D4CB8-1430726940-1.0-f-26-ti_pitch1_speed1.1_noise0.03.wav,./Augcopy2/tiredD4665929-8695-4655-927F-63F09B2D4CB8-1430726940-1.0-f-26-ti_pitch1_speed1.1_noise0.03.wav
439,tired,tiredD4665929-8695-4655-927F-63F09B2D4CB8-1430726940-1.0-f-26-ti_pitch-1_speed0.9_noise0.01.wav,./Augcopy2/tiredD4665929-8695-4655-927F-63F09B2D4CB8-1430726940-1.0-f-26-ti_pitch-1_speed0.9_noise0.01.wav
440,tired,tiredD4665929-8695-4655-927F-63F09B2D4CB8-1430726940-1.0-f-26-ti_pitch-1_speed0.9_noise0.02.wav,./Augcopy2/tiredD4665929-8695-4655-927F-63F09B2D4CB8-1430726940-1.0-f-26-ti_pitch-1_speed0.9_noise0.02.wav
441,tired,tiredD4665929-8695-4655-927F-63F09B2D4CB8-1430726940-1.0-f-26-ti_pitch-1_speed0.9_noise0.03.wav,./Augcopy2/tiredD4665929-8695-4655-927F-63F09B2D4CB8-1430726940-1.0-f-26-ti_pitch-1_speed0.9_noise0.03.wav
442,tired,tiredD4665929-8695-4655-927F-63F09B2D4CB8-1430726940-1.0-f-26-ti_pitch-1_speed1.1_noise0.01.wav,./Augcopy2/tiredD4665929-8695-4655-927F-63F09B2D4CB8-1430726940-1.0-f-26-ti_pitch-1_speed1.1_noise0.01.wav
443,tired,tiredD4665929-8695-4655-927F-63F09B2D4CB8-1430726940-1.0-f-26-ti_pitch-1_speed1.1_noise0.02.wav,./Augcopy2/tiredD4665929-8695-4655-927F-63F09B2D4CB8-1430726940-1.0-f-26-ti_pitch-1_speed1.1_noise0.02.wav
444,tired,tiredD4665929-8695-4655-927F-63F09B2D4CB8-1430726940-1.0-f-26-ti_pitch-1_speed1.1_noise0.03.wav,./Augcopy2/tiredD4665929-8695-4655-927F-63F09B2D4CB8-1430726940-1.0-f-26-ti_pitch-1_speed1.1_noise0.03.wav
445,tired,tiredD4665929-8695-4655-927F-63F09B2D4CB8-1430726940-1.0-f-26-ti_pitch2_speed0.9_noise0.01.wav,./Augcopy2/tiredD4665929-8695-4655-927F-63F09B2D4CB8-1430726940-1.0-f-26-ti_pitch2_speed0.9_noise0.01.wav
446,tired,tiredD4665929-8695-4655-927F-63F09B2D4CB8-1430726940-1.0-f-26-ti_pitch2_speed0.9_noise0.02.wav,./Augcopy2/tiredD4665929-8695-4655-927F-63F09B2D4CB8-1430726940-1.0-f-26-ti_pitch2_speed0.9_noise0.02.wav
447,tired,tiredD4665929-8695-4655-927F-63F09B2D4CB8-1430726940-1.0-f-26-ti_pitch2_speed0.9_noise0.03.wav,./Augcopy2/tiredD4665929-8695-4655-927F-63F09B2D4CB8-1430726940-1.0-f-26-ti_pitch2_speed0.9_noise0.03.wav
448,tired,tiredD4665929-8695-4655-927F-63F09B2D4CB8-1430726940-1.0-f-26-ti_pitch2_speed1.1_noise0.01.wav,./Augcopy2/tiredD4665929-8695-4655-927F-63F09B2D4CB8-1430726940-1.0-f-26-ti_pitch2_speed1.1_noise0.01.wav
449,tired,tiredD4665929-8695-4655-927F-63F09B2D4CB8-1430726940-1.0-f-26-ti_pitch2_speed1.1_noise0.02.wav,./Augcopy2/tiredD4665929-8695-4655-927F-63F09B2D4CB8-1430726940-1.0-f-26-ti_pitch2_speed1.1_noise0.02.wav
450,tired,tiredD4665929-8695-4655-927F-63F09B2D4CB8-1430726940-1.0-f-26-ti_pitch2_speed1.1_noise0.03.wav,./Augcopy2/tiredD4665929-8695-4655-927F-63F09B2D4CB8-1430726940-1.0-f-26-ti_pitch2_speed1.1_noise0.03.wav
451,tired,tired7A22229D-06C2-4AAA-9674-DE5DF1906B3A-1436891957-1.1-m-72-ti_pitch-2_speed0.9_noise0.01.wav,./Augcopy2/tired7A22229D-06C2-4AAA-9674-DE5DF1906B3A-1436891957-1.1-m-72-ti_pitch-2_speed0.9_noise0.01.wav
452,tired,tired7A22229D-06C2-4AAA-9674-DE5DF1906B3A-1436891957-1.1-m-72-ti_pitch-2_speed0.9_noise0.02.wav,./Augcopy2/tired7A22229D-06C2-4AAA-9674-DE5DF1906B3A-1436891957-1.1-m-72-ti_pitch-2_speed0.9_noise0.02.wav
453,tired,tired7A22229D-06C2-4AAA-9674-DE5DF1906B3A-1436891957-1.1-m-72-ti_pitch-2_speed0.9_noise0.03.wav,./Augcopy2/tired7A22229D-06C2-4AAA-9674-DE5DF1906B3A-1436891957-1.1-m-72-ti_pitch-2_speed0.9_noise0.03.wav
454,tired,tired7A22229D-06C2-4AAA-9674-DE5DF1906B3A-1436891957-1.1-m-72-ti_pitch-2_speed1.1_noise0.01.wav,./Augcopy2/tired7A22229D-06C2-4AAA-9674-DE5DF1906B3A-1436891957-1.1-m-72-ti_pitch-2_speed1.1_noise0.01.wav
455,tired,tired7A22229D-06C2-4AAA-9674-DE5DF1906B3A-1436891957-1.1-m-72-ti_pitch-2_speed1.1_noise0.02.wav,./Augcopy2/tired7A22229D-06C2-4AAA-9674-DE5DF1906B3A-1436891957-1.1-m-72-ti_pitch-2_speed1.1_noise0.02.wav
456,tired,tired7A22229D-06C2-4AAA-9674-DE5DF1906B3A-1436891957-1.1-m-72-ti_pitch-2_speed1.1_noise0.03.wav,./Augcopy2/tired7A22229D-06C2-4AAA-9674-DE5DF1906B3A-1436891957-1.1-m-72-ti_pitch-2_speed1.1_noise0.03.wav
457,tired,tired7A22229D-06C2-4AAA-9674-DE5DF1906B3A-1436891957-1.1-m-72-ti_pitch1_speed0.9_noise0.01.wav,./Augcopy2/tired7A22229D-06C2-4AAA-9674-DE5DF1906B3A-1436891957-1.1-m-72-ti_pitch1_speed0.9_noise0.01.wav
458,tired,tired7A22229D-06C2-4AAA-9674-DE5DF1906B3A-1436891957-1.1-m-72-ti_pitch1_speed0.9_noise0.02.wav,./Augcopy2/tired7A22229D-06C2-4AAA-9674-DE5DF1906B3A-1436891957-1.1-m-72-ti_pitch1_speed0.9_noise0.02.wav
459,tired,tired7A22229D-06C2-4AAA-9674-DE5DF1906B3A-1436891957-1.1-m-72-ti_pitch1_speed0.9_noise0.03.wav,./Augcopy2/tired7A22229D-06C2-4AAA-9674-DE5DF1906B3A-1436891957-1.1-m-72-ti_pitch1_speed0.9_noise0.03.wav
460,tired,tired7A22229D-06C2-4AAA-9674-DE5DF1906B3A-1436891957-1.1-m-72-ti_pitch1_speed1.1_noise0.01.wav,./Augcopy2/tired7A22229D-06C2-4AAA-9674-DE5DF1906B3A-1436891957-1.1-m-72-ti_pitch1_speed1.1_noise0.01.wav
461,tired,tired7A22229D-06C2-4AAA-9674-DE5DF1906B3A-1436891957-1.1-m-72-ti_pitch1_speed1.1_noise0.02.wav,./Augcopy2/tired7A22229D-06C2-4AAA-9674-DE5DF1906B3A-1436891957-1.1-m-72-ti_pitch1_speed1.1_noise0.02.wav
462,tired,tired7A22229D-06C2-4AAA-9674-DE5DF1906B3A-1436891957-1.1-m-72-ti_pitch1_speed1.1_noise0.03.wav,./Augcopy2/tired7A22229D-06C2-4AAA-9674-DE5DF1906B3A-1436891957-1.1-m-72-ti_pitch1_speed1.1_noise0.03.wav
463,tired,tired7A22229D-06C2-4AAA-9674-DE5DF1906B3A-1436891957-1.1-m-72-ti_pitch-1_speed0.9_noise0.01.wav,./Augcopy2/tired7A22229D-06C2-4AAA-9674-DE5DF1906B3A-1436891957-1.1-m-72-ti_pitch-1_speed0.9_noise0.01.wav
464,tired,tired7A22229D-06C2-4AAA-9674-DE5DF1906B3A-1436891957-1.1-m-72-ti_pitch-1_speed0.9_noise0.02.wav,./Augcopy2/tired7A22229D-06C2-4AAA-9674-DE5DF1906B3A-1436891957-1.1-m-72-ti_pitch-1_speed0.9_noise0.02.wav
465,tired,tired7A22229D-06C2-4AAA-9674-DE5DF1906B3A-1436891957-1.1-m-72-ti_pitch-1_speed0.9_noise0.03.wav,./Augcopy2/tired7A22229D-06C2-4AAA-9674-DE5DF1906B3A-1436891957-1.1-m-72-ti_pitch-1_speed0.9_noise0.03.wav
466,tired,tired7A22229D-06C2-4AAA-9674-DE5DF1906B3A-1436891957-1.1-m-72-ti_pitch-1_speed1.1_noise0.01.wav,./Augcopy2/tired7A22229D-06C2-4AAA-9674-DE5DF1906B3A-1436891957-1.1-m-72-ti_pitch-1_speed1.1_noise0.01.wav
467,tired,tired7A22229D-06C2-4AAA-9674-DE5DF1906B3A-1436891957-1.1-m-72-ti_pitch-1_speed1.1_noise0.02.wav,./Augcopy2/tired7A22229D-06C2-4AAA-9674-DE5DF1906B3A-1436891957-1.1-m-72-ti_pitch-1_speed1.1_noise0.02.wav
468,tired,tired7A22229D-06C2-4AAA-9674-DE5DF1906B3A-1436891957-1.1-m-72-ti_pitch-1_speed1.1_noise0.03.wav,./Augcopy2/tired7A22229D-06C2-4AAA-9674-DE5DF1906B3A-1436891957-1.1-m-72-ti_pitch-1_speed1.1_noise0.03.wav
469,tired,tired7A22229D-06C2-4AAA-9674-DE5DF1906B3A-1436891957-1.1-m-72-ti_pitch2_speed0.9_noise0.01.wav,./Augcopy2/tired7A22229D-06C2-4AAA-9674-DE5DF1906B3A-1436891957-1.1-m-72-ti_pitch2_speed0.9_noise0.01.wav
470,tired,tired7A22229D-06C2-4AAA-9674-DE5DF1906B3A-1436891957-1.1-m-72-ti_pitch2_speed0.9_noise0.02.wav,./Augcopy2/tired7A22229D-06C2-4AAA-9674-DE5DF1906B3A-1436891957-1.1-m-72-ti_pitch2_speed0.9_noise0.02.wav
471,tired,tired7A22229D-06C2-4AAA-9674-DE5DF1906B3A-1436891957-1.1-m-72-ti_pitch2_speed0.9_noise0.03.wav,./Augcopy2/tired7A22229D-06C2-4AAA-9674-DE5DF1906B3A-1436891957-1.1-m-72-ti_pitch2_speed0.9_noise0.03.wav
472,tired,tired7A22229D-06C2-4AAA-9674-DE5DF1906B3A-1436891957-1.1-m-72-ti_pitch2_speed1.1_noise0.01.wav,./Augcopy2/tired7A22229D-06C2-4AAA-9674-DE5DF1906B3A-1436891957-1.1-m-72-ti_pitch2_speed1.1_noise0.01.wav
473,tired,tired7A22229D-06C2-4AAA-9674-DE5DF1906B3A-1436891957-1.1-m-72-ti_pitch2_speed1.1_noise0.02.wav,./Augcopy2/tired7A22229D-06C2-4AAA-9674-DE5DF1906B3A-1436891957-1.1-m-72-ti_pitch2_speed1.1_noise0.02.wav
474,tired,tired7A22229D-06C2-4AAA-9674-DE5DF1906B3A-1436891957-1.1-m-72-ti_pitch2_speed1.1_noise0.03.wav,./Augcopy2/tired7A22229D-06C2-4AAA-9674-DE5DF1906B3A-1436891957-1.1-m-72-ti_pitch2_speed1.1_noise0.03.wav
475,tired,tiredb4c460d8-bd6b-4017-9bb8-2ae4ff0c5af1-1430418266487-1.7-f-26-ti_pitch-2_speed0.9_noise0.01.wav,./Augcopy2/tiredb4c460d8-bd6b-4017-9bb8-2ae4ff0c5af1-1430418266487-1.7-f-26-ti_pitch-2_speed0.9_noise0.01.wav
476,tired,tiredb4c460d8-bd6b-4017-9bb8-2ae4ff0c5af1-1430418266487-1.7-f-26-ti_pitch-2_speed0.9_noise0.02.wav,./Augcopy2/tiredb4c460d8-bd6b-4017-9bb8-2ae4ff0c5af1-1430418266487-1.7-f-26-ti_pitch-2_speed0.9_noise0.02.wav
477,tired,tiredb4c460d8-bd6b-4017-9bb8-2ae4ff0c5af1-1430418266487-1.7-f-26-ti_pitch-2_speed0.9_noise0.03.wav,./Augcopy2/tiredb4c460d8-bd6b-4017-9bb8-2ae4ff0c5af1-1430418266487-1.7-f-26-ti_pitch-2_speed0.9_noise0.03.wav
478,tired,tiredb4c460d8-bd6b-4017-9bb8-2ae4ff0c5af1-1430418266487-1.7-f-26-ti_pitch-2_speed1.1_noise0.01.wav,./Augcopy2/tiredb4c460d8-bd6b-4017-9bb8-2ae4ff0c5af1-1430418266487-1.7-f-26-ti_pitch-2_speed1.1_noise0.01.wav
479,tired,tiredb4c460d8-bd6b-4017-9bb8-2ae4ff0c5af1-1430418266487-1.7-f-26-ti_pitch-2_speed1.1_noise0.02.wav,./Augcopy2/tiredb4c460d8-bd6b-4017-9bb8-2ae4ff0c5af1-1430418266487-1.7-f-26-ti_pitch-2_speed1.1_noise0.02.wav
480,tired,tiredb4c460d8-bd6b-4017-9bb8-2ae4ff0c5af1-1430418266487-1.7-f-26-ti_pitch-2_speed1.1_noise0.03.wav,./Augcopy2/tiredb4c460d8-bd6b-4017-9bb8-2ae4ff0c5af1-1430418266487-1.7-f-26-ti_pitch-2_speed1.1_noise0.03.wav
481,tired,tiredb4c460d8-bd6b-4017-9bb8-2ae4ff0c5af1-1430418266487-1.7-f-26-ti_pitch1_speed0.9_noise0.01.wav,./Augcopy2/tiredb4c460d8-bd6b-4017-9bb8-2ae4ff0c5af1-1430418266487-1.7-f-26-ti_pitch1_speed0.9_noise0.01.wav
482,tired,tiredb4c460d8-bd6b-4017-9bb8-2ae4ff0c5af1-1430418266487-1.7-f-26-ti_pitch1_speed0.9_noise0.02.wav,./Augcopy2/tiredb4c460d8-bd6b-4017-9bb8-2ae4ff0c5af1-1430418266487-1.7-f-26-ti_pitch1_speed0.9_noise0.02.wav
483,tired,tiredb4c460d8-bd6b-4017-9bb8-2ae4ff0c5af1-1430418266487-1.7-f-26-ti_pitch1_speed0.9_noise0.03.wav,./Augcopy2/tiredb4c460d8-bd6b-4017-9bb8-2ae4ff0c5af1-1430418266487-1.7-f-26-ti_pitch1_speed0.9_noise0.03.wav
484,tired,tiredb4c460d8-bd6b-4017-9bb8-2ae4ff0c5af1-1430418266487-1.7-f-26-ti_pitch1_speed1.1_noise0.01.wav,./Augcopy2/tiredb4c460d8-bd6b-4017-9bb8-2ae4ff0c5af1-1430418266487-1.7-f-26-ti_pitch1_speed1.1_noise0.01.wav
485,tired,tiredb4c460d8-bd6b-4017-9bb8-2ae4ff0c5af1-1430418266487-1.7-f-26-ti_pitch1_speed1.1_noise0.02.wav,./Augcopy2/tiredb4c460d8-bd6b-4017-9bb8-2ae4ff0c5af1-1430418266487-1.7-f-26-ti_pitch1_speed1.1_noise0.02.wav
486,tired,tiredb4c460d8-bd6b-4017-9bb8-2ae4ff0c5af1-1430418266487-1.7-f-26-ti_pitch1_speed1.1_noise0.03.wav,./Augcopy2/tiredb4c460d8-bd6b-4017-9bb8-2ae4ff0c5af1-1430418266487-1.7-f-26-ti_pitch1_speed1.1_noise0.03.wav
487,tired,tiredb4c460d8-bd6b-4017-9bb8-2ae4ff0c5af1-1430418266487-1.7-f-26-ti_pitch-1_speed0.9_noise0.01.wav,./Augcopy2/tiredb4c460d8-bd6b-4017-9bb8-2ae4ff0c5af1-1430418266487-1.7-f-26-ti_pitch-1_speed0.9_noise0.01.wav
488,tired,tiredb4c460d8-bd6b-4017-9bb8-2ae4ff0c5af1-1430418266487-1.7-f-26-ti_pitch-1_speed0.9_noise0.02.wav,./Augcopy2/tiredb4c460d8-bd6b-4017-9bb8-2ae4ff0c5af1-1430418266487-1.7-f-26-ti_pitch-1_speed0.9_noise0.02.wav
489,tired,tiredb4c460d8-bd6b-4017-9bb8-2ae4ff0c5af1-1430418266487-1.7-f-26-ti_pitch-1_speed0.9_noise0.03.wav,./Augcopy2/tiredb4c460d8-bd6b-4017-9bb8-2ae4ff0c5af1-1430418266487-1.7-f-26-ti_pitch-1_speed0.9_noise0.03.wav
490,tired,tiredb4c460d8-bd6b-4017-9bb8-2ae4ff0c5af1-1430418266487-1.7-f-26-ti_pitch-1_speed1.1_noise0.01.wav,./Augcopy2/tiredb4c460d8-bd6b-4017-9bb8-2ae4ff0c5af1-1430418266487-1.7-f-26-ti_pitch-1_speed1.1_noise0.01.wav
491,tired,tiredb4c460d8-bd6b-4017-9bb8-2ae4ff0c5af1-1430418266487-1.7-f-26-ti_pitch-1_speed1.1_noise0.02.wav,./Augcopy2/tiredb4c460d8-bd6b-4017-9bb8-2ae4ff0c5af1-1430418266487-1.7-f-26-ti_pitch-1_speed1.1_noise0.02.wav
492,tired,tiredb4c460d8-bd6b-4017-9bb8-2ae4ff0c5af1-1430418266487-1.7-f-26-ti_pitch-1_speed1.1_noise0.03.wav,./Augcopy2/tiredb4c460d8-bd6b-4017-9bb8-2ae4ff0c5af1-1430418266487-1.7-f-26-ti_pitch-1_speed1.1_noise0.03.wav
493,tired,tiredb4c460d8-bd6b-4017-9bb8-2ae4ff0c5af1-1430418266487-1.7-f-26-ti_pitch2_speed0.9_noise0.01.wav,./Augcopy2/tiredb4c460d8-bd6b-4017-9bb8-2ae4ff0c5af1-1430418266487-1.7-f-26-ti_pitch2_speed0.9_noise0.01.wav
494,tired,tiredb4c460d8-bd6b-4017-9bb8-2ae4ff0c5af1-1430418266487-1.7-f-26-ti_pitch2_speed0.9_noise0.02.wav,./Augcopy2/tiredb4c460d8-bd6b-4017-9bb8-2ae4ff0c5af1-1430418266487-1.7-f-26-ti_pitch2_speed0.9_noise0.02.wav
495,tired,tiredb4c460d8-bd6b-4017-9bb8-2ae4ff0c5af1-1430418266487-1.7-f-26-ti_pitch2_speed0.9_noise0.03.wav,./Augcopy2/tiredb4c460d8-bd6b-4017-9bb8-2ae4ff0c5af1-1430418266487-1.7-f-26-ti_pitch2_speed0.9_noise0.03.wav
496,tired,tiredb4c460d8-bd6b-4017-9bb8-2ae4ff0c5af1-1430418266487-1.7-f-26-ti_pitch2_speed1.1_noise0.01.wav,./Augcopy2/tiredb4c460d8-bd6b-4017-9bb8-2ae4ff0c5af1-1430418266487-1.7-f-26-ti_pitch2_speed1.1_noise0.01.wav
497,tired,tiredb4c460d8-bd6b-4017-9bb8-2ae4ff0c5af1-1430418266487-1.7-f-26-ti_pitch2_speed1.1_noise0.02.wav,./Augcopy2/tiredb4c460d8-bd6b-4017-9bb8-2ae4ff0c5af1-1430418266487-1.7-f-26-ti_pitch2_speed1.1_noise0.02.wav
498,tired,tiredb4c460d8-bd6b-4017-9bb8-2ae4ff0c5af1-1430418266487-1.7-f-26-ti_pitch2_speed1.1_noise0.03.wav,./Augcopy2/tiredb4c460d8-bd6b-4017-9bb8-2ae4ff0c5af1-1430418266487-1.7-f-26-ti_pitch2_speed1.1_noise0.03.wav
499,tired,tiredd6cda191-4962-4308-9a36-46d5648a95ed-1431587899682-1.7-m-04-ti_pitch-2_speed0.9_noise0.01.wav,./Augcopy2/tiredd6cda191-4962-4308-9a36-46d5648a95ed-1431587899682-1.7-m-04-ti_pitch-2_speed0.9_noise0.01.wav
500,tired,tiredd6cda191-4962-4308-9a36-46d5648a95ed-1431587899682-1.7-m-04-ti_pitch-2_speed0.9_noise0.02.wav,./Augcopy2/tiredd6cda191-4962-4308-9a36-46d5648a95ed-1431587899682-1.7-m-04-ti_pitch-2_speed0.9_noise0.02.wav
501,tired,tiredd6cda191-4962-4308-9a36-46d5648a95ed-1431587899682-1.7-m-04-ti_pitch-2_speed0.9_noise0.03.wav,./Augcopy2/tiredd6cda191-4962-4308-9a36-46d5648a95ed-1431587899682-1.7-m-04-ti_pitch-2_speed0.9_noise0.03.wav
502,tired,tiredd6cda191-4962-4308-9a36-46d5648a95ed-1431587899682-1.7-m-04-ti_pitch-2_speed1.1_noise0.01.wav,./Augcopy2/tiredd6cda191-4962-4308-9a36-46d5648a95ed-1431587899682-1.7-m-04-ti_pitch-2_speed1.1_noise0.01.wav
503,tired,tiredd6cda191-4962-4308-9a36-46d5648a95ed-1431587899682-1.7-m-04-ti_pitch-2_speed1.1_noise0.02.wav,./Augcopy2/tiredd6cda191-4962-4308-9a36-46d5648a95ed-1431587899682-1.7-m-04-ti_pitch-2_speed1.1_noise0.02.wav
504,tired,tiredd6cda191-4962-4308-9a36-46d5648a95ed-1431587899682-1.7-m-04-ti_pitch-2_speed1.1_noise0.03.wav,./Augcopy2/tiredd6cda191-4962-4308-9a36-46d5648a95ed-1431587899682-1.7-m-04-ti_pitch-2_speed1.1_noise0.03.wav
505,tired,tiredd6cda191-4962-4308-9a36-46d5648a95ed-1431587899682-1.7-m-04-ti_pitch1_speed0.9_noise0.01.wav,./Augcopy2/tiredd6cda191-4962-4308-9a36-46d5648a95ed-1431587899682-1.7-m-04-ti_pitch1_speed0.9_noise0.01.wav
506,tired,tiredd6cda191-4962-4308-9a36-46d5648a95ed-1431587899682-1.7-m-04-ti_pitch1_speed0.9_noise0.02.wav,./Augcopy2/tiredd6cda191-4962-4308-9a36-46d5648a95ed-1431587899682-1.7-m-04-ti_pitch1_speed0.9_noise0.02.wav
507,tired,tiredd6cda191-4962-4308-9a36-46d5648a95ed-1431587899682-1.7-m-04-ti_pitch1_speed0.9_noise0.03.wav,./Augcopy2/tiredd6cda191-4962-4308-9a36-46d5648a95ed-1431587899682-1.7-m-04-ti_pitch1_speed0.9_noise0.03.wav
508,tired,tiredd6cda191-4962-4308-9a36-46d5648a95ed-1431587899682-1.7-m-04-ti_pitch1_speed1.1_noise0.01.wav,./Augcopy2/tiredd6cda191-4962-4308-9a36-46d5648a95ed-1431587899682-1.7-m-04-ti_pitch1_speed1.1_noise0.01.wav
509,tired,tiredd6cda191-4962-4308-9a36-46d5648a95ed-1431587899682-1.7-m-04-ti_pitch1_speed1.1_noise0.02.wav,./Augcopy2/tiredd6cda191-4962-4308-9a36-46d5648a95ed-1431587899682-1.7-m-04-ti_pitch1_speed1.1_noise0.02.wav
510,tired,tiredd6cda191-4962-4308-9a36-46d5648a95ed-1431587899682-1.7-m-04-ti_pitch1_speed1.1_noise0.03.wav,./Augcopy2/tiredd6cda191-4962-4308-9a36-46d5648a95ed-1431587899682-1.7-m-04-ti_pitch1_speed1.1_noise0.03.wav
511,tired,tiredd6cda191-4962-4308-9a36-46d5648a95ed-1431587899682-1.7-m-04-ti_pitch-1_speed0.9_noise0.01.wav,./Augcopy2/tiredd6cda191-4962-4308-9a36-46d5648a95ed-1431587899682-1.7-m-04-ti_pitch-1_speed0.9_noise0.01.wav
512,tired,tiredd6cda191-4962-4308-9a36-46d5648a95ed-1431587899682-1.7-m-04-ti_pitch-1_speed0.9_noise0.02.wav,./Augcopy2/tiredd6cda191-4962-4308-9a36-46d5648a95ed-1431587899682-1.7-m-04-ti_pitch-1_speed0.9_noise0.02.wav
513,tired,tiredd6cda191-4962-4308-9a36-46d5648a95ed-1431587899682-1.7-m-04-ti_pitch-1_speed0.9_noise0.03.wav,./Augcopy2/tiredd6cda191-4962-4308-9a36-46d5648a95ed-1431587899682-1.7-m-04-ti_pitch-1_speed0.9_noise0.03.wav
514,tired,tiredd6cda191-4962-4308-9a36-46d5648a95ed-1431587899682-1.7-m-04-ti_pitch-1_speed1.1_noise0.01.wav,./Augcopy2/tiredd6cda191-4962-4308-9a36-46d5648a95ed-1431587899682-1.7-m-04-ti_pitch-1_speed1.1_noise0.01.wav
515,tired,tiredd6cda191-4962-4308-9a36-46d5648a95ed-1431587899682-1.7-m-04-ti_pitch-1_speed1.1_noise0.02.wav,./Augcopy2/tiredd6cda191-4962-4308-9a36-46d5648a95ed-1431587899682-1.7-m-04-ti_pitch-1_speed1.1_noise0.02.wav
516,tired,tiredd6cda191-4962-4308-9a36-46d5648a95ed-1431587899682-1.7-m-04-ti_pitch-1_speed1.1_noise0.03.wav,./Augcopy2/tiredd6cda191-4962-4308-9a36-46d5648a95ed-1431587899682-1.7-m-04-ti_pitch-1_speed1.1_noise0.03.wav
517,tired,tiredd6cda191-4962-4308-9a36-46d5648a95ed-1431587899682-1.7-m-04-ti_pitch2_speed0.9_noise0.01.wav,./Augcopy2/tiredd6cda191-4962-4308-9a36-46d5648a95ed-1431587899682-1.7-m-04-ti_pitch2_speed0.9_noise0.01.wav
518,tired,tiredd6cda191-4962-4308-9a36-46d5648a95ed-1431587899682-1.7-m-04-ti_pitch2_speed0.9_noise0.02.wav,./Augcopy2/tiredd6cda191-4962-4308-9a36-46d5648a95ed-1431587899682-1.7-m-04-ti_pitch2_speed0.9_noise0.02.wav
519,tired,tiredd6cda191-4962-4308-9a36-46d5648a95ed-1431587899682-1.7-m-04-ti_pitch2_speed0.9_noise0.03.wav,./Augcopy2/tiredd6cda191-4962-4308-9a36-46d5648a95ed-1431587899682-1.7-m-04-ti_pitch2_speed0.9_noise0.03.wav
520,tired,tiredd6cda191-4962-4308-9a36-46d5648a95ed-1431587899682-1.7-m-04-ti_pitch2_speed1.1_noise0.01.wav,./Augcopy2/tiredd6cda191-4962-4308-9a36-46d5648a95ed-1431587899682-1.7-m-04-ti_pitch2_speed1.1_noise0.01.wav
521,tired,tiredd6cda191-4962-4308-9a36-46d5648a95ed-1431587899682-1.7-m-04-ti_pitch2_speed1.1_noise0.02.wav,./Augcopy2/tiredd6cda191-4962-4308-9a36-46d5648a95ed-1431587899682-1.7-m-04-ti_pitch2_speed1.1_noise0.02.wav
522,tired,tiredd6cda191-4962-4308-9a36-46d5648a95ed-1431587899682-1.7-m-04-ti_pitch2_speed1.1_noise0.03.wav,./Augcopy2/tiredd6cda191-4962-4308-9a36-46d5648a95ed-1431587899682-1.7-m-04-ti_pitch2_speed1.1_noise0.03.wav
523,tired,tired1309B82C-F146-46F0-A723-45345AFA6EA8-1430059864-1.0-f-04-ti_pitch-2_speed0.9_noise0.01.wav,./Augcopy2/tired1309B82C-F146-46F0-A723-45345AFA6EA8-1430059864-1.0-f-04-ti_pitch-2_speed0.9_noise0.01.wav
524,tired,tired1309B82C-F146-46F0-A723-45345AFA6EA8-1430059864-1.0-f-04-ti_pitch-2_speed0.9_noise0.02.wav,./Augcopy2/tired1309B82C-F146-46F0-A723-45345AFA6EA8-1430059864-1.0-f-04-ti_pitch-2_speed0.9_noise0.02.wav
525,tired,tired1309B82C-F146-46F0-A723-45345AFA6EA8-1430059864-1.0-f-04-ti_pitch-2_speed0.9_noise0.03.wav,./Augcopy2/tired1309B82C-F146-46F0-A723-45345AFA6EA8-1430059864-1.0-f-04-ti_pitch-2_speed0.9_noise0.03.wav
526,tired,tired1309B82C-F146-46F0-A723-45345AFA6EA8-1430059864-1.0-f-04-ti_pitch-2_speed1.1_noise0.01.wav,./Augcopy2/tired1309B82C-F146-46F0-A723-45345AFA6EA8-1430059864-1.0-f-04-ti_pitch-2_speed1.1_noise0.01.wav
527,tired,tired1309B82C-F146-46F0-A723-45345AFA6EA8-1430059864-1.0-f-04-ti_pitch-2_speed1.1_noise0.02.wav,./Augcopy2/tired1309B82C-F146-46F0-A723-45345AFA6EA8-1430059864-1.0-f-04-ti_pitch-2_speed1.1_noise0.02.wav
528,tired,tired1309B82C-F146-46F0-A723-45345AFA6EA8-1430059864-1.0-f-04-ti_pitch-2_speed1.1_noise0.03.wav,./Augcopy2/tired1309B82C-F146-46F0-A723-45345AFA6EA8-1430059864-1.0-f-04-ti_pitch-2_speed1.1_noise0.03.wav
529,tired,tired1309B82C-F146-46F0-A723-45345AFA6EA8-1430059864-1.0-f-04-ti_pitch1_speed0.9_noise0.01.wav,./Augcopy2/tired1309B82C-F146-46F0-A723-45345AFA6EA8-1430059864-1.0-f-04-ti_pitch1_speed0.9_noise0.01.wav
530,tired,tired1309B82C-F146-46F0-A723-45345AFA6EA8-1430059864-1.0-f-04-ti_pitch1_speed0.9_noise0.02.wav,./Augcopy2/tired1309B82C-F146-46F0-A723-45345AFA6EA8-1430059864-1.0-f-04-ti_pitch1_speed0.9_noise0.02.wav
531,tired,tired1309B82C-F146-46F0-A723-45345AFA6EA8-1430059864-1.0-f-04-ti_pitch1_speed0.9_noise0.03.wav,./Augcopy2/tired1309B82C-F146-46F0-A723-45345AFA6EA8-1430059864-1.0-f-04-ti_pitch1_speed0.9_noise0.03.wav
532,tired,tired1309B82C-F146-46F0-A723-45345AFA6EA8-1430059864-1.0-f-04-ti_pitch1_speed1.1_noise0.01.wav,./Augcopy2/tired1309B82C-F146-46F0-A723-45345AFA6EA8-1430059864-1.0-f-04-ti_pitch1_speed1.1_noise0.01.wav
533,tired,tired1309B82C-F146-46F0-A723-45345AFA6EA8-1430059864-1.0-f-04-ti_pitch1_speed1.1_noise0.02.wav,./Augcopy2/tired1309B82C-F146-46F0-A723-45345AFA6EA8-1430059864-1.0-f-04-ti_pitch1_speed1.1_noise0.02.wav
534,tired,tired1309B82C-F146-46F0-A723-45345AFA6EA8-1430059864-1.0-f-04-ti_pitch1_speed1.1_noise0.03.wav,./Augcopy2/tired1309B82C-F146-46F0-A723-45345AFA6EA8-1430059864-1.0-f-04-ti_pitch1_speed1.1_noise0.03.wav
535,tired,tired1309B82C-F146-46F0-A723-45345AFA6EA8-1430059864-1.0-f-04-ti_pitch-1_speed0.9_noise0.01.wav,./Augcopy2/tired1309B82C-F146-46F0-A723-45345AFA6EA8-1430059864-1.0-f-04-ti_pitch-1_speed0.9_noise0.01.wav
536,tired,tired1309B82C-F146-46F0-A723-45345AFA6EA8-1430059864-1.0-f-04-ti_pitch-1_speed0.9_noise0.02.wav,./Augcopy2/tired1309B82C-F146-46F0-A723-45345AFA6EA8-1430059864-1.0-f-04-ti_pitch-1_speed0.9_noise0.02.wav
537,tired,tired1309B82C-F146-46F0-A723-45345AFA6EA8-1430059864-1.0-f-04-ti_pitch-1_speed0.9_noise0.03.wav,./Augcopy2/tired1309B82C-F146-46F0-A723-45345AFA6EA8-1430059864-1.0-f-04-ti_pitch-1_speed0.9_noise0.03.wav
538,tired,tired1309B82C-F146-46F0-A723-45345AFA6EA8-1430059864-1.0-f-04-ti_pitch-1_speed1.1_noise0.01.wav,./Augcopy2/tired1309B82C-F146-46F0-A723-45345AFA6EA8-1430059864-1.0-f-04-ti_pitch-1_speed1.1_noise0.01.wav
539,tired,tired1309B82C-F146-46F0-A723-45345AFA6EA8-1430059864-1.0-f-04-ti_pitch-1_speed1.1_noise0.02.wav,./Augcopy2/tired1309B82C-F146-46F0-A723-45345AFA6EA8-1430059864-1.0-f-04-ti_pitch-1_speed1.1_noise0.02.wav
540,tired,tired1309B82C-F146-46F0-A723-45345AFA6EA8-1430059864-1.0-f-04-ti_pitch-1_speed1.1_noise0.03.wav,./Augcopy2/tired1309B82C-F146-46F0-A723-45345AFA6EA8-1430059864-1.0-f-04-ti_pitch-1_speed1.1_noise0.03.wav
541,tired,tired1309B82C-F146-46F0-A723-45345AFA6EA8-1430059864-1.0-f-04-ti_pitch2_speed0.9_noise0.01.wav,./Augcopy2/tired1309B82C-F146-46F0-A723-45345AFA6EA8-1430059864-1.0-f-04-ti_pitch2_speed0.9_noise0.01.wav
542,tired,tired1309B82C-F146-46F0-A723-45345AFA6EA8-1430059864-1.0-f-04-ti_pitch2_speed0.9_noise0.02.wav,./Augcopy2/tired1309B82C-F146-46F0-A723-45345AFA6EA8-1430059864-1.0-f-04-ti_pitch2_speed0.9_noise0.02.wav
543,tired,tired1309B82C-F146-46F0-A723-45345AFA6EA8-1430059864-1.0-f-04-ti_pitch2_speed0.9_noise0.03.wav,./Augcopy2/tired1309B82C-F146-46F0-A723-45345AFA6EA8-1430059864-1.0-f-04-ti_pitch2_speed0.9_noise0.03.wav
544,tired,tired1309B82C-F146-46F0-A723-45345AFA6EA8-1430059864-1.0-f-04-ti_pitch2_speed1.1_noise0.01.wav,./Augcopy2/tired1309B82C-F146-46F0-A723-45345AFA6EA8-1430059864-1.0-f-04-ti_pitch2_speed1.1_noise0.01.wav
545,tired,tired1309B82C-F146-46F0-A723-45345AFA6EA8-1430059864-1.0-f-04-ti_pitch2_speed1.1_noise0.02.wav,./Augcopy2/tired1309B82C-F146-46F0-A723-45345AFA6EA8-1430059864-1.0-f-04-ti_pitch2_speed1.1_noise0.02.wav
546,tired,tired1309B82C-F146-46F0-A723-45345AFA6EA8-1430059864-1.0-f-04-ti_pitch2_speed1.1_noise0.03.wav,./Augcopy2/tired1309B82C-F146-46F0-A723-45345AFA6EA8-1430059864-1.0-f-04-ti_pitch2_speed1.1_noise0.03.wav
547,tired,tiredcecd525b-18fd-49e3-b2b9-dfb08b93ad95-1430110029205-1.7-m-26-ti_pitch-2_speed0.9_noise0.01.wav,./Augcopy2/tiredcecd525b-18fd-49e3-b2b9-dfb08b93ad95-1430110029205-1.7-m-26-ti_pitch-2_speed0.9_noise0.01.wav
548,tired,tiredcecd525b-18fd-49e3-b2b9-dfb08b93ad95-1430110029205-1.7-m-26-ti_pitch-2_speed0.9_noise0.02.wav,./Augcopy2/tiredcecd525b-18fd-49e3-b2b9-dfb08b93ad95-1430110029205-1.7-m-26-ti_pitch-2_speed0.9_noise0.02.wav
549,tired,tiredcecd525b-18fd-49e3-b2b9-dfb08b93ad95-1430110029205-1.7-m-26-ti_pitch-2_speed0.9_noise0.03.wav,./Augcopy2/tiredcecd525b-18fd-49e3-b2b9-dfb08b93ad95-1430110029205-1.7-m-26-ti_pitch-2_speed0.9_noise0.03.wav
550,tired,tiredcecd525b-18fd-49e3-b2b9-dfb08b93ad95-1430110029205-1.7-m-26-ti_pitch-2_speed1.1_noise0.01.wav,./Augcopy2/tiredcecd525b-18fd-49e3-b2b9-dfb08b93ad95-1430110029205-1.7-m-26-ti_pitch-2_speed1.1_noise0.01.wav
551,tired,tiredcecd525b-18fd-49e3-b2b9-dfb08b93ad95-1430110029205-1.7-m-26-ti_pitch-2_speed1.1_noise0.02.wav,./Augcopy2/tiredcecd525b-18fd-49e3-b2b9-dfb08b93ad95-1430110029205-1.7-m-26-ti_pitch-2_speed1.1_noise0.02.wav
552,tired,tiredcecd525b-18fd-49e3-b2b9-dfb08b93ad95-1430110029205-1.7-m-26-ti_pitch-2_speed1.1_noise0.03.wav,./Augcopy2/tiredcecd525b-18fd-49e3-b2b9-dfb08b93ad95-1430110029205-1.7-m-26-ti_pitch-2_speed1.1_noise0.03.wav
553,tired,tiredcecd525b-18fd-49e3-b2b9-dfb08b93ad95-1430110029205-1.7-m-26-ti_pitch1_speed0.9_noise0.01.wav,./Augcopy2/tiredcecd525b-18fd-49e3-b2b9-dfb08b93ad95-1430110029205-1.7-m-26-ti_pitch1_speed0.9_noise0.01.wav
554,tired,tiredcecd525b-18fd-49e3-b2b9-dfb08b93ad95-1430110029205-1.7-m-26-ti_pitch1_speed0.9_noise0.02.wav,./Augcopy2/tiredcecd525b-18fd-49e3-b2b9-dfb08b93ad95-1430110029205-1.7-m-26-ti_pitch1_speed0.9_noise0.02.wav
555,tired,tiredcecd525b-18fd-49e3-b2b9-dfb08b93ad95-1430110029205-1.7-m-26-ti_pitch1_speed0.9_noise0.03.wav,./Augcopy2/tiredcecd525b-18fd-49e3-b2b9-dfb08b93ad95-1430110029205-1.7-m-26-ti_pitch1_speed0.9_noise0.03.wav
556,tired,tiredcecd525b-18fd-49e3-b2b9-dfb08b93ad95-1430110029205-1.7-m-26-ti_pitch1_speed1.1_noise0.01.wav,./Augcopy2/tiredcecd525b-18fd-49e3-b2b9-dfb08b93ad95-1430110029205-1.7-m-26-ti_pitch1_speed1.1_noise0.01.wav
557,tired,tiredcecd525b-18fd-49e3-b2b9-dfb08b93ad95-1430110029205-1.7-m-26-ti_pitch1_speed1.1_noise0.02.wav,./Augcopy2/tiredcecd525b-18fd-49e3-b2b9-dfb08b93ad95-1430110029205-1.7-m-26-ti_pitch1_speed1.1_noise0.02.wav
558,tired,tiredcecd525b-18fd-49e3-b2b9-dfb08b93ad95-1430110029205-1.7-m-26-ti_pitch1_speed1.1_noise0.03.wav,./Augcopy2/tiredcecd525b-18fd-49e3-b2b9-dfb08b93ad95-1430110029205-1.7-m-26-ti_pitch1_speed1.1_noise0.03.wav
559,tired,tiredcecd525b-18fd-49e3-b2b9-dfb08b93ad95-1430110029205-1.7-m-26-ti_pitch-1_speed0.9_noise0.01.wav,./Augcopy2/tiredcecd525b-18fd-49e3-b2b9-dfb08b93ad95-1430110029205-1.7-m-26-ti_pitch-1_speed0.9_noise0.01.wav
560,tired,tiredcecd525b-18fd-49e3-b2b9-dfb08b93ad95-1430110029205-1.7-m-26-ti_pitch-1_speed0.9_noise0.02.wav,./Augcopy2/tiredcecd525b-18fd-49e3-b2b9-dfb08b93ad95-1430110029205-1.7-m-26-ti_pitch-1_speed0.9_noise0.02.wav
561,tired,tiredcecd525b-18fd-49e3-b2b9-dfb08b93ad95-1430110029205-1.7-m-26-ti_pitch-1_speed0.9_noise0.03.wav,./Augcopy2/tiredcecd525b-18fd-49e3-b2b9-dfb08b93ad95-1430110029205-1.7-m-26-ti_pitch-1_speed0.9_noise0.03.wav
562,tired,tiredcecd525b-18fd-49e3-b2b9-dfb08b93ad95-1430110029205-1.7-m-26-ti_pitch-1_speed1.1_noise0.01.wav,./Augcopy2/tiredcecd525b-18fd-49e3-b2b9-dfb08b93ad95-1430110029205-1.7-m-26-ti_pitch-1_speed1.1_noise0.01.wav
563,tired,tiredcecd525b-18fd-49e3-b2b9-dfb08b93ad95-1430110029205-1.7-m-26-ti_pitch-1_speed1.1_noise0.02.wav,./Augcopy2/tiredcecd525b-18fd-49e3-b2b9-dfb08b93ad95-1430110029205-1.7-m-26-ti_pitch-1_speed1.1_noise0.02.wav
564,tired,tiredcecd525b-18fd-49e3-b2b9-dfb08b93ad95-1430110029205-1.7-m-26-ti_pitch-1_speed1.1_noise0.03.wav,./Augcopy2/tiredcecd525b-18fd-49e3-b2b9-dfb08b93ad95-1430110029205-1.7-m-26-ti_pitch-1_speed1.1_noise0.03.wav
565,tired,tiredcecd525b-18fd-49e3-b2b9-dfb08b93ad95-1430110029205-1.7-m-26-ti_pitch2_speed0.9_noise0.01.wav,./Augcopy2/tiredcecd525b-18fd-49e3-b2b9-dfb08b93ad95-1430110029205-1.7-m-26-ti_pitch2_speed0.9_noise0.01.wav
566,tired,tiredcecd525b-18fd-49e3-b2b9-dfb08b93ad95-1430110029205-1.7-m-26-ti_pitch2_speed0.9_noise0.02.wav,./Augcopy2/tiredcecd525b-18fd-49e3-b2b9-dfb08b93ad95-1430110029205-1.7-m-26-ti_pitch2_speed0.9_noise0.02.wav
567,tired,tiredcecd525b-18fd-49e3-b2b9-dfb08b93ad95-1430110029205-1.7-m-26-ti_pitch2_speed0.9_noise0.03.wav,./Augcopy2/tiredcecd525b-18fd-49e3-b2b9-dfb08b93ad95-1430110029205-1.7-m-26-ti_pitch2_speed0.9_noise0.03.wav
568,tired,tiredcecd525b-18fd-49e3-b2b9-dfb08b93ad95-1430110029205-1.7-m-26-ti_pitch2_speed1.1_noise0.01.wav,./Augcopy2/tiredcecd525b-18fd-49e3-b2b9-dfb08b93ad95-1430110029205-1.7-m-26-ti_pitch2_speed1.1_noise0.01.wav
