,Category,File name,Path,duration,rmsmean,rmsstd,zcr_mean,zcr_std,f0_mean,f0_std,mfcc mean 1,mfcc std 1,mfcc mean 2,mfcc std 2,mfcc mean 3,mfcc std 3,mfcc mean 4,mfcc std 4,mfcc mean 5,mfcc std 5,mfcc mean 6,mfcc std 6,mfcc mean 7,mfcc std 7,mfcc mean 8,mfcc std 8,mfcc mean 9,mfcc std 9,mfcc mean 10,mfcc std 10,mfcc mean 11,mfcc std 11,mfcc mean 12,mfcc std 12,mfcc mean 13,mfcc std 13
0,hungry,F3BAEDDA-CDC0-4A65-90EE-5C372CEE4F3B-1437012059-1.1-m-26-hu.wav,C:\Users\Lenovo\Desktop\Mindcloud\Final project\ML model\initial\hungry\F3BAEDDA-CDC0-4A65-90EE-5C372CEE4F3B-1437012059-1.1-m-26-hu.wav,7.0,0.08337027579545975,0.06638790667057037,0.29578746448863635,0.147381539688637,195.2971673089331,62.48121402341162,-154.43283,87.17324,11.231325,41.676186,-13.449755,13.437383,9.656164,14.767538,-20.805231,11.590357,-3.6443393,7.340107,-7.4197106,13.718169,-11.647964,10.656327,-15.410446,9.437534,1.8504966,15.445921,-2.5246563,13.927067,3.963713,15.532217,-13.367049,16.100712
1,hungry,FAE74A94-9968-43ED-958C-50D7C4C1F13C-1430770871-1.0-f-22-hu.wav,C:\Users\Lenovo\Desktop\Mindcloud\Final project\ML model\initial\hungry\FAE74A94-9968-43ED-958C-50D7C4C1F13C-1430770871-1.0-f-22-hu.wav,7.0,0.07913956791162491,0.0829027071595192,0.1538973721590909,0.06332899086484131,209.24274429399586,42.14212770272896,-319.7719,135.92331,36.921246,21.655853,-11.893105,18.148996,-5.0276327,12.331302,-28.009245,18.701693,-31.907772,18.874022,-30.928116,17.261457,-18.56847,10.781325,-14.611683,13.0774555,6.6630845,20.103643,7.2399235,20.768038,4.150192,16.823193,-1.3168613,18.016861
2,hungry,4be720ce-a5e5-4a48-930f-a212f8a239f6-1434737668804-1.7-f-48-hu.wav,C:\Users\Lenovo\Desktop\Mindcloud\Final project\ML model\initial\hungry\4be720ce-a5e5-4a48-930f-a212f8a239f6-1434737668804-1.7-f-48-hu.wav,6.78,0.00841466523706913,0.015641164034605026,0.21482993071933962,0.05809371759437135,170.45177750972005,77.42789584622167,-399.8557,127.055336,53.48868,33.316963,-27.16852,30.989998,-4.5004635,21.2412,-7.017306,12.0823965,-0.32964712,11.678267,-15.027981,8.549644,-9.017436,6.3479815,-14.738559,6.1704817,-3.7580118,11.438112,-10.835961,8.241719,-5.6322327,10.917327,-9.672186,8.376211
3,hungry,bb2bdafb-0477-4be4-8c41-1a6192e8c6d4-1430637663087-1.7-m-72-hu.wav,C:\Users\Lenovo\Desktop\Mindcloud\Final project\ML model\initial\hungry\bb2bdafb-0477-4be4-8c41-1a6192e8c6d4-1430637663087-1.7-m-72-hu.wav,6.66,0.06930455565452576,0.06253181397914886,0.1969215029761905,0.08593876624054249,189.3749752881334,62.1162180394682,-177.99344,112.00503,44.74528,21.010782,-12.028001,18.762186,-9.32797,22.396095,-30.113272,19.143614,-29.895393,17.72004,-6.3831205,15.02488,-14.25857,11.378666,-12.3005,9.791722,-3.6430178,8.711318,-10.783374,12.849642,-6.0886383,9.175513,-4.813111,9.970084
4,hungry,40a4c760-facf-4911-b0a6-22eccc3ab18d-1430477717469-1.7-f-26-hu.wav,C:\Users\Lenovo\Desktop\Mindcloud\Final project\ML model\initial\hungry\40a4c760-facf-4911-b0a6-22eccc3ab18d-1430477717469-1.7-f-26-hu.wav,7.06,0.24973085522651672,0.14032025635242462,0.47191283079954954,0.22923436688875878,175.0130131372836,64.81633208472742,-30.901796,103.80468,-27.010868,54.460945,7.823497,28.218018,-9.228694,17.681974,-11.188976,14.092893,-1.6519272,16.064335,-9.149456,19.449461,-16.174717,12.677986,-13.439294,12.383303,-3.9666932,9.29983,-14.658509,7.643035,-4.944606,10.62987,-5.212883,11.601233
5,hungry,40a4c760-facf-4911-b0a6-22eccc3ab18d-1430477726097-1.7-f-26-hu.wav,C:\Users\Lenovo\Desktop\Mindcloud\Final project\ML model\initial\hungry\40a4c760-facf-4911-b0a6-22eccc3ab18d-1430477726097-1.7-f-26-hu.wav,7.06,0.2447967380285263,0.1160498857498169,0.46274985923423423,0.23305665714414248,203.04244187733696,70.81676626024553,-38.665077,107.753914,-27.946314,64.78646,1.5450051,18.724031,-18.218119,19.75494,-10.308377,15.519823,-4.854559,16.341547,-4.9146338,18.020123,-14.971491,10.692748,-13.420478,11.47082,-2.1023095,7.5925817,-16.75376,10.220225,-5.9387994,11.107822,-3.863922,11.416659
6,hungry,815af07e-4c31-4032-8bd1-dab6e60c879e-1433156413683-1.7-m-04-hu.wav,C:\Users\Lenovo\Desktop\Mindcloud\Final project\ML model\initial\hungry\815af07e-4c31-4032-8bd1-dab6e60c879e-1433156413683-1.7-m-04-hu.wav,6.94,0.14473991096019745,0.10297566652297974,0.41537503583715596,0.1262960993163824,203.47023253095782,64.07267958882109,-146.30441,126.90718,-53.40366,48.80424,-31.02908,19.378914,-1.6007532,23.89177,-39.626797,17.636349,1.3756688,13.877326,-16.420055,14.104363,-0.0021285159,11.368527,-11.669728,14.264414,9.059918,12.072729,-17.731384,16.905258,12.981132,15.581616,-4.7141166,17.154652
7,hungry,5728DDD6-149B-412F-A14B-C29B9B5E415F-1432635069-1.0-m-26-hu.wav,C:\Users\Lenovo\Desktop\Mindcloud\Final project\ML model\initial\hungry\5728DDD6-149B-412F-A14B-C29B9B5E415F-1432635069-1.0-m-26-hu.wav,7.0,0.060381148010492325,0.04773303121328354,0.22842240767045455,0.04274219633233039,195.4063408765926,61.67379786122194,-177.91287,56.933083,34.520344,22.41974,-26.376055,16.564758,-1.7784864,11.882265,-18.878662,10.761039,9.828902,15.566128,-11.878126,9.459543,-16.931602,10.967641,-19.38826,10.316805,-13.612041,10.631369,-10.325127,17.337437,-3.9222682,18.184008,-7.183444,20.396591
8,hungry,86c2b87a-ae7c-46a3-b6fb-7ebe748812cf-1430036547966-1.7-m-04-hu.wav,C:\Users\Lenovo\Desktop\Mindcloud\Final project\ML model\initial\hungry\86c2b87a-ae7c-46a3-b6fb-7ebe748812cf-1430036547966-1.7-m-04-hu.wav,7.04,0.045445263385772705,0.0271966103464365,0.18889446086711711,0.10210770619580004,136.24988873340652,74.65402088605425,-139.93985,100.93853,63.975117,28.537209,-5.185602,18.207207,-0.9060286,13.661533,-25.486088,10.619379,-8.0899105,12.084541,-13.550852,13.114977,-5.997361,6.8048577,-11.620017,7.628012,-7.3260627,6.1544466,-8.715796,5.380065,-3.189482,5.9200544,-4.9581594,7.448798
9,hungry,c6fd9d60-0fa7-44c0-b3ce-0192527d7b81-1429978271017-1.7-m-04-hu.wav,C:\Users\Lenovo\Desktop\Mindcloud\Final project\ML model\initial\hungry\c6fd9d60-0fa7-44c0-b3ce-0192527d7b81-1429978271017-1.7-m-04-hu.wav,6.78,0.05710873007774353,0.07325956970453262,0.1577056308962264,0.07881162186473337,192.3524922777122,71.74420084314488,-219.82014,134.75583,51.179718,31.237125,-18.21657,28.719797,-6.8769345,10.98417,-22.836107,13.991196,-17.857796,12.528,-14.003162,16.353382,-11.51888,10.050452,-13.731242,8.397508,-5.2413583,8.740606,-4.8062224,12.214988,-1.4995035,13.339031,-6.653089,13.327486
10,hungry,3d3e244d-20b1-4ec3-9732-92dcd14ff35a-1436961241219-1.7-m-72-hu.wav,C:\Users\Lenovo\Desktop\Mindcloud\Final project\ML model\initial\hungry\3d3e244d-20b1-4ec3-9732-92dcd14ff35a-1436961241219-1.7-m-72-hu.wav,6.66,0.16050679981708527,0.0603497251868248,0.09052269345238095,0.07483275689506044,123.57826255104796,39.15868595037789,-98.61485,97.12032,140.83795,40.64258,3.6772718,22.879112,11.193492,9.73247,-5.297581,6.8605947,-3.3405402,7.6334414,-14.006888,6.6622944,-4.624687,7.112457,-12.8566475,7.1445374,-10.61242,6.7517705,-9.167684,10.320297,-8.628075,6.2714515,-11.213494,4.617776
11,hungry,42ec6f14-6ba6-457f-8a80-101ee201195c-1431345009828-1.7-m-22-hu.wav,C:\Users\Lenovo\Desktop\Mindcloud\Final project\ML model\initial\hungry\42ec6f14-6ba6-457f-8a80-101ee201195c-1431345009828-1.7-m-22-hu.wav,7.06,0.0012940251035615802,0.0008557562832720578,0.33174971846846846,0.12956494894246617,194.46427522948488,81.1346453300372,-503.95572,161.9765,17.598951,18.417784,-30.734306,20.22591,15.44158,14.822215,-25.528429,15.309526,-0.3580856,9.057749,-11.994961,8.405882,-0.28756222,8.849377,-9.699888,6.9812875,0.34011546,5.879764,-12.343279,8.41602,-0.38901147,7.570678,-8.863437,7.176496
12,hungry,70d30513-0ec3-49e4-9976-e85785e85c2d-1431033405793-1.7-m-04-hu.wav,C:\Users\Lenovo\Desktop\Mindcloud\Final project\ML model\initial\hungry\70d30513-0ec3-49e4-9976-e85785e85c2d-1431033405793-1.7-m-04-hu.wav,6.96,0.10829771310091019,0.09132973849773407,0.3167601419151376,0.1603193035170924,186.4178508514981,75.72225615066357,-185.37111,170.6005,-8.212803,44.03648,-23.383078,26.871143,-20.957891,18.808048,-33.979824,15.993589,-1.0601556,8.812651,-26.458008,16.094873,4.091393,9.547774,-4.697612,15.258054,0.64178765,12.681161,-3.5910103,13.560703,6.5965714,18.1644,2.2407048,16.334896
13,hungry,415d69b4-6d84-4bf8-97b0-10f8f108dc1d-1430739498797-1.7-m-04-hu.wav,C:\Users\Lenovo\Desktop\Mindcloud\Final project\ML model\initial\hungry\415d69b4-6d84-4bf8-97b0-10f8f108dc1d-1430739498797-1.7-m-04-hu.wav,7.06,0.007761974819004536,0.002787261502817273,0.2725973043355856,0.10422722036572979,172.23391048987781,83.89597346303678,-281.46344,118.38811,43.667545,25.996708,-27.072727,16.980486,-1.9835619,10.358317,-14.784683,9.864568,-9.888722,7.1632743,-17.735096,9.633513,-5.379397,8.388169,-12.150367,6.2666917,-2.1593945,7.109049,-11.638258,6.250982,-0.1944346,4.398849,-6.9154162,7.022603
14,hungry,a7b13b65-da2c-48ec-8aed-46adcaba705f-1430823489236-1.7-f-26-hu.wav,C:\Users\Lenovo\Desktop\Mindcloud\Final project\ML model\initial\hungry\a7b13b65-da2c-48ec-8aed-46adcaba705f-1430823489236-1.7-f-26-hu.wav,6.94,0.18476231396198273,0.1103617250919342,0.24044939793577982,0.12856523448615068,193.99754233609875,63.070129785330835,-94.47696,124.02779,36.605965,43.09484,-24.812439,21.009527,1.8080724,17.201298,-22.265276,16.310024,-13.96763,16.20594,-10.083592,11.154713,-3.0299053,11.900999,-17.708582,10.881533,-9.8777075,10.080981,-16.891413,11.013914,3.2757947,14.210733,-1.5758384,15.226423
15,hungry,10A40438-09AA-4A21-83B4-8119F03F7A11-1430848070-1.0-f-26-hu.wav,C:\Users\Lenovo\Desktop\Mindcloud\Final project\ML model\initial\hungry\10A40438-09AA-4A21-83B4-8119F03F7A11-1430848070-1.0-f-26-hu.wav,7.0,0.12066085636615753,0.0592878982424736,0.478759765625,0.1384067986237734,200.38002957798932,62.56936575570844,-72.3895,93.99235,-30.483624,24.716665,-7.615367,23.233238,-15.688798,19.289825,-11.276179,10.321742,14.5991955,13.248062,-15.9904175,14.664764,-6.8509793,12.370448,-11.525844,14.559613,2.445036,12.913549,-3.5234506,13.337221,5.9178634,15.963426,-5.4812407,16.230839
16,discomfort,ae5a462b-5424-4b5b-82d5-07ccb61654ab-1431064345173-1.7-f-48-dc.wav,C:\Users\Lenovo\Desktop\Mindcloud\Final project\ML model\initial\discomfort\ae5a462b-5424-4b5b-82d5-07ccb61654ab-1431064345173-1.7-f-48-dc.wav,6.9,0.017000243067741394,0.020525185391306877,0.36734573929398145,0.1538295018568579,168.99814461996175,77.71163309355427,-366.27283,150.64665,-10.2150755,53.46988,-20.344778,29.811722,-10.367254,24.731564,-15.470763,16.040834,15.453103,17.019361,-20.72994,15.518456,1.0543195,8.972829,-14.680024,9.437652,-3.9932933,7.5866137,-9.939947,10.350628,3.4260137,17.924925,1.9442208,14.92408
17,hungry,539FDD32-6326-422E-A707-FCF063D3426C-1437073544-1.1-f-26-hu.wav,C:\Users\Lenovo\Desktop\Mindcloud\Final project\ML model\initial\hungry\539FDD32-6326-422E-A707-FCF063D3426C-1437073544-1.1-f-26-hu.wav,7.0,0.1692122519016266,0.10242903232574463,0.14702592329545455,0.02156958919128173,242.45202223861736,60.444063912413625,-171.20856,63.5347,28.719593,27.337708,-6.713379,13.828514,-10.417867,8.410459,-30.528921,15.383237,-6.9430037,11.1061125,-17.492191,14.225086,-8.314367,12.660231,6.285247,17.70936,4.6348596,19.72557,-3.3801053,19.230915,-8.124516,17.238604,-16.006119,14.298463
18,hungry,415d69b4-6d84-4bf8-97b0-10f8f108dc1d-1430739528719-1.7-m-04-hu.wav,C:\Users\Lenovo\Desktop\Mindcloud\Final project\ML model\initial\hungry\415d69b4-6d84-4bf8-97b0-10f8f108dc1d-1430739528719-1.7-m-04-hu.wav,7.06,0.004760569892823696,0.002073617884889245,0.2981638865427928,0.12029738688307234,162.91246526393485,64.73438163189289,-330.69745,119.444145,33.715954,25.364449,-37.008522,13.978545,3.2186933,10.394931,-16.93618,8.353668,-7.3188944,8.493239,-13.127738,9.295274,-8.529634,6.7803903,-13.568336,7.310066,-6.3075085,5.2826815,-9.852731,5.2024884,-2.2716067,4.6489344,-5.641929,6.969315
19,hungry,e4051e62-d21d-4bb8-a235-fd7e859ad787-1430739655763-1.7-m-04-hu.wav,C:\Users\Lenovo\Desktop\Mindcloud\Final project\ML model\initial\hungry\e4051e62-d21d-4bb8-a235-fd7e859ad787-1430739655763-1.7-m-04-hu.wav,6.92,0.12778353691101074,0.08773725479841232,0.16746702981651376,0.06676043122926793,187.75777384269162,54.55896094664432,-253.69708,147.81203,47.829308,30.767485,-10.929802,21.785732,-16.75811,15.238156,-40.83682,24.514069,4.8233857,10.64257,-11.575254,11.855261,-18.221579,9.641986,-10.076767,11.807999,-4.3328266,6.1105,-18.297129,13.230813,4.6257963,15.094193,5.3388963,16.911966
20,hungry,743E7CCA-D32B-40B6-9541-9808122D3F6B-1436860053-1.1-f-26-hu.wav,C:\Users\Lenovo\Desktop\Mindcloud\Final project\ML model\initial\hungry\743E7CCA-D32B-40B6-9541-9808122D3F6B-1436860053-1.1-f-26-hu.wav,7.0,0.19333340227603912,0.11660294979810715,0.34956498579545453,0.16449972634313212,188.7125777636823,54.696904191364354,-104.57975,111.23918,-7.524966,33.688713,-0.76141214,11.4229145,-18.098547,18.994547,-20.557253,24.254541,-11.442707,11.368423,-1.8429471,14.903261,-1.8005219,10.622552,-21.637022,7.9060006,-7.763655,11.253317,2.3902135,15.125767,15.586317,17.920181,10.113114,17.720144
21,discomfort,837fd072-8704-4196-9ff1-1d2c07886e55-1432429478471-1.7-m-22-dc.wav,C:\Users\Lenovo\Desktop\Mindcloud\Final project\ML model\initial\discomfort\837fd072-8704-4196-9ff1-1d2c07886e55-1432429478471-1.7-m-22-dc.wav,6.96,0.005000091623514891,0.0032346700318157673,0.13522702838302753,0.030903980071829314,138.7482636664663,50.547979524831305,-415.98914,72.927826,82.61308,17.12682,7.484904,12.009184,3.945977,14.219813,-27.08071,9.578703,10.00117,7.8207717,-17.23117,10.689135,-1.527799,7.76125,-12.131386,7.7035127,-5.606012,7.1009455,-5.523251,7.887095,-6.887434,7.1563315,1.9449615,9.3961735
22,hungry,4CD5903D-E2CE-401E-B898-D873C763F44B-1430727644-1.0-m-26-hu.wav,C:\Users\Lenovo\Desktop\Mindcloud\Final project\ML model\initial\hungry\4CD5903D-E2CE-401E-B898-D873C763F44B-1430727644-1.0-m-26-hu.wav,7.0,0.016105422750115395,0.019297664985060692,0.2642311789772727,0.05721480634797029,185.04990728104937,75.50544276016396,-340.68417,125.60174,30.467274,33.943455,-33.960754,29.206997,-12.132354,16.732544,4.591392,15.563856,-9.283786,11.1123085,-20.57193,12.327514,-10.817743,13.355209,-12.122682,14.658303,-5.7764554,10.916373,-10.5591345,10.283906,-2.8179834,10.529301,-5.6558065,13.188236
23,hungry,539FDD32-6326-422E-A707-FCF063D3426C-1437073534-1.1-f-26-hu.wav,C:\Users\Lenovo\Desktop\Mindcloud\Final project\ML model\initial\hungry\539FDD32-6326-422E-A707-FCF063D3426C-1437073534-1.1-f-26-hu.wav,7.0,0.11298666894435883,0.06279854476451874,0.23231090198863635,0.09913661036926379,231.37613053172203,57.33127338013396,-138.6934,81.02667,16.96729,28.9257,1.1684201,17.422623,-4.8309975,9.394569,-37.6359,15.964814,4.3209143,14.909088,-23.07316,9.660572,-0.7094571,8.489951,-9.854198,6.96355,-12.341565,5.897357,-5.8001914,7.1570134,-8.893031,5.532599,-12.349201,7.8758345
24,hungry,8f4dbf5a-b504-4452-b6ac-94e646a6a052-1430735028906-1.7-f-72-hu.wav,C:\Users\Lenovo\Desktop\Mindcloud\Final project\ML model\initial\hungry\8f4dbf5a-b504-4452-b6ac-94e646a6a052-1430735028906-1.7-f-72-hu.wav,6.92,0.04277660697698593,0.041507527232170105,0.21125555475917432,0.1525683760621521,176.35840231854903,58.05087520548458,-316.946,116.41745,39.418022,44.072506,2.6702774,14.096447,-25.790848,20.37017,-39.463654,24.050009,-16.24358,19.273285,-1.1389306,9.949184,-6.1352344,15.485165,-11.4653015,13.036671,2.369243,11.199251,-8.392545,9.514412,7.654028,13.907973,2.3149858,19.120333
25,hungry,cda99fcf-d010-47b4-8987-f54be313ddbd-1429973787766-1.7-f-26-hu.wav,C:\Users\Lenovo\Desktop\Mindcloud\Final project\ML model\initial\hungry\cda99fcf-d010-47b4-8987-f54be313ddbd-1429973787766-1.7-f-26-hu.wav,6.94,0.03319748118519783,0.014751331880688667,0.21179311209862386,0.04855775363350219,200.1007979625706,84.19032400809664,-268.2576,63.211033,68.00895,31.385185,-69.35783,37.49808,-10.732468,20.017315,-3.1856856,12.702468,1.8521338,11.51165,-9.090029,12.098,-16.965187,10.194888,-13.802508,9.527801,0.7852783,7.955181,-18.622196,7.629926,-7.9502125,8.128124,-6.3881526,16.584518
26,hungry,C249BCDD-0F65-4D6A-82BE-43C4006E3DDB-1436891742-1.1-m-72-hu.wav,C:\Users\Lenovo\Desktop\Mindcloud\Final project\ML model\initial\hungry\C249BCDD-0F65-4D6A-82BE-43C4006E3DDB-1436891742-1.1-m-72-hu.wav,7.0,0.038859736174345016,0.044790118932724,0.28808149857954546,0.12256864714683272,186.64632088244244,72.22813502200786,-244.97246,128.91843,18.153343,38.04957,-19.274939,18.202234,-5.139064,15.0933275,-39.12902,16.081692,-12.321531,24.462687,-16.320501,7.555543,-7.584043,8.098485,-4.437943,10.071008,-10.015164,10.932675,-14.675829,13.870122,5.2430186,17.81335,-5.9432597,17.9886
27,discomfort,999bf14b-e417-4b44-b746-9253f81efe38-1430844979531-1.7-m-04-ch.wav,C:\Users\Lenovo\Desktop\Mindcloud\Final project\ML model\initial\discomfort\999bf14b-e417-4b44-b746-9253f81efe38-1430844979531-1.7-m-04-ch.wav,6.9,0.014027218334376812,0.02353956177830696,0.12612123842592593,0.05116398396516247,150.12690897504734,64.63253268232795,-422.9922,120.825775,106.55255,31.532288,-27.649382,40.037746,6.9597616,15.826699,-11.017358,22.439325,-13.697441,9.782009,-10.692332,11.194881,9.141493,10.351186,0.7432522,8.041517,-10.615111,8.017952,-11.700104,11.247844,-9.825087,13.993582,-10.805084,12.365754
28,hungry,6639C63C-F634-489C-91B3-E3DB5930EFD5-1431370257-1.1-m-04-hu.wav,C:\Users\Lenovo\Desktop\Mindcloud\Final project\ML model\initial\hungry\6639C63C-F634-489C-91B3-E3DB5930EFD5-1431370257-1.1-m-04-hu.wav,7.0,0.1178324818611145,0.08473728597164154,0.13987926136363638,0.041103817620813624,207.93199978428788,42.759876048737816,-225.20364,111.944,41.156975,27.992184,-26.00848,20.402285,-6.117345,15.654161,-50.931435,14.962,-27.191814,12.974684,-17.142172,10.01726,-9.988016,12.745392,-31.909859,12.208886,4.3052545,15.743115,-6.493657,10.987188,5.406503,17.734358,13.083456,14.665556
29,hungry,d79affbc-f7b4-4ef0-ae57-be5da4b827bf-1430761528998-1.7-m-72-hu.wav,C:\Users\Lenovo\Desktop\Mindcloud\Final project\ML model\initial\hungry\d79affbc-f7b4-4ef0-ae57-be5da4b827bf-1430761528998-1.7-m-72-hu.wav,6.94,0.008522720076143742,0.005805915221571922,0.1646538130733945,0.0685030549386369,216.41877666381163,52.64353201416154,-361.625,98.01676,60.647247,25.555792,-24.17489,18.700924,12.01029,13.360328,-30.57499,15.959769,3.1325634,8.324835,-18.958889,10.608462,-6.769166,11.141887,-20.406504,12.920593,-3.8821816,8.845697,-8.184366,7.5043097,-8.367446,7.6562066,-22.25333,10.076538
30,tired,5B416CE8-2591-4531-9ADC-86D085B5D48B-1430144827-1.0-m-48-ti.wav,C:\Users\Lenovo\Desktop\Mindcloud\Final project\ML model\initial\tired\5B416CE8-2591-4531-9ADC-86D085B5D48B-1430144827-1.0-m-48-ti.wav,7.0,0.019066594541072845,0.01973421312868595,0.1851873224431818,0.032950824120854164,160.89021150922594,68.64472091532599,-266.75018,61.150757,70.539055,11.246604,-39.419975,17.646938,-7.5187078,11.01727,-27.414032,13.499348,-22.147655,9.530689,-18.707157,6.2919135,-12.12457,6.460133,-14.17252,5.4564643,-8.036514,4.48841,-16.19271,4.6642475,-8.900593,6.5603156,-10.753066,6.5678177
31,hungry,323cab80-2551-4a46-8c3d-62c7a5264afa-1430382588301-1.7-m-22-hu.wav,C:\Users\Lenovo\Desktop\Mindcloud\Final project\ML model\initial\hungry\323cab80-2551-4a46-8c3d-62c7a5264afa-1430382588301-1.7-m-22-hu.wav,6.9,0.14731499552726746,0.08313264697790146,0.34156177662037035,0.05885398367649769,188.94400968403454,60.38808789070948,-96.861755,54.73047,-38.260574,30.111393,-65.741714,18.5867,-22.23667,15.736961,-10.19705,14.800938,5.1945148,10.849688,-8.48398,13.381027,-9.037044,9.276574,-4.3764005,7.4642005,-2.7583745,10.332136,-11.981045,7.516228,5.937028,12.430087,6.2465596,15.203523
32,hungry,D54D9C2A-56ED-4338-9D1F-2ADB4E081DAD-1429807587-1.0-m-48-hu.wav,C:\Users\Lenovo\Desktop\Mindcloud\Final project\ML model\initial\hungry\D54D9C2A-56ED-4338-9D1F-2ADB4E081DAD-1429807587-1.0-m-48-hu.wav,7.0,0.03438575193285942,0.037160128355026245,0.29293767755681815,0.13088413913765043,192.45807478989218,76.45734794828351,-258.58588,130.5978,5.904296,39.78047,-30.721188,30.56974,-7.7824483,16.956112,-21.248083,20.852774,-4.4929934,17.256304,-23.522968,19.768162,-17.159458,15.625255,-5.2716136,16.124271,3.4630144,17.31451,-2.2962525,18.636316,-7.696866,13.968478,-4.002911,13.457669
33,hungry,ed31b187-34af-4ff1-979c-3b8a5905fb7b-1430044897699-1.7-f-48-hu.wav,C:\Users\Lenovo\Desktop\Mindcloud\Final project\ML model\initial\hungry\ed31b187-34af-4ff1-979c-3b8a5905fb7b-1430044897699-1.7-f-48-hu.wav,6.64,0.10309329628944397,0.10856545716524124,0.3477313701923077,0.17645491625147594,200.8139979601183,67.74773590182446,-178.46518,146.81305,-2.8821461,66.63489,-31.1564,32.59258,2.908574,15.497554,-26.01877,13.718246,6.8724833,17.154484,-16.794956,9.371919,-14.047384,10.473634,-12.69652,9.623044,-10.450933,8.965271,-9.9134865,11.0524025,7.1623983,16.003878,-10.411769,19.672398
34,hungry,e1e640e2-78cb-4cb7-9ccc-93813bfc251c-1430738652322-1.7-m-72-hu.wav,C:\Users\Lenovo\Desktop\Mindcloud\Final project\ML model\initial\hungry\e1e640e2-78cb-4cb7-9ccc-93813bfc251c-1430738652322-1.7-m-72-hu.wav,6.92,0.04501281678676605,0.09506829082965851,0.19696548881880735,0.050391615905715274,201.2781809537025,71.90216031272296,-295.01447,93.60804,60.084187,25.484035,-26.67651,28.136187,-8.177281,16.174253,-30.049223,26.367548,-15.652696,10.61243,-12.253105,9.4171915,-10.863581,7.360783,-6.6098547,9.253391,-6.12075,11.325688,-1.5405866,17.39728,-5.0672603,13.097042,-6.4691906,13.547423
35,tired,ca7d8d54-13cb-4060-8db4-90651b60c078-1434674792223-1.7-f-26-ti.wav,C:\Users\Lenovo\Desktop\Mindcloud\Final project\ML model\initial\tired\ca7d8d54-13cb-4060-8db4-90651b60c078-1434674792223-1.7-f-26-ti.wav,6.78,0.050131551921367645,0.05353132635354996,0.23251400353773585,0.13337040133044523,196.2805768373982,67.19092894243158,-321.91562,115.14006,29.000923,29.554161,-26.98389,30.668188,-8.421237,13.960158,-43.784706,27.49639,6.9838014,16.160686,-13.338814,11.963759,-17.937025,15.129965,-3.0711963,13.7102585,4.0445604,14.593296,13.87701,18.315762,10.864931,19.183775,-11.122515,14.9833
36,hungry,4cefc13c-e7c0-4b5a-bddb-c40c103e640a-1431583459308-1.7-f-26-hu.wav,C:\Users\Lenovo\Desktop\Mindcloud\Final project\ML model\initial\hungry\4cefc13c-e7c0-4b5a-bddb-c40c103e640a-1431583459308-1.7-f-26-hu.wav,6.78,0.05403818190097809,0.09492374956607819,0.23464217275943397,0.05010653841699552,207.2819990446206,69.87561768067748,-314.77344,101.08454,37.98888,23.866394,-42.290928,32.76514,-9.479275,18.034073,-20.860626,14.786175,-1.1674296,10.889223,-14.581526,14.279056,-7.613275,9.330691,-13.753547,13.122561,0.6690962,14.013101,-2.2606692,12.238122,-2.823504,15.916937,-1.5222217,17.789335
37,hungry,2a0e6a88-b049-4f46-a3d6-d73ffae470d5-1430770144865-1.7-m-04-hu.wav,C:\Users\Lenovo\Desktop\Mindcloud\Final project\ML model\initial\hungry\2a0e6a88-b049-4f46-a3d6-d73ffae470d5-1430770144865-1.7-m-04-hu.wav,6.96,0.0189965907484293,0.015372952446341515,0.15882131594036697,0.07373492281207406,160.5855230380433,61.70398087268369,-285.2994,122.33407,64.21564,34.460354,-14.010735,28.942225,-6.140168,15.421628,-1.2868605,19.45198,-11.049119,22.098623,-18.029684,9.533521,-20.653252,10.26772,-11.565888,8.865385,-9.3106,10.959077,-7.7515635,9.959484,-7.4214277,9.794572,-12.113996,5.864105
38,hungry,f896b69d-6241-4b51-9c45-0d628bc827c1-1430090255303-1.7-m-04-hu.wav,C:\Users\Lenovo\Desktop\Mindcloud\Final project\ML model\initial\hungry\f896b69d-6241-4b51-9c45-0d628bc827c1-1430090255303-1.7-m-04-hu.wav,6.92,0.09322161972522736,0.059892527759075165,0.1747643706995413,0.08407899659873914,227.06242565274215,80.00157939991611,-201.06683,136.66293,58.059914,46.50384,-27.687714,31.521198,-3.924212,15.934336,-35.15244,19.45283,-1.957298,8.740374,-26.431948,16.36302,10.179067,13.434918,6.224678,14.287415,1.7110914,17.819956,-18.906597,14.146926,-19.180262,9.712761,-8.262191,9.744746
39,hungry,7060a4f6-4c0c-494b-912c-ae60158b185a-1436931995150-1.7-f-04-hu.wav,C:\Users\Lenovo\Desktop\Mindcloud\Final project\ML model\initial\hungry\7060a4f6-4c0c-494b-912c-ae60158b185a-1436931995150-1.7-f-04-hu.wav,6.94,0.04624113440513611,0.03631541132926941,0.08826243549311927,0.026852406052763088,161.70861530944256,74.87373634583675,-287.50906,82.372345,90.43171,25.298613,-3.1146314,20.013363,6.641024,17.501932,-4.582213,12.495668,-2.3851585,8.691209,-15.150249,7.750123,-5.3162837,8.441312,-13.485116,9.366048,-5.438988,6.031367,-17.018118,8.137356,-7.423264,6.8177814,-15.54459,5.940558
40,hungry,63CA92F7-973A-4DCA-A410-7B19811A2478-1430041884-1.0-f-26-hu.wav,C:\Users\Lenovo\Desktop\Mindcloud\Final project\ML model\initial\hungry\63CA92F7-973A-4DCA-A410-7B19811A2478-1430041884-1.0-f-26-hu.wav,7.0,0.0068181599490344524,0.00870617013424635,0.2181063565340909,0.06941838150200062,168.42515742910214,80.93664420886792,-382.8672,123.52612,34.91944,24.52371,-23.632877,24.741268,-11.251147,13.539779,-18.293726,16.284643,-6.6222305,13.983242,-23.722782,9.36417,-23.691668,11.415044,-16.430502,7.6736565,-8.267559,8.435242,-4.5507827,8.494303,0.14030622,9.663611,-7.359999,8.305368
41,tired,06c4cfa2-7fa6-4fda-91a1-ea186a4acc64-1430029221058-1.7-f-26-ti.wav,C:\Users\Lenovo\Desktop\Mindcloud\Final project\ML model\initial\tired\06c4cfa2-7fa6-4fda-91a1-ea186a4acc64-1430029221058-1.7-f-26-ti.wav,6.68,0.022367287427186966,0.042359597980976105,0.32238188244047616,0.12381472209874819,189.40237594864587,66.89097508951012,-376.6588,125.52555,7.211593,48.730587,-41.922016,26.482233,-9.278086,14.553932,-33.272266,16.264528,-1.966006,12.615015,-11.632721,9.880296,-2.824342,7.762547,-15.101893,7.938548,0.53677464,13.507124,-1.5673066,11.784134,4.364758,12.743144,2.6586914,16.056047
42,hungry,cde108d0-62c3-47f8-82c4-233c9fba5cdd-1436884444242-1.7-m-48-hu.wav,C:\Users\Lenovo\Desktop\Mindcloud\Final project\ML model\initial\hungry\cde108d0-62c3-47f8-82c4-233c9fba5cdd-1436884444242-1.7-m-48-hu.wav,6.86,0.22135010361671448,0.1339140385389328,0.42182978877314814,0.12752105596227967,174.00930433482114,47.45652104403259,-71.66621,77.99869,-21.56356,37.684,-22.295193,18.794643,-6.5667715,18.100092,-32.71335,13.461266,14.995368,15.215625,-34.420815,13.46818,3.10161,10.954121,-18.380728,7.7367344,-3.1178706,6.5166607,-15.927809,8.281757,-2.3735216,15.55082,5.204308,15.164482
43,hungry,177dc72e-d0f8-47ef-a5a7-3b46878e11a0-1430736533767-1.7-f-26-hu.wav,C:\Users\Lenovo\Desktop\Mindcloud\Final project\ML model\initial\hungry\177dc72e-d0f8-47ef-a5a7-3b46878e11a0-1430736533767-1.7-f-26-hu.wav,6.92,0.11774946749210358,0.12638671696186066,0.27319111955275227,0.10271704054649441,190.7900254058022,75.3598342687097,-201.47447,162.89009,21.422426,22.859114,-38.95195,32.784443,10.842171,16.144484,-41.97176,20.866888,-7.4966426,11.4145355,-23.374945,11.327797,-3.2870438,11.106723,-18.933622,8.25411,-2.9184604,11.677991,-6.9122415,12.813422,5.840132,20.047314,0.6383251,21.325209
44,hungry,8FDA58A7-FDC6-4421-855F-738E6E853E43-1429895780-1.0-m-26-hu.wav,C:\Users\Lenovo\Desktop\Mindcloud\Final project\ML model\initial\hungry\8FDA58A7-FDC6-4421-855F-738E6E853E43-1429895780-1.0-m-26-hu.wav,7.0,0.2217523157596588,0.14907512068748474,0.3822576349431818,0.07531188726511126,232.02460245743458,66.65415287622481,-117.66517,116.604324,-24.182066,27.208086,-28.43875,21.345442,6.525368,14.343608,2.8729417,14.554757,-21.341839,16.541372,4.848518,13.640086,7.2284513,14.368168,-21.740913,10.779679,0.15001178,8.333179,-1.9168998,14.1840315,6.7948737,12.713192,5.101353,16.284943
45,hungry,9641D2D5-7D9F-41B2-8345-229AE9555FEC-1430022546-1.0-m-72-hu.wav,C:\Users\Lenovo\Desktop\Mindcloud\Final project\ML model\initial\hungry\9641D2D5-7D9F-41B2-8345-229AE9555FEC-1430022546-1.0-m-72-hu.wav,7.0,0.055997855961322784,0.035735975950956345,0.15077681107954546,0.07336356820205078,202.97674435779624,45.15535170869718,-240.65358,12.672563,42.35746,12.191034,-22.280283,7.47491,-9.97309,5.48993,-40.40162,7.399662,-16.807364,5.1799726,-20.295269,4.8333697,-16.997126,5.1721315,-13.989494,5.1206155,-7.963227,6.025907,-5.387821,7.1313853,3.7516823,8.404067,4.875202,5.8486414
46,hungry,3bb2445a-9ae9-4dc8-9a2e-86c696ffa405-1430122005544-1.7-m-26-hu.wav,C:\Users\Lenovo\Desktop\Mindcloud\Final project\ML model\initial\hungry\3bb2445a-9ae9-4dc8-9a2e-86c696ffa405-1430122005544-1.7-m-26-hu.wav,6.86,0.12540265917778015,0.11037753522396088,0.25878002025462965,0.1213882671515619,198.58416454648335,61.43405673860836,-105.65974,113.66014,33.812088,34.380287,-16.650537,22.85332,-5.314674,17.637075,-40.810474,16.364546,-10.466249,17.355692,-19.37009,12.239911,-1.6552808,11.401334,-21.535181,8.546225,2.39051,8.539505,-14.101015,8.628929,1.0604873,13.587836,-4.6503825,15.094445
47,hungry,999bf14b-e417-4b44-b746-9253f81efe38-1430972705879-1.7-m-26-hu.wav,C:\Users\Lenovo\Desktop\Mindcloud\Final project\ML model\initial\hungry\999bf14b-e417-4b44-b746-9253f81efe38-1430972705879-1.7-m-26-hu.wav,6.9,0.0037413558457046747,0.008665300905704498,0.12074110243055555,0.03709437096103674,128.04754795289878,50.2463708855294,-556.56573,120.514984,71.86591,36.43182,3.2610438,32.57373,16.36491,11.980937,2.9687314,12.360491,-1.0998492,7.068831,-6.2058225,8.314455,-2.800439,6.090614,-8.09566,7.3349237,-8.1274,7.285818,-7.724003,7.752553,-5.279792,9.365197,-6.390388,9.124928
48,hungry,24f94b49-c8bc-4ed2-b43a-80b099f12936-1430534429690-1.7-m-04-hu.wav,C:\Users\Lenovo\Desktop\Mindcloud\Final project\ML model\initial\hungry\24f94b49-c8bc-4ed2-b43a-80b099f12936-1430534429690-1.7-m-04-hu.wav,6.86,0.0749492272734642,0.05712759122252464,0.18797019675925927,0.09183079941874385,167.64275796504157,49.567349127532,-120.90308,110.757355,60.842983,38.518715,-32.096367,21.864756,16.834036,12.815305,-17.219893,13.074184,10.553119,8.292353,-18.370453,7.5180526,-7.0381584,7.1806455,-20.157825,8.341579,-2.8718855,8.896682,-10.395699,10.924185,0.15773389,10.080919,-18.194445,10.13677
49,hungry,602b06a7-31f0-4370-b35a-9cc81d205958-1430907796431-1.7-f-72-hu.wav,C:\Users\Lenovo\Desktop\Mindcloud\Final project\ML model\initial\hungry\602b06a7-31f0-4370-b35a-9cc81d205958-1430907796431-1.7-f-72-hu.wav,6.92,0.043766457587480545,0.07915124297142029,0.22451978211009174,0.0617959559134527,170.47504641544361,84.0815535162507,-313.7995,107.253075,46.89345,22.670248,-30.615988,30.296034,-2.87379,17.049658,-27.650274,11.491173,-8.203783,7.1466894,-15.906055,8.62289,-12.80346,7.933184,-13.925074,8.5936775,-4.864159,7.6237674,-18.65623,11.583961,-0.3656313,10.336428,-7.669338,13.569464
50,hungry,DCB33551-F9BA-4B4A-8DA1-A3107E1AD859-1430406483-1.0-m-04-hu.wav,C:\Users\Lenovo\Desktop\Mindcloud\Final project\ML model\initial\hungry\DCB33551-F9BA-4B4A-8DA1-A3107E1AD859-1430406483-1.0-m-04-hu.wav,7.0,0.06794273853302002,0.12217342853546143,0.2792036576704545,0.04699296824605187,139.4748802635383,74.52390714366813,-147.50291,53.009487,32.156445,14.886863,-21.14231,14.974546,11.721844,12.124965,-16.302032,14.642467,5.017297,10.242918,-5.8292813,11.230922,-12.406818,5.7283745,-12.997859,7.842175,-18.033974,5.87222,-14.752362,7.323667,-5.141449,13.309897,-11.073138,15.004578
51,hungry,bb2bdafb-0477-4be4-8c41-1a6192e8c6d4-1430637640279-1.7-m-72-hu.wav,C:\Users\Lenovo\Desktop\Mindcloud\Final project\ML model\initial\hungry\bb2bdafb-0477-4be4-8c41-1a6192e8c6d4-1430637640279-1.7-m-72-hu.wav,6.66,0.09957654774188995,0.07586496323347092,0.22640904017857144,0.07316480641614984,232.82486555112868,68.60660440765066,-138.37894,109.05618,45.25921,30.369883,-68.7937,36.83483,-4.92244,21.280888,-19.209688,12.463183,-7.631563,12.292036,-7.134746,12.204744,-16.873684,11.310348,-12.570137,11.167713,-9.737878,8.374667,-15.366275,8.384108,-5.800324,7.422149,-9.228013,8.5141325
52,hungry,10A40438-09AA-4A21-83B4-8119F03F7A11-1430848060-1.0-f-26-hu.wav,C:\Users\Lenovo\Desktop\Mindcloud\Final project\ML model\initial\hungry\10A40438-09AA-4A21-83B4-8119F03F7A11-1430848060-1.0-f-26-hu.wav,7.0,0.12203442305326462,0.05664854496717453,0.3907981178977273,0.13101114752914403,229.54774042411702,57.86814937307791,-66.18218,76.73063,-11.319097,33.085056,-17.508184,22.46765,-30.85526,21.337507,-23.461254,17.515284,5.265229,14.356922,-14.480108,12.64058,-4.300076,10.596421,-10.250405,15.669766,6.5749106,18.031546,6.140374,16.650415,1.2444146,16.58031,-5.5036087,13.367738
53,hungry,5b49f19f-a3a7-411e-bb32-755da3cbd6f0-1430029991480-1.7-m-48-hu.wav,C:\Users\Lenovo\Desktop\Mindcloud\Final project\ML model\initial\hungry\5b49f19f-a3a7-411e-bb32-755da3cbd6f0-1430029991480-1.7-m-48-hu.wav,6.96,0.11722604185342789,0.10932990908622742,0.253341814793578,0.08607229710417973,141.09858802460516,59.80063630858657,-107.59823,97.19654,19.415747,37.764366,-49.76141,25.93269,2.8893213,11.912695,-15.785401,17.743483,7.1160226,12.677981,-9.775924,12.14142,5.261847,10.699668,-11.09459,10.899514,-4.093905,8.425998,-8.274166,9.258263,-2.8112724,14.900419,-3.493473,20.355381
54,hungry,653bf718-94bd-40d0-af7c-8fe44e07640c-1430759231913-1.7-m-04-hu.wav,C:\Users\Lenovo\Desktop\Mindcloud\Final project\ML model\initial\hungry\653bf718-94bd-40d0-af7c-8fe44e07640c-1430759231913-1.7-m-04-hu.wav,6.88,0.0775432288646698,0.06169437617063522,0.25094039351851855,0.14369801095182624,163.3582840123356,65.82034363980151,-197.15837,165.06696,45.23257,39.221645,-42.097393,36.1657,6.0637126,17.467754,-36.59,23.474417,4.9473653,13.096146,-23.011381,15.06108,-5.402283,13.892015,-12.51216,12.236454,4.269594,12.679164,-8.335295,10.771473,-1.6067849,11.999378,-8.691014,16.303951
55,hungry,101c6709-39fb-44dc-b905-7cbeed5714a2-1434361963544-1.7-f-04-hu.wav,C:\Users\Lenovo\Desktop\Mindcloud\Final project\ML model\initial\hungry\101c6709-39fb-44dc-b905-7cbeed5714a2-1434361963544-1.7-f-04-hu.wav,6.96,0.008885078132152557,0.013964216224849224,0.34536267201834864,0.15516537432019276,199.0038805379242,93.32724288735355,-412.7343,139.63214,9.399617,44.304417,-14.175634,39.912697,-23.909029,25.02001,7.3073535,23.58337,-6.6278906,20.798977,-1.7724208,13.2277155,0.07206459,12.903592,-3.9539688,12.294587,3.2905061,9.638626,-12.427575,10.751116,4.1351595,11.332954,-5.537065,10.721706
56,hungry,E2C4BCE0-99FD-49EC-8AB1-5EA5DF7DD8C5-1430042952-1.0-m-04-hu.wav,C:\Users\Lenovo\Desktop\Mindcloud\Final project\ML model\initial\hungry\E2C4BCE0-99FD-49EC-8AB1-5EA5DF7DD8C5-1430042952-1.0-m-04-hu.wav,7.0,0.01704847440123558,0.020805835723876953,0.24615589488636364,0.07217220058969959,167.436256768804,78.18395306698667,-257.6415,72.353485,33.889362,23.592674,-9.368993,12.742881,-17.80682,10.043035,-27.069101,11.668336,-2.5073178,13.272414,-27.097279,8.43656,-16.635284,7.074184,-18.261057,4.969869,-11.33258,7.339581,-14.585947,6.4318285,-2.014847,10.570889,-7.4351277,12.562603
57,hungry,40a4c760-facf-4911-b0a6-22eccc3ab18d-1430466164038-1.7-f-26-hu.wav,C:\Users\Lenovo\Desktop\Mindcloud\Final project\ML model\initial\hungry\40a4c760-facf-4911-b0a6-22eccc3ab18d-1430466164038-1.7-f-26-hu.wav,7.06,0.053503960371017456,0.05590306222438812,0.26067180461711714,0.08246720505088188,183.9401070148167,83.35009146450898,-146.85204,107.04846,25.042177,17.561893,-2.9073627,23.168455,-10.791649,19.190426,9.48842,10.867395,3.0375767,11.50187,-11.413097,10.081549,-18.93213,8.299951,-10.691784,9.315052,-11.904345,6.831506,-13.171344,7.2910066,-7.4279647,8.483712,-10.048229,11.614073
58,hungry,86c2b87a-ae7c-46a3-b6fb-7ebe748812cf-1430036562389-1.7-m-04-hu.wav,C:\Users\Lenovo\Desktop\Mindcloud\Final project\ML model\initial\hungry\86c2b87a-ae7c-46a3-b6fb-7ebe748812cf-1430036562389-1.7-m-04-hu.wav,7.06,0.07949524372816086,0.0736851766705513,0.18813344594594594,0.06453294264042089,146.88379534760503,73.1108054419064,-121.220665,104.79149,61.212936,21.87585,-33.834267,34.026062,5.481431,11.753493,-34.54692,16.811066,-9.965248,15.058031,-6.8902364,10.321743,-8.294577,7.247862,-12.328328,6.682362,-9.747138,7.784042,-9.274765,6.042817,-4.3547606,6.336942,-2.6290932,11.926282
59,hungry,D1CB71F9-EF76-49B3-A703-41D557444D21-1436863375-1.1-m-04-hu.wav,C:\Users\Lenovo\Desktop\Mindcloud\Final project\ML model\initial\hungry\D1CB71F9-EF76-49B3-A703-41D557444D21-1436863375-1.1-m-04-hu.wav,7.0,0.09989284723997116,0.06513131409883499,0.3441805752840909,0.11193678800413823,196.91118024090966,68.40595960193986,-159.15259,83.111885,-20.654875,40.588116,-19.52146,18.26098,6.48826,22.40893,-0.7641792,12.044154,-4.377949,13.767653,-6.9876156,15.142901,-6.299191,11.895877,-24.292852,8.878515,-2.8761566,13.065489,-11.716548,13.353698,7.751227,19.26736,3.518266,17.843979
60,hungry,eccb4617-8373-4c4f-b49e-bb2d72bce8d8-1430035348191-1.7-m-26-hu.wav,C:\Users\Lenovo\Desktop\Mindcloud\Final project\ML model\initial\hungry\eccb4617-8373-4c4f-b49e-bb2d72bce8d8-1430035348191-1.7-m-26-hu.wav,6.9,0.024682678282260895,0.029956644400954247,0.2066017433449074,0.05839821362055346,207.4985418224593,77.5800379974742,-278.486,100.57911,48.965424,25.375883,-29.04076,35.22592,-19.667519,23.87779,-29.550657,17.579216,1.7425566,13.905353,-29.835869,10.326055,-2.2979555,11.899973,-28.352661,10.215949,-8.09026,11.140671,-13.970247,12.780293,-0.16979724,14.747257,-4.660494,8.29487
61,hungry,FF2CD2F6-404D-4626-8718-6E6C751F63B8-1431104346-1.0-m-04-hu.wav,C:\Users\Lenovo\Desktop\Mindcloud\Final project\ML model\initial\hungry\FF2CD2F6-404D-4626-8718-6E6C751F63B8-1431104346-1.0-m-04-hu.wav,7.0,0.05272529274225235,0.03662429749965668,0.17726828835227273,0.03428816658057286,190.45658161012742,57.972265422295045,-212.3777,79.84007,55.996174,17.227644,-36.740913,28.398504,-22.239403,15.231387,-37.29194,10.852838,-24.696033,8.354519,-4.2246833,11.629177,-18.294497,9.908634,-7.6417556,9.88089,-14.374063,7.577197,-14.576018,8.254806,3.2395904,10.340406,5.1421156,14.76074
62,hungry,2ad6d558-32f2-4bfd-99c5-cbd31ee3bb11-1430064396119-1.7-m-72-hu.wav,C:\Users\Lenovo\Desktop\Mindcloud\Final project\ML model\initial\hungry\2ad6d558-32f2-4bfd-99c5-cbd31ee3bb11-1430064396119-1.7-m-72-hu.wav,6.72,0.03352734073996544,0.028378548100590706,0.1813458136792453,0.05819426542657779,199.90911511183256,67.87784906626611,-248.2758,88.845375,63.689407,26.116259,-20.603848,20.484142,-40.86121,17.231703,-35.586174,19.700132,-12.899975,14.804728,-12.408735,11.640637,-2.8097067,11.603275,-16.8863,9.504888,-2.278169,11.592381,-5.24869,7.23175,-2.467188,13.087396,-4.685391,14.975362
63,hungry,40a4c760-facf-4911-b0a6-22eccc3ab18d-1430477780076-1.7-f-26-hu.wav,C:\Users\Lenovo\Desktop\Mindcloud\Final project\ML model\initial\hungry\40a4c760-facf-4911-b0a6-22eccc3ab18d-1430477780076-1.7-f-26-hu.wav,7.04,0.1854693740606308,0.09818518161773682,0.4149730785472973,0.17927100146365152,207.6066225871014,64.03993989617138,-14.803538,126.00644,-3.8755507,33.36818,-18.079586,21.563015,-28.135468,19.079884,-0.0041050953,11.992404,-14.2057705,13.850766,-4.0672774,16.649443,-8.902561,10.411605,-11.595418,11.210885,-1.5477158,8.034589,-12.561957,10.217955,-2.5943582,9.292271,-3.5720668,8.524718
64,hungry,9090c7a3-bebc-4485-aafc-64e4298da3ac-1430109146143-1.7-f-26-hu.wav,C:\Users\Lenovo\Desktop\Mindcloud\Final project\ML model\initial\hungry\9090c7a3-bebc-4485-aafc-64e4298da3ac-1430109146143-1.7-f-26-hu.wav,7.02,0.26819872856140137,0.10935178399085999,0.22236772017045456,0.06386831064066066,211.9268254531152,63.33940292148034,-62.87947,75.21785,33.076874,35.75506,-54.433235,21.224953,-30.891415,11.889443,-37.9641,14.342049,11.814892,14.964625,-20.980156,15.805705,-8.215094,18.31213,-9.310018,20.812302,8.838443,22.476593,-10.148424,19.123163,1.4421861,16.552835,-8.315841,20.09889
65,hungry,30c2cee4-b682-4dcb-86b9-7fa6f36f1b66-1430728411287-1.7-f-72-hu.wav,C:\Users\Lenovo\Desktop\Mindcloud\Final project\ML model\initial\hungry\30c2cee4-b682-4dcb-86b9-7fa6f36f1b66-1430728411287-1.7-f-72-hu.wav,6.94,0.1062503531575203,0.10413287580013275,0.3417117617545872,0.12999179129095198,203.53230187583424,77.83383245175237,-202.22272,169.15631,-27.144932,51.09891,-41.903767,27.889984,-12.54074,22.70849,-9.839632,18.929573,-9.657597,12.125175,-0.40918535,9.780891,-0.5256655,11.343428,-12.978137,13.57739,1.6336027,12.632143,-2.5030935,11.472345,-3.7772744,17.007946,-6.9591618,15.446574
66,hungry,50DC5FBC-AC95-44F2-B55F-E4E5FB03AC96-1430007656-1.0-m-26-hu.wav,C:\Users\Lenovo\Desktop\Mindcloud\Final project\ML model\initial\hungry\50DC5FBC-AC95-44F2-B55F-E4E5FB03AC96-1430007656-1.0-m-26-hu.wav,7.0,0.043393734842538834,0.026122337207198143,0.2772771661931818,0.11869342820364295,198.66773677502414,63.392200406955055,-225.86597,100.59846,-6.944291,38.221436,-45.790745,17.738682,10.1110115,25.779566,-21.84041,17.069668,-5.618544,13.014727,-6.7836003,9.554516,-8.16305,9.240852,-19.217384,11.7212,-5.667723,11.919263,-12.39011,11.121885,-0.45453727,20.106016,6.135201,22.633081
67,hungry,A123AD65-38D3-4A65-AB37-330034765840-1430093710-1.0-m-04-hu.wav,C:\Users\Lenovo\Desktop\Mindcloud\Final project\ML model\initial\hungry\A123AD65-38D3-4A65-AB37-330034765840-1430093710-1.0-m-04-hu.wav,7.0,0.014765375293791294,0.010394282639026642,0.17887073863636363,0.09572617990297631,171.4859868231892,60.03756526444208,-265.53064,50.77597,58.91681,27.79122,3.8326175,15.010997,8.76611,13.511629,-17.324898,12.649344,-11.376887,11.896778,-21.15718,8.371495,-10.117864,9.949038,-19.141129,7.3350315,-9.033364,8.157221,-14.805626,4.8913608,-9.923834,9.417224,-10.648482,9.15841
68,hungry,376C006E-3664-4056-80D0-7661F631A062-1436930593-1.1-m-26-hu.wav,C:\Users\Lenovo\Desktop\Mindcloud\Final project\ML model\initial\hungry\376C006E-3664-4056-80D0-7661F631A062-1436930593-1.1-m-26-hu.wav,7.0,0.06499402225017548,0.09228276461362839,0.24377219460227273,0.07471988811110242,188.92327403326067,67.20928749733089,-182.84581,105.856995,21.53864,31.255745,-22.03221,17.714083,-9.910848,17.513042,-12.306507,11.9138365,0.44564506,14.5323925,-14.089627,8.512877,-4.3331,15.081801,-15.833874,12.637567,-7.8899536,12.803814,-11.313571,15.319544,-4.111929,16.461077,-13.26321,11.116298
69,hungry,990DE219-FCD1-4634-91CE-19AB93E5D2B0-1430214575-1.0-m-04-hu.wav,C:\Users\Lenovo\Desktop\Mindcloud\Final project\ML model\initial\hungry\990DE219-FCD1-4634-91CE-19AB93E5D2B0-1430214575-1.0-m-04-hu.wav,7.0,0.014461576007306576,0.006832492537796497,0.2349520596590909,0.041053242492886825,245.2937975520457,63.225915357304736,-237.5854,30.59747,38.593502,9.227273,-38.695114,8.609182,-10.72164,7.952476,-10.70708,6.8705225,-12.137082,8.550599,-21.884893,6.975627,-14.44524,6.5887203,-18.429607,5.401383,-13.020088,4.548018,-16.347881,5.286306,-11.671841,5.8389745,-9.256538,5.5793953
70,discomfort,f5b29377-7cd6-4688-942c-5a07add39dc5-1437480263225-1.7-f-26-dc.wav,C:\Users\Lenovo\Desktop\Mindcloud\Final project\ML model\initial\discomfort\f5b29377-7cd6-4688-942c-5a07add39dc5-1437480263225-1.7-f-26-dc.wav,7.06,0.20404645800590515,0.09565619379281998,0.31190614442567566,0.0968970215348681,209.23776969863803,59.29260738997733,-59.975834,94.16696,8.526774,51.97465,-77.171684,32.613663,-30.404644,29.483387,-20.899221,17.564589,-8.395575,11.824296,-14.545073,14.680534,1.7809167,11.665727,-21.480793,12.960559,5.2806253,16.300907,-2.8726823,16.83598,15.810467,20.746908,-6.8911576,19.779816
71,hungry,2e25d0a5-0b2b-44ef-8491-e445b16ea75c-1430056332640-1.7-f-26-hu.wav,C:\Users\Lenovo\Desktop\Mindcloud\Final project\ML model\initial\hungry\2e25d0a5-0b2b-44ef-8491-e445b16ea75c-1430056332640-1.7-f-26-hu.wav,6.66,0.0032354588620364666,0.004037665668874979,0.28745814732142855,0.06781842171483769,154.4447302554131,86.5804317264844,-465.9074,82.94161,31.894424,16.523668,-28.112803,13.6132965,-12.192541,15.768525,-18.830803,15.700779,-5.9234333,14.423589,-13.583485,12.415321,-7.703683,8.095301,-20.447779,8.713273,-6.067958,14.393677,-11.114575,14.521588,6.2338734,9.822689,-0.76771003,13.985119
72,hungry,090C15A8-5406-4EA5-97A3-81F6527227C0-1430147533-1.0-m-72-hu.wav,C:\Users\Lenovo\Desktop\Mindcloud\Final project\ML model\initial\hungry\090C15A8-5406-4EA5-97A3-81F6527227C0-1430147533-1.0-m-72-hu.wav,7.0,0.05876442790031433,0.08916036039590836,0.203955078125,0.0704473431673067,207.00728062765833,76.57219350627244,-275.303,116.27232,48.35051,28.685995,-36.801525,28.262005,-8.172365,15.939165,-19.943876,23.859762,-37.39098,18.092554,-15.117803,16.458654,-3.4526508,9.167559,-17.253868,14.484891,-5.2333055,17.147148,-3.7389379,16.314186,-6.748587,15.971976,-14.159423,13.878538
73,hungry,3bb2445a-9ae9-4dc8-9a2e-86c696ffa405-1430142760958-1.7-m-26-hu.wav,C:\Users\Lenovo\Desktop\Mindcloud\Final project\ML model\initial\hungry\3bb2445a-9ae9-4dc8-9a2e-86c696ffa405-1430142760958-1.7-m-26-hu.wav,6.92,0.0856875479221344,0.07174430042505264,0.33166391915137616,0.08680890733289617,214.38878023896604,59.691750018336606,-154.744,96.10391,-4.766046,36.24482,-45.074013,19.85981,-16.512669,21.425428,-33.786976,14.531313,-1.5900855,12.345033,-10.402621,8.669295,4.609181,9.627223,-24.034052,10.201543,3.9878411,12.181056,-1.7849287,15.126944,10.878733,17.285809,-6.0848384,19.368958
74,hungry,DB95BF4A-E3E5-4429-A660-DBBCF486E6DF-1430664611-1.0-f-72-hu.wav,C:\Users\Lenovo\Desktop\Mindcloud\Final project\ML model\initial\hungry\DB95BF4A-E3E5-4429-A660-DBBCF486E6DF-1430664611-1.0-f-72-hu.wav,7.0,0.009293132461607456,0.00911238044500351,0.29780717329545453,0.11001592429130141,180.83175369940773,77.34723750721037,-342.07053,60.708145,23.788149,33.171078,-40.626854,20.559528,-5.4053044,15.72914,-20.729843,13.582656,-23.728779,11.532302,-3.6773021,11.455853,-1.6437203,14.332446,-26.42582,9.960027,-1.9744558,11.291306,-6.027346,12.860037,-11.370549,12.39655,-4.8159227,12.546088
75,hungry,e1e640e2-78cb-4cb7-9ccc-93813bfc251c-1430738640598-1.7-m-72-hu.wav,C:\Users\Lenovo\Desktop\Mindcloud\Final project\ML model\initial\hungry\e1e640e2-78cb-4cb7-9ccc-93813bfc251c-1430738640598-1.7-m-72-hu.wav,6.92,0.05157984420657158,0.05373769626021385,0.29770821387614677,0.10057026410674987,190.56680207954443,81.266475740247,-207.24513,108.130005,17.758375,30.777147,-23.574158,15.896261,-11.048048,18.076494,-49.219852,20.273546,-14.62637,10.332473,-16.008015,9.62881,-7.8068104,11.334003,-4.900811,8.971996,-3.5471048,10.333023,5.16853,13.598503,-9.242658,12.523207,-2.7442594,9.018224
76,hungry,aaa57dbd-7b88-454a-963e-6faa2f4ed4e7-1436910225455-1.7-f-04-hu.wav,C:\Users\Lenovo\Desktop\Mindcloud\Final project\ML model\initial\hungry\aaa57dbd-7b88-454a-963e-6faa2f4ed4e7-1436910225455-1.7-f-04-hu.wav,7.04,0.01633330248296261,0.04674585163593292,0.19736680039414414,0.0856702522791469,129.8216504386591,78.04243905871539,-460.10785,147.65968,23.139708,34.866787,1.0732117,30.963282,7.5673313,11.749346,-0.57274765,21.7279,-2.5620275,13.551288,-13.519236,13.40657,-5.332529,7.031034,-4.828666,8.326384,-0.5463356,7.4311023,-4.7741866,6.918739,-2.4899645,8.475901,-6.050657,7.571765
77,hungry,40a4c760-facf-4911-b0a6-22eccc3ab18d-1430466176951-1.7-f-26-hu.wav,C:\Users\Lenovo\Desktop\Mindcloud\Final project\ML model\initial\hungry\40a4c760-facf-4911-b0a6-22eccc3ab18d-1430466176951-1.7-f-26-hu.wav,7.06,0.04322592541575432,0.037113022059202194,0.19179775478603603,0.08460478322851225,208.5035742671153,74.38174487661637,-160.2047,85.52199,37.322323,15.303268,3.2903035,16.68454,0.65497136,8.628727,1.2720656,11.027663,-9.684228,8.555785,-15.956132,7.5795727,-15.805914,10.240331,-16.418762,8.879817,-14.678723,7.3562894,-11.869617,6.182577,-14.969289,7.356797,-8.632137,6.6178684
78,discomfort,11417AC2-DCC9-48CD-8177-CA8665E51B2F-1436881512-1.1-m-48-dc.wav,C:\Users\Lenovo\Desktop\Mindcloud\Final project\ML model\initial\discomfort\11417AC2-DCC9-48CD-8177-CA8665E51B2F-1436881512-1.1-m-48-dc.wav,7.0,0.019904877990484238,0.011555795557796955,0.22901722301136362,0.10108561474827904,147.37967982898058,88.54955433254491,-222.32118,48.69055,47.698406,27.478333,-14.204706,16.54272,-16.141008,11.415266,-16.002705,10.107778,-6.531807,12.8210945,-27.306599,9.424182,-18.704126,7.5200553,-25.898952,7.3003616,-13.571668,6.4547677,-17.019886,11.277777,-4.239911,12.788436,-11.713737,8.455985
79,hungry,0776b33b-c41a-4a2e-8b9c-f1c184be00c8-1437123838264-1.7-f-26-hu.wav,C:\Users\Lenovo\Desktop\Mindcloud\Final project\ML model\initial\hungry\0776b33b-c41a-4a2e-8b9c-f1c184be00c8-1437123838264-1.7-f-26-hu.wav,6.96,0.22913040220737457,0.09535180032253265,0.26211743836009177,0.12514082238417318,233.73249455668096,79.89711137535691,-54.608112,113.964516,24.69056,49.254555,-48.837154,30.901354,11.910404,19.312122,-12.630521,17.146126,-24.404392,12.081381,-24.099932,11.6976185,-2.0201578,12.357461,-29.752092,10.212451,-5.1753483,11.881575,-4.9108086,11.752553,-3.1610055,14.672029,-7.4700546,14.527213
80,discomfort,f258a8e2-92cd-4843-9da4-80ed26ec8e10-1436944996156-1.7-f-26-ch.wav,C:\Users\Lenovo\Desktop\Mindcloud\Final project\ML model\initial\discomfort\f258a8e2-92cd-4843-9da4-80ed26ec8e10-1436944996156-1.7-f-26-ch.wav,6.66,0.12696439027786255,0.08289237320423126,0.36576450892857143,0.11480824475416838,206.44573520893064,52.326223972377186,-113.416,106.192505,-17.937685,45.549,-52.24598,21.80827,-23.484398,25.767347,-14.858338,15.200833,5.4947395,18.156311,-22.988176,10.897655,4.239465,9.784534,-28.165176,9.835522,5.447281,9.776093,-12.29732,13.182298,7.0339804,18.399164,6.8785353,18.636227
81,hungry,c10e2b0f-0cb8-4485-b82f-d453edf97db7-1430738986076-1.7-f-26-hu.wav,C:\Users\Lenovo\Desktop\Mindcloud\Final project\ML model\initial\hungry\c10e2b0f-0cb8-4485-b82f-d453edf97db7-1430738986076-1.7-f-26-hu.wav,6.88,0.00514950230717659,0.0062527842819690704,0.23192455150462962,0.09676801412745363,173.73637551725278,69.28674202340909,-493.88965,153.37956,55.584652,33.692936,-32.777573,45.211967,16.802849,22.293137,-22.891645,15.512611,-9.799562,11.839147,-16.140503,12.206212,-13.428068,8.250033,-13.411583,10.522848,-7.7061796,9.352717,-4.4908314,10.279684,-6.410601,11.38934,-7.981135,10.439764
82,hungry,7B924575-21FC-462A-969E-BABB46D1CBF5-1430055167-1.0-f-72-hu.wav,C:\Users\Lenovo\Desktop\Mindcloud\Final project\ML model\initial\hungry\7B924575-21FC-462A-969E-BABB46D1CBF5-1430055167-1.0-f-72-hu.wav,7.0,0.045584116131067276,0.049894168972969055,0.28465021306818183,0.09007129252026769,210.36351848503057,55.96961618383397,-245.58443,144.53677,9.71044,28.998707,-36.27256,28.247677,-11.443157,11.49561,-18.989534,12.360643,3.0313046,11.934728,-32.29414,12.575886,-1.6033716,11.316181,-9.182182,15.282197,7.0317516,19.869497,2.6522348,17.122698,-11.115043,19.257519,1.4835932,18.690752
83,hungry,10A40438-09AA-4A21-83B4-8119F03F7A11-1430848101-1.0-f-26-hu.wav,C:\Users\Lenovo\Desktop\Mindcloud\Final project\ML model\initial\hungry\10A40438-09AA-4A21-83B4-8119F03F7A11-1430848101-1.0-f-26-hu.wav,7.0,0.13287104666233063,0.06279068440198898,0.3940562855113636,0.14819769890965953,227.2557520702743,66.32535960974371,-68.61107,90.19658,-14.741002,39.983593,-13.600172,22.108334,-28.247068,24.802763,-27.482733,19.17143,2.4861557,10.914147,-6.5517726,15.41366,-5.5868096,10.769662,-6.5335894,15.717822,3.9086378,17.913185,-1.49628,15.887608,-3.1147535,15.440955,-3.930282,14.444912
84,hungry,b9d0daab-43c8-41f1-86af-3bcdea9af63c-1429979961789-1.7-f-22-hu.wav,C:\Users\Lenovo\Desktop\Mindcloud\Final project\ML model\initial\hungry\b9d0daab-43c8-41f1-86af-3bcdea9af63c-1429979961789-1.7-f-22-hu.wav,6.78,0.11172004044055939,0.11716501414775848,0.1752837558962264,0.0717976774966088,228.63807041354178,64.40690279716692,-281.1119,95.03498,59.96941,40.985733,-25.08559,42.21761,-15.848513,45.02618,-27.971922,32.741653,-11.227232,17.345661,9.009636,18.267187,6.672031,21.025175,-0.3733902,18.680515,-6.3270636,17.794628,-29.52767,11.753659,-7.7087884,8.337782,-10.478683,9.619808
85,hungry,bb2bdafb-0477-4be4-8c41-1a6192e8c6d4-1430637736064-1.7-m-72-hu.wav,C:\Users\Lenovo\Desktop\Mindcloud\Final project\ML model\initial\hungry\bb2bdafb-0477-4be4-8c41-1a6192e8c6d4-1430637736064-1.7-m-72-hu.wav,6.66,0.10172441601753235,0.07970141619443893,0.3208612351190476,0.1227687921309544,195.84677366638803,64.64059408352372,-156.01428,121.07908,16.552248,21.274124,-37.403805,29.938147,-9.167057,20.190323,-23.89564,15.93882,-8.902288,19.066534,-10.053699,9.923317,-6.911863,14.673069,-11.585031,12.643075,-4.962829,11.013627,-11.383336,12.405317,-7.303676,8.113513,-2.5998995,16.180813
86,hungry,F24DE44B-762C-4149-AC92-96A5E57ED118-1430816918-1.0-m-04-hu.wav,C:\Users\Lenovo\Desktop\Mindcloud\Final project\ML model\initial\hungry\F24DE44B-762C-4149-AC92-96A5E57ED118-1430816918-1.0-m-04-hu.wav,7.0,0.07669524103403091,0.06705660372972488,0.1497159090909091,0.06084273581315007,193.68352760263036,50.62109367314803,-285.94257,102.84795,42.23009,23.854662,-24.848104,16.922525,-7.6487746,9.376259,-29.789537,14.999317,-33.661163,10.439438,-10.36384,10.32027,-9.416376,8.188828,-15.428583,7.6040993,3.556684,16.474333,-2.1809638,13.897278,11.0677395,22.602179,4.854256,16.553366
87,hungry,F95D4BCE-2FB0-4A0C-A058-BFB0674539AF-1430055950-1.0-m-26-hu.wav,C:\Users\Lenovo\Desktop\Mindcloud\Final project\ML model\initial\hungry\F95D4BCE-2FB0-4A0C-A058-BFB0674539AF-1430055950-1.0-m-26-hu.wav,7.0,0.2163861244916916,0.1324055790901184,0.34689719460227275,0.1113577252838044,190.72886418118182,58.76292446729612,-78.65793,87.83705,-15.432876,36.4965,-15.252157,16.275469,1.4002098,22.89123,-4.9971156,11.5732765,-8.173572,9.998033,1.7345315,12.941068,-5.401608,10.636872,-13.066015,7.7696743,-3.1585155,11.619015,-11.705566,10.2829075,11.836673,16.047495,7.7830195,17.46072
88,hungry,c10e2b0f-0cb8-4485-b82f-d453edf97db7-1430739179429-1.7-f-26-hu.wav,C:\Users\Lenovo\Desktop\Mindcloud\Final project\ML model\initial\hungry\c10e2b0f-0cb8-4485-b82f-d453edf97db7-1430739179429-1.7-f-26-hu.wav,6.88,0.10314729809761047,0.07331189513206482,0.4280418113425926,0.13026434804177542,183.25177513250185,59.08686829336493,-209.42328,179.78021,-18.737936,26.488243,-5.119827,22.04344,-10.558531,19.463543,-50.262444,21.249674,31.8204,20.037838,-33.547512,15.864998,-0.4012497,8.207429,-17.77672,10.623383,-2.0319705,8.32591,-0.6362338,11.860412,14.026655,12.152981,-0.6878178,13.00364
89,hungry,88da3fbd-926b-4ee7-ae8f-85f92f2783b0-1430114329442-1.7-m-04-hu.wav,C:\Users\Lenovo\Desktop\Mindcloud\Final project\ML model\initial\hungry\88da3fbd-926b-4ee7-ae8f-85f92f2783b0-1430114329442-1.7-m-04-hu.wav,6.78,0.0030829680617898703,0.002223557559773326,0.2194179318985849,0.047554291960121446,191.96551791990908,57.898035507017035,-481.67557,98.70165,37.549408,26.939117,-49.22273,24.883625,-34.994576,17.454346,-18.472343,15.934698,0.08612247,11.384951,-10.780421,7.775095,-19.43624,11.415477,-15.173612,8.413413,-3.1788557,9.887293,-11.6529255,12.00559,11.274188,16.322327,5.6194854,15.993961
90,tired,C421C6FE-DFEE-4080-8AEA-848E7CE4756B-1430548384-1.0-m-26-ti.wav,C:\Users\Lenovo\Desktop\Mindcloud\Final project\ML model\initial\tired\C421C6FE-DFEE-4080-8AEA-848E7CE4756B-1430548384-1.0-m-26-ti.wav,7.0,0.043255843222141266,0.031296759843826294,0.22395685369318183,0.06482329288518009,175.56283461838194,56.91623808946052,-182.72592,92.09819,46.68269,23.705746,-28.993204,23.009813,-22.3893,16.039808,-16.962288,14.864283,-21.956253,12.0499935,-27.919775,11.606446,-15.458325,9.305569,-23.736843,10.292405,-9.286158,8.388886,-8.6529,9.214744,-9.360519,7.8970013,-6.5641756,8.526736
91,hungry,999bf14b-e417-4b44-b746-9253f81efe38-1431013068243-1.7-m-26-hu.wav,C:\Users\Lenovo\Desktop\Mindcloud\Final project\ML model\initial\hungry\999bf14b-e417-4b44-b746-9253f81efe38-1431013068243-1.7-m-26-hu.wav,6.9,0.0674472451210022,0.03327630087733269,0.2494212962962963,0.10895311943540079,191.72872312168258,57.6172537648548,-194.27608,122.44388,50.31993,43.033974,-76.23216,25.719301,11.885618,15.120769,-50.74786,14.837688,2.6565313,13.535493,-17.567614,11.306559,-1.0344263,6.379189,-14.9747,6.763711,-12.631147,6.4267397,-11.966893,10.20101,0.2692316,16.991035,9.254176,19.819557
92,discomfort,79FF400A-97E2-4701-987D-C7C850D5523C-1430089688-1.0-f-48-dc.wav,C:\Users\Lenovo\Desktop\Mindcloud\Final project\ML model\initial\discomfort\79FF400A-97E2-4701-987D-C7C850D5523C-1430089688-1.0-f-48-dc.wav,7.0,0.06945961713790894,0.04332101345062256,0.4299538352272727,0.15181967679005665,221.7445463534481,70.88828005192556,-150.8699,96.959785,-19.797176,32.50819,-5.59755,26.372051,0.049229823,12.264525,-9.170202,13.37288,1.0863079,12.402597,-15.891971,15.053966,-2.95056,15.283021,1.9549283,15.309627,0.3212458,15.255149,-9.142362,17.050186,-3.468324,14.969292,-12.408079,11.188298
93,tired,06c4cfa2-7fa6-4fda-91a1-ea186a4acc64-1430029246453-1.7-f-26-ti.wav,C:\Users\Lenovo\Desktop\Mindcloud\Final project\ML model\initial\tired\06c4cfa2-7fa6-4fda-91a1-ea186a4acc64-1430029246453-1.7-f-26-ti.wav,6.52,0.02637074887752533,0.039999522268772125,0.24175666360294118,0.14952716187104031,201.90746765755637,56.73786666270682,-334.9871,117.400505,38.4203,59.99742,-21.979568,23.891968,7.984704,11.194253,-24.555037,17.06708,-1.1207647,11.061794,-18.437057,10.675569,-9.337017,11.483295,-26.078405,11.639501,-8.989752,12.2971525,-5.470839,13.247168,3.802764,15.537319,-2.419632,15.458897
94,hungry,375308C6-F894-49A5-B246-8C2819E9C6ED-1430416651-1.0-m-04-hu.wav,C:\Users\Lenovo\Desktop\Mindcloud\Final project\ML model\initial\hungry\375308C6-F894-49A5-B246-8C2819E9C6ED-1430416651-1.0-m-04-hu.wav,7.0,0.010794442147016525,0.010243771597743034,0.26144353693181815,0.09043403349351466,214.04419535385932,65.13425856612454,-360.91064,91.91086,26.471653,25.622534,-19.330313,22.257816,-9.666349,14.748287,-27.262653,11.723381,-13.13305,17.015276,-23.888266,10.935039,-7.122734,9.7018795,-12.211033,8.954341,-11.538986,10.249973,-4.7514343,13.403598,-3.3505516,11.076453,-2.590495,17.65944
95,hungry,7B924575-21FC-462A-969E-BABB46D1CBF5-1430055220-1.0-f-72-hu.wav,C:\Users\Lenovo\Desktop\Mindcloud\Final project\ML model\initial\hungry\7B924575-21FC-462A-969E-BABB46D1CBF5-1430055220-1.0-f-72-hu.wav,7.0,0.006572193931788206,0.015110397711396217,0.19513050426136364,0.08790169346860324,192.17198171165387,53.37089608050837,-410.85556,110.994385,46.24001,27.030788,-10.469982,17.492722,-5.892804,9.018408,-15.497193,10.479684,-11.711425,7.165489,-23.498938,7.5573187,-12.768632,6.346705,-13.778735,9.394904,-6.802423,8.295324,-14.231,10.587986,-14.329666,10.188269,-16.73,7.34855
96,hungry,8f5c01dc-6826-4076-a831-027ad61afdaf-1435873509176-1.7-f-26-hu.wav,C:\Users\Lenovo\Desktop\Mindcloud\Final project\ML model\initial\hungry\8f5c01dc-6826-4076-a831-027ad61afdaf-1435873509176-1.7-f-26-hu.wav,6.94,0.09887810796499252,0.12442141771316528,0.3705965094610092,0.1781768534448591,215.73622166925793,79.34528001576739,-220.23775,104.70607,-28.927532,60.364517,-46.037895,39.729626,-8.618153,32.52931,-10.506638,20.151924,-15.690026,21.713404,0.22328044,18.271748,-4.746837,14.70113,-4.7367816,18.455275,5.3911467,19.85195,-13.907134,19.663303,4.0628667,16.363035,-9.590282,13.988085
97,hungry,0F4B1065-4012-47C8-88B7-ACE11B1A536E-1430038775-1.0-m-04-hu.wav,C:\Users\Lenovo\Desktop\Mindcloud\Final project\ML model\initial\hungry\0F4B1065-4012-47C8-88B7-ACE11B1A536E-1430038775-1.0-m-04-hu.wav,7.0,0.15582764148712158,0.11063452810049057,0.2364834872159091,0.0859859596463781,209.13036796491082,59.09980390024814,-91.08794,108.79785,9.903333,36.32941,-20.645697,16.802126,-18.788605,17.951458,-13.075439,17.664751,5.252213,12.724893,-14.05277,11.586888,-5.209483,10.807834,-17.00157,7.714155,1.8825873,12.37599,-4.88377,16.961031,-0.10998829,12.283701,-2.0858293,19.499166
98,hungry,81724071-bc5e-4e38-8f35-85a691af5721-1430737552979-1.7-m-04-hu.wav,C:\Users\Lenovo\Desktop\Mindcloud\Final project\ML model\initial\hungry\81724071-bc5e-4e38-8f35-85a691af5721-1430737552979-1.7-m-04-hu.wav,6.94,0.007015821989625692,0.0055426256731152534,0.18340112528669725,0.038199139783565185,200.6811708036904,41.53097773781187,-487.91428,56.107082,95.01755,25.192059,-28.980106,31.604603,-20.65141,21.481642,1.8918191,10.114314,-9.08212,12.05579,-10.333635,8.310471,-10.423554,7.820269,-28.082165,9.747332,-2.2013779,14.283064,3.4731605,17.48749,17.074001,19.098225,-4.755956,21.404984
99,hungry,B327333E-2DE2-4833-A75A-4C576208BED3-1430087429-1.0-f-48-hu.wav,C:\Users\Lenovo\Desktop\Mindcloud\Final project\ML model\initial\hungry\B327333E-2DE2-4833-A75A-4C576208BED3-1430087429-1.0-f-48-hu.wav,7.0,0.015619932673871517,0.015014734119176865,0.1909002130681818,0.0936996770473082,179.00902288661115,46.80129976365307,-265.29736,91.7605,50.214996,30.099531,-20.866243,17.862581,3.8302424,14.742313,-9.63579,12.011716,-1.9070675,13.531659,-19.611034,6.857858,-11.898368,5.7301226,-19.353148,10.788527,-10.65642,7.028914,-14.394751,6.8018117,-5.0155053,7.402433,-14.777195,7.8819604
100,hungry,8c66887c-8251-49fa-903b-c02d56405f58-1436856065644-1.7-m-26-hu.wav,C:\Users\Lenovo\Desktop\Mindcloud\Final project\ML model\initial\hungry\8c66887c-8251-49fa-903b-c02d56405f58-1436856065644-1.7-m-26-hu.wav,6.96,0.01741212233901024,0.019879989326000214,0.3010679472477064,0.08466515771373487,183.88902657215084,70.91090123326681,-419.08658,169.01047,24.254766,36.324825,-49.007065,44.749523,-10.666182,18.940073,-30.45244,28.965271,-2.4065628,13.226284,5.1658883,12.293802,-3.3270009,10.720215,-7.0264797,14.650275,-5.6472135,8.810448,-9.845301,13.711081,4.553639,10.841528,4.460943,14.508417
101,hungry,35D58153-7AB7-443D-BED0-2D7ABF73743F-1431855847-1.1-m-04-hu.wav,C:\Users\Lenovo\Desktop\Mindcloud\Final project\ML model\initial\hungry\35D58153-7AB7-443D-BED0-2D7ABF73743F-1431855847-1.1-m-04-hu.wav,7.0,0.19842156767845154,0.088861383497715,0.44952503551136364,0.09658016094035352,221.68800981901398,69.57209527698691,-54.618645,100.576004,-47.12536,21.858616,-34.704483,29.022928,1.7639,20.713943,-27.534557,17.400692,3.801236,15.048063,-3.0084198,18.069027,13.840113,15.532324,2.1164567,19.232832,3.3216078,19.599724,-2.9928663,18.40822,-6.628363,13.866751,-1.9359579,13.295851
102,hungry,FF2CD2F6-404D-4626-8718-6E6C751F63B8-1431104337-1.0-m-04-hu.wav,C:\Users\Lenovo\Desktop\Mindcloud\Final project\ML model\initial\hungry\FF2CD2F6-404D-4626-8718-6E6C751F63B8-1431104337-1.0-m-04-hu.wav,7.0,0.056229185312986374,0.059453073889017105,0.15593039772727274,0.030108924876657034,185.74872106146032,58.65727705489875,-246.9109,100.257515,67.53845,17.733377,-37.204376,26.549768,-20.436556,15.654905,-41.747334,12.451156,-28.325787,11.583053,-11.920885,10.758034,-14.536534,8.940079,-11.537712,9.886296,-17.49368,9.269033,-14.621421,8.692185,-3.3584783,7.9375916,0.11178917,15.59941
103,hungry,3bb2445a-9ae9-4dc8-9a2e-86c696ffa405-1430142784308-1.7-m-26-hu.wav,C:\Users\Lenovo\Desktop\Mindcloud\Final project\ML model\initial\hungry\3bb2445a-9ae9-4dc8-9a2e-86c696ffa405-1430142784308-1.7-m-26-hu.wav,6.84,0.16713625192642212,0.05806576460599899,0.4391519421728972,0.12501844189621025,206.4431613147228,53.706408482749644,-69.96097,66.836716,-31.361351,38.57247,-21.805319,10.32531,-7.9868474,21.529602,-59.83142,13.060388,4.7024236,11.507166,-21.106176,13.948007,15.19398,11.83368,-26.896227,12.584051,2.2974718,12.746543,0.77449,15.26885,2.3275957,16.58541,1.2134956,21.16531
104,hungry,EC2E1160-BC33-450A-A62D-DE2A4C0D42BB-1430039051-1.0-f-48-hu.wav,C:\Users\Lenovo\Desktop\Mindcloud\Final project\ML model\initial\hungry\EC2E1160-BC33-450A-A62D-DE2A4C0D42BB-1430039051-1.0-f-48-hu.wav,7.0,0.11938589066267014,0.0832824558019638,0.30932173295454546,0.06034193492945446,203.12914814590783,40.29525888916045,-108.64398,84.229,-3.1764102,23.749605,-34.084087,16.0567,-4.418446,18.550097,-1.2292045,11.079309,-1.6192838,15.411458,-22.843193,12.729738,1.9548867,7.9771113,-14.08457,8.0097065,-4.654269,8.996124,-13.629617,16.01457,5.202267,18.436777,12.377861,16.11115
105,hungry,8FDA58A7-FDC6-4421-855F-738E6E853E43-1429895742-1.0-m-26-hu.wav,C:\Users\Lenovo\Desktop\Mindcloud\Final project\ML model\initial\hungry\8FDA58A7-FDC6-4421-855F-738E6E853E43-1429895742-1.0-m-26-hu.wav,7.0,0.04173335060477257,0.06362089514732361,0.31912286931818185,0.05290518288806348,212.12695180438482,68.30082465223913,-266.78918,112.47806,11.222228,24.052944,-55.731655,26.00034,2.715039,15.697757,-14.746414,21.625282,-16.810476,18.292778,4.986037,11.879377,-1.8773339,11.686434,-17.595873,9.63789,-12.141561,9.394523,-13.286585,9.619976,3.2735064,11.841253,1.3611583,18.699575
106,hungry,1f40790f-68f2-4e7e-845e-715bd97c82d0-1429979568422-1.7-m-04-hu.wav,C:\Users\Lenovo\Desktop\Mindcloud\Final project\ML model\initial\hungry\1f40790f-68f2-4e7e-845e-715bd97c82d0-1429979568422-1.7-m-04-hu.wav,6.86,0.0922316163778305,0.05746305733919144,0.2226878978587963,0.08490386574230831,221.42570097856557,71.09771256330335,-144.44547,113.44003,36.525974,25.600124,-31.63467,30.52373,-13.456294,21.488182,-36.77137,15.305508,-7.1697803,16.959633,-4.4669523,15.118052,-13.047865,13.280051,-0.22413124,12.577235,1.1333878,11.165148,1.192007,14.357141,-4.349113,13.77696,-13.883168,11.956408
107,hungry,090C15A8-5406-4EA5-97A3-81F6527227C0-1430147515-1.0-m-72-hu.wav,C:\Users\Lenovo\Desktop\Mindcloud\Final project\ML model\initial\hungry\090C15A8-5406-4EA5-97A3-81F6527227C0-1430147515-1.0-m-72-hu.wav,7.0,0.053258053958415985,0.05807419866323471,0.3183016690340909,0.07537843227229983,199.79739727908293,82.11622108957219,-224.5101,128.12393,6.5730176,31.556023,-32.974365,23.562885,4.975445,17.681326,-19.934082,21.215734,-22.37196,13.565699,-7.99044,9.559622,-11.202937,15.6905575,-10.256089,10.462938,-1.9611424,14.232732,-9.951294,18.204184,0.56316614,11.97938,-7.450586,13.610315
108,hungry,7E4B9C14-F955-4BED-9B03-7F3096A6CBFF-1430232180-1.0-f-26-hu.wav,C:\Users\Lenovo\Desktop\Mindcloud\Final project\ML model\initial\hungry\7E4B9C14-F955-4BED-9B03-7F3096A6CBFF-1430232180-1.0-f-26-hu.wav,7.0,0.11362311989068985,0.14706933498382568,0.2609064275568182,0.06227032430248694,179.41991664020262,76.82647295575036,-234.20291,173.71053,23.077679,32.698822,-39.793648,31.609297,-20.199749,16.933468,-14.674392,13.385124,-1.0253993,19.494732,-13.607209,15.762996,-2.6420472,15.312072,-10.217834,8.898596,-7.305858,11.62506,3.8589294,18.775415,2.434404,17.109524,-3.391608,14.849614
109,hungry,4be720ce-a5e5-4a48-930f-a212f8a239f6-1434774932733-1.7-f-48-hu.wav,C:\Users\Lenovo\Desktop\Mindcloud\Final project\ML model\initial\hungry\4be720ce-a5e5-4a48-930f-a212f8a239f6-1434774932733-1.7-f-48-hu.wav,6.78,0.036264218389987946,0.035179503262043,0.34281950176886794,0.054366060228247616,204.6908001211306,70.96006757574922,-254.45355,106.72752,-16.154314,29.490223,-86.84183,30.924149,9.888334,14.00413,-27.3906,12.022449,13.652716,13.507946,-20.977903,12.133764,7.4346147,11.260174,-16.394236,8.759118,0.66882545,10.46921,-11.555737,10.507304,4.5770698,20.29927,1.0975435,16.110634
110,hungry,549a46d8-9c84-430e-ade8-97eae2bef787-1430130669340-1.7-m-48-hu.wav,C:\Users\Lenovo\Desktop\Mindcloud\Final project\ML model\initial\hungry\549a46d8-9c84-430e-ade8-97eae2bef787-1430130669340-1.7-m-48-hu.wav,6.86,0.0014500764664262533,0.002536957385018468,0.23413538049768517,0.08154341532119144,170.04779531253038,65.85510345699954,-605.7443,121.61301,33.156807,19.837687,-12.062987,29.65406,-9.788774,13.114518,-26.32749,18.581703,0.7361968,11.922059,-15.022779,7.8841286,-4.326273,7.00098,-7.557949,8.941685,-5.2226543,7.588834,-3.9362414,7.849106,0.85189843,12.24442,6.0175724,16.087948
111,hungry,815af07e-4c31-4032-8bd1-dab6e60c879e-1433156423585-1.7-m-04-hu.wav,C:\Users\Lenovo\Desktop\Mindcloud\Final project\ML model\initial\hungry\815af07e-4c31-4032-8bd1-dab6e60c879e-1433156423585-1.7-m-04-hu.wav,6.96,0.13951116800308228,0.10093656182289124,0.4088929902522936,0.12155514521120478,193.18711900831138,69.04130782470953,-121.22697,129.53775,-45.254745,37.705208,-24.229261,15.307705,-17.27676,20.871668,-38.118477,13.022504,6.554995,10.178795,-18.465065,14.514564,-2.5961928,10.211427,-8.59893,13.347037,4.6429873,9.27863,-10.640323,17.159122,8.088398,16.730291,-6.8557377,16.490162
112,hungry,ae5a462b-5424-4b5b-82d5-07ccb61654ab-1430405436291-1.7-f-04-hu.wav,C:\Users\Lenovo\Desktop\Mindcloud\Final project\ML model\initial\hungry\ae5a462b-5424-4b5b-82d5-07ccb61654ab-1430405436291-1.7-f-04-hu.wav,6.88,0.004816839005798101,0.00492092315107584,0.18345359519675927,0.13704245137961268,121.37652820729872,73.74602481247476,-461.10913,132.30688,41.938015,44.134964,-2.769569,34.317368,3.4839191,16.482166,1.3862747,9.980666,5.147842,10.504574,-19.124008,13.220519,2.5499392,8.616465,-10.473342,7.1288915,-8.671051,6.8420644,-11.590876,10.230191,2.148599,19.156958,-4.4764867,13.4619465
113,hungry,afa44e7f-4187-4f1c-9437-b49ba75f542e-1430629785235-1.7-f-04-hu.wav,C:\Users\Lenovo\Desktop\Mindcloud\Final project\ML model\initial\hungry\afa44e7f-4187-4f1c-9437-b49ba75f542e-1430629785235-1.7-f-04-hu.wav,6.94,0.011586235836148262,0.008559012785553932,0.2641691155389908,0.10126539627770988,133.04640716238853,54.433589751991704,-298.77493,80.5605,39.90204,31.064861,4.7810698,26.763191,11.399715,19.413036,-16.1957,16.806437,-0.85784924,11.9674835,-14.861498,14.134901,-2.493176,11.790255,-19.506052,8.64387,-0.46273428,9.993665,-12.235909,8.283775,4.2928295,9.784053,-6.3350763,13.479033
114,hungry,B327333E-2DE2-4833-A75A-4C576208BED3-1430087456-1.0-f-48-hu.wav,C:\Users\Lenovo\Desktop\Mindcloud\Final project\ML model\initial\hungry\B327333E-2DE2-4833-A75A-4C576208BED3-1430087456-1.0-f-48-hu.wav,7.0,0.036434732377529144,0.041501544415950775,0.26069779829545453,0.0636299483050409,175.01584320336454,77.97954601192525,-209.61441,87.95111,25.356707,31.054192,-20.680677,16.194677,-5.4390016,12.010124,-5.011286,17.554644,-6.024842,8.055526,-19.207724,8.410987,-9.627598,12.851394,-15.135398,7.955459,-7.3259664,10.328155,-11.378924,14.962013,-0.8833074,11.922074,-6.9647083,17.208302
115,hungry,8c920fd0-fa9f-4926-bcac-074767dcbfcd-1436850948195-1.7-m-04-hu.wav,C:\Users\Lenovo\Desktop\Mindcloud\Final project\ML model\initial\hungry\8c920fd0-fa9f-4926-bcac-074767dcbfcd-1436850948195-1.7-m-04-hu.wav,6.66,0.012852219864726067,0.01656464859843254,0.20298549107142858,0.09303975506448453,158.31784543520945,81.6121835521677,-379.4047,132.90982,46.05187,48.344772,-7.8036847,31.630346,-11.194368,18.238153,-4.2260647,10.090241,-8.230709,10.076364,-16.38802,12.861099,-3.5417492,12.811137,-13.26586,13.558288,-3.543123,10.233082,-7.425965,14.57233,-5.347266,14.140916,-10.809096,9.220654
116,hungry,7E4B9C14-F955-4BED-9B03-7F3096A6CBFF-1430232166-1.0-f-26-hu.wav,C:\Users\Lenovo\Desktop\Mindcloud\Final project\ML model\initial\hungry\7E4B9C14-F955-4BED-9B03-7F3096A6CBFF-1430232166-1.0-f-26-hu.wav,7.0,0.04501396790146828,0.07518059760332108,0.28200905539772725,0.06842610336314088,208.52738775008885,73.35131435355191,-240.03151,114.71248,23.332914,18.573603,-44.77677,23.391094,-25.62056,14.819079,-30.551838,14.768836,-4.113854,20.112448,-16.947908,15.190588,-13.380608,19.769926,-2.8376157,12.027416,-6.062264,12.439627,3.224532,13.745045,-4.048384,12.248502,-8.174867,11.593412
117,hungry,e0cc5beb-50e5-46ef-852e-c92106216e62-1430143334661-1.7-m-04-hu.wav,C:\Users\Lenovo\Desktop\Mindcloud\Final project\ML model\initial\hungry\e0cc5beb-50e5-46ef-852e-c92106216e62-1430143334661-1.7-m-04-hu.wav,6.64,0.014869151636958122,0.006149675231426954,0.36978853665865385,0.10470492357710634,197.9055380047858,48.209870807602556,-287.07257,48.597046,-2.8476398,37.366558,-40.569485,22.47311,-11.788751,13.571187,-23.237793,18.049435,8.991431,11.727669,-20.377277,13.226751,3.82869,13.42694,-16.197123,12.716999,4.0582023,9.286706,-18.477732,12.783626,12.6371765,15.736829,8.347244,12.761366
118,discomfort,999bf14b-e417-4b44-b746-9253f81efe38-1430845018393-1.7-m-26-ch.wav,C:\Users\Lenovo\Desktop\Mindcloud\Final project\ML model\initial\discomfort\999bf14b-e417-4b44-b746-9253f81efe38-1430845018393-1.7-m-26-ch.wav,6.9,0.022700008004903793,0.028968393802642822,0.1499565972222222,0.043898234116863756,153.41342516012833,65.92146178427117,-360.9741,111.300995,101.45479,28.8758,-54.192036,30.306017,11.089271,14.0056715,-4.415245,33.522755,-16.562544,10.506292,-9.532223,7.971104,3.105077,8.407189,-5.8607264,7.2256274,-10.071422,8.155031,-11.183378,7.3525033,-12.269045,10.05408,-9.4360485,12.621557
119,hungry,1259bcad-2308-46fa-9a36-b5d8f359886a-1430143617162-1.7-m-04-hu.wav,C:\Users\Lenovo\Desktop\Mindcloud\Final project\ML model\initial\hungry\1259bcad-2308-46fa-9a36-b5d8f359886a-1430143617162-1.7-m-04-hu.wav,6.86,0.12577293813228607,0.0779811218380928,0.2683150679976852,0.10674234843260368,230.04975771006926,68.03061238336984,-191.15724,135.14934,2.9379976,32.727234,-41.851505,28.883083,-41.27454,27.53113,-34.092644,17.695179,29.853752,27.679407,-40.19982,19.49338,2.818902,13.512899,-14.256218,17.583752,23.240492,17.023937,1.1856099,13.608592,-2.5771015,11.761705,-15.789772,13.297121
120,hungry,D1CB71F9-EF76-49B3-A703-41D557444D21-1436863366-1.1-m-04-hu.wav,C:\Users\Lenovo\Desktop\Mindcloud\Final project\ML model\initial\hungry\D1CB71F9-EF76-49B3-A703-41D557444D21-1436863366-1.1-m-04-hu.wav,7.0,0.02025189995765686,0.03226461634039879,0.1369806463068182,0.04760468684199706,117.77581805823185,68.34666591053033,-321.08914,74.69659,67.16081,26.851141,-6.0017533,12.186273,-10.214604,20.808771,-13.624334,7.58583,0.21871929,9.772563,-15.94842,7.3482995,-22.617258,7.779125,-29.191994,5.6619344,-16.354376,5.809683,-18.211632,10.19798,-2.9412305,15.9769125,-4.083515,14.529881
121,hungry,5f0a1ed4-ee2c-493c-bc00-6b56aad78a72-1430933240505-1.7-m-72-hu.wav,C:\Users\Lenovo\Desktop\Mindcloud\Final project\ML model\initial\hungry\5f0a1ed4-ee2c-493c-bc00-6b56aad78a72-1430933240505-1.7-m-72-hu.wav,6.62,0.007895490154623985,0.011356771923601627,0.3474778395432692,0.08223737753774284,194.14837279007727,81.26211871062603,-409.96237,86.86158,5.4272532,41.777664,-28.201572,23.894653,-0.08850428,14.530764,-21.69504,19.642553,-5.749125,17.715836,-11.756306,14.599068,3.1579208,15.286523,-5.6500473,11.908217,7.645981,13.001938,-9.513952,17.01427,2.8231518,10.600879,-9.777512,10.700505
122,hungry,9aa8bac5-eeb9-4f19-a4bf-7c439e87364b-1430745312460-1.7-m-04-hu.wav,C:\Users\Lenovo\Desktop\Mindcloud\Final project\ML model\initial\hungry\9aa8bac5-eeb9-4f19-a4bf-7c439e87364b-1430745312460-1.7-m-04-hu.wav,6.54,0.0054031843319535255,0.005555811803787947,0.26591417627427183,0.1679460023821994,178.87878454570964,90.01468159123272,-435.05853,127.903244,39.34918,37.33022,8.022187,18.65484,-12.386595,24.848537,1.9005922,14.05422,-7.1933985,11.303104,-4.654564,11.879479,-3.6608083,10.58286,-6.4675045,11.820371,-3.668009,11.101521,-9.201806,8.873338,-11.242334,6.756961,-7.5098405,5.9369736
123,hungry,22b43570-d440-475b-b2f1-e528c81081f7-1430663490095-1.7-m-04-hu.wav,C:\Users\Lenovo\Desktop\Mindcloud\Final project\ML model\initial\hungry\22b43570-d440-475b-b2f1-e528c81081f7-1430663490095-1.7-m-04-hu.wav,6.96,0.055926255881786346,0.06043921783566475,0.1309579271788991,0.1111262554102967,131.11622122245265,57.94947018032555,-260.79407,104.23894,75.57663,31.558842,17.359339,41.973064,35.623184,18.133768,-8.388248,14.35611,-10.413362,7.6145797,-7.7871475,9.762027,-12.80245,7.948537,-17.86863,6.8851905,-12.147553,8.395619,-16.592648,8.9905,-6.7175217,12.437128,-3.6305392,16.53977
124,hungry,af30880e-5f98-4dc0-b37a-be6b21fa0ba3-1431240037389-1.7-m-26-hu.wav,C:\Users\Lenovo\Desktop\Mindcloud\Final project\ML model\initial\hungry\af30880e-5f98-4dc0-b37a-be6b21fa0ba3-1431240037389-1.7-m-26-hu.wav,6.52,0.20901447534561157,0.10936155915260315,0.2548684512867647,0.15106543181903648,203.4706671194251,65.8627820149969,-82.600136,127.124886,18.559155,44.88004,-29.014275,21.68198,-6.2441926,19.400455,-58.704258,19.611847,-16.563383,13.551393,-18.661629,9.166808,5.570425,10.808557,-3.9357636,14.032811,0.39619154,8.957717,-9.351053,8.689247,3.4712758,12.306168,-9.653732,13.031987
125,hungry,40a4c760-facf-4911-b0a6-22eccc3ab18d-1430466393384-1.7-f-26-hu.wav,C:\Users\Lenovo\Desktop\Mindcloud\Final project\ML model\initial\hungry\40a4c760-facf-4911-b0a6-22eccc3ab18d-1430466393384-1.7-f-26-hu.wav,7.06,0.2134721726179123,0.14463017880916595,0.18263038429054054,0.06397709777607433,210.1391840400623,61.09648390779517,-99.061424,96.37699,32.992836,31.211359,-0.017741371,12.811645,-49.84845,19.653618,-26.359043,12.787211,-10.866685,9.025273,-13.209896,12.10505,-12.790759,12.916636,-9.526728,19.248474,0.8440517,13.669557,-4.902535,15.04408,0.09691823,17.258257,-6.3733315,15.950209
126,hungry,8C13A1F9-62CC-46AA-9192-BECE5CDD5CB0-1430249362-1.0-f-72-hu.wav,C:\Users\Lenovo\Desktop\Mindcloud\Final project\ML model\initial\hungry\8C13A1F9-62CC-46AA-9192-BECE5CDD5CB0-1430249362-1.0-f-72-hu.wav,7.0,0.013962545432150364,0.03563326224684715,0.21582475142045454,0.08398211668058668,158.60025141910006,68.85888357399978,-419.7016,122.265526,37.1068,21.137457,-22.240963,25.687008,-7.9850545,12.573367,-15.901052,9.895532,-9.782829,7.02283,-10.83649,8.902831,-17.426512,7.7564936,-15.009584,7.477685,-8.493671,5.6766973,-16.266253,9.734063,-8.578234,8.603283,-5.8766713,10.609379
127,hungry,743E7CCA-D32B-40B6-9541-9808122D3F6B-1436860011-1.1-f-26-hu.wav,C:\Users\Lenovo\Desktop\Mindcloud\Final project\ML model\initial\hungry\743E7CCA-D32B-40B6-9541-9808122D3F6B-1436860011-1.1-f-26-hu.wav,7.0,0.18577736616134644,0.13286784291267395,0.36953125,0.09960806507466446,201.53570365067668,50.9336123975629,-84.140465,88.16041,-20.709646,21.87314,-12.925393,15.033225,3.636145,15.37677,-9.022889,15.52559,-6.333856,10.67629,-14.586782,16.851286,-6.89292,9.146629,-7.5923066,10.20302,2.151669,7.72274,-2.6278114,10.672773,10.712717,17.893148,11.20367,13.289079
128,hungry,8FDA58A7-FDC6-4421-855F-738E6E853E43-1429895751-1.0-m-26-hu.wav,C:\Users\Lenovo\Desktop\Mindcloud\Final project\ML model\initial\hungry\8FDA58A7-FDC6-4421-855F-738E6E853E43-1429895751-1.0-m-26-hu.wav,7.0,0.07687495648860931,0.09830912947654724,0.31020063920454544,0.06139822219639656,198.34852925258187,52.47834516253224,-236.07799,122.99237,10.606515,30.101627,-65.21986,33.16103,4.8806896,18.537346,-12.272519,17.855732,-11.123089,13.398098,0.6806053,12.953351,-6.7988267,14.313794,-15.60024,6.8745546,-6.889697,13.039375,-12.619954,9.266201,-3.5742083,10.711322,5.885446,15.571515
129,discomfort,665BDF6D-2897-49F9-8AD0-978B3B2A0468-1430530218-1.0-m-26-dc.wav,C:\Users\Lenovo\Desktop\Mindcloud\Final project\ML model\initial\discomfort\665BDF6D-2897-49F9-8AD0-978B3B2A0468-1430530218-1.0-m-26-dc.wav,7.0,0.006670959293842316,0.0057961465790867805,0.2364169034090909,0.06454701987113406,186.95724032328135,68.22833647354138,-345.5124,103.128944,43.54517,23.498854,-28.245403,25.468258,-12.453754,13.015529,-28.273027,14.057448,-2.3870344,10.248645,-13.473049,11.240911,-10.933884,8.580217,-14.185173,10.475438,-12.75837,7.687395,-13.955123,7.4921765,-12.45615,5.0860868,-14.469926,7.0291963
130,hungry,50DC5FBC-AC95-44F2-B55F-E4E5FB03AC96-1430007691-1.0-m-26-hu.wav,C:\Users\Lenovo\Desktop\Mindcloud\Final project\ML model\initial\hungry\50DC5FBC-AC95-44F2-B55F-E4E5FB03AC96-1430007691-1.0-m-26-hu.wav,7.0,0.06888890266418457,0.05515378713607788,0.3578391335227273,0.1002434246516795,205.3810071225671,78.06277767321549,-179.20833,111.05055,-18.889103,33.36478,-43.855442,19.183672,9.552861,23.90053,-29.568146,14.837779,-2.4633777,14.107964,-4.355868,15.552272,-14.12918,15.734233,-19.08477,13.86978,13.476582,18.590776,3.86634,20.370855,0.90965223,17.104359,-7.439681,12.573055
131,hungry,8f4dbf5a-b504-4452-b6ac-94e646a6a052-1430727792958-1.7-f-72-hu.wav,C:\Users\Lenovo\Desktop\Mindcloud\Final project\ML model\initial\hungry\8f4dbf5a-b504-4452-b6ac-94e646a6a052-1430727792958-1.7-f-72-hu.wav,6.92,0.007590798195451498,0.007350361440330744,0.16474340596330275,0.06324426478510657,198.5291261538347,70.791718762968,-366.06448,97.77938,63.354523,24.81943,-9.478193,23.091515,-4.559528,12.232577,-10.949012,9.579805,-16.601973,12.079971,-17.419168,7.808207,-2.2746017,7.0915937,-16.995134,7.878141,-4.272805,7.097882,-10.7467575,6.5139666,-5.0378,6.243479,-12.45369,9.428068
132,hungry,F1AF5794-AD3B-4181-B010-AB835E5BDA64-1430441342-1.0-m-72-hu.wav,C:\Users\Lenovo\Desktop\Mindcloud\Final project\ML model\initial\hungry\F1AF5794-AD3B-4181-B010-AB835E5BDA64-1430441342-1.0-m-72-hu.wav,7.0,0.014920949935913086,0.01961352489888668,0.3042125355113636,0.050721052397170174,156.92538658014863,81.72606519914673,-289.14255,76.956245,27.592083,21.632038,-19.38084,21.095566,-9.17607,20.612886,-17.132856,16.693663,-6.285825,15.740546,-7.446004,9.090199,-8.667407,7.0321145,-14.937294,7.317974,-11.169054,12.290298,-12.643757,12.014969,-6.7479086,11.853677,-8.62253,12.187308
133,hungry,7d1c2cd2-6fa1-499f-8ca8-a298198be4e7-1436850081753-1.7-m-04-hu.wav,C:\Users\Lenovo\Desktop\Mindcloud\Final project\ML model\initial\hungry\7d1c2cd2-6fa1-499f-8ca8-a298198be4e7-1436850081753-1.7-m-04-hu.wav,6.68,0.08273406326770782,0.06933565437793732,0.2318452380952381,0.05719192003206484,185.25077499521643,65.84480867961312,-151.68362,96.910866,50.021328,37.9904,-53.494095,25.755024,-22.938011,14.140725,-3.9916353,14.994998,-15.547601,13.892834,-22.22569,12.72264,-5.1453,14.7874565,-12.400753,13.318938,-7.816897,9.712423,-16.089195,10.651412,-0.5337814,7.6173716,-11.340767,10.198459
134,discomfort,1309B82C-F146-46F0-A723-45345AFA6EA8-1430703937-1.0-f-48-dc.wav,C:\Users\Lenovo\Desktop\Mindcloud\Final project\ML model\initial\discomfort\1309B82C-F146-46F0-A723-45345AFA6EA8-1430703937-1.0-f-48-dc.wav,7.0,0.10778819024562836,0.08911393582820892,0.32208362926136364,0.08905106269591447,185.51758837070736,65.13995741011075,-149.15671,148.6874,-11.770669,36.544487,-21.444878,17.42731,-9.719736,15.3056345,-10.356513,15.81272,3.5454595,11.03433,-10.622263,9.287242,-3.8730292,6.808314,-8.362361,9.834991,1.653179,7.7323265,-14.820686,7.0067434,3.0467863,13.6177435,8.083808,17.416122
135,hungry,F950E7E3-A1A5-4A01-99F4-9B155C3C6606-1430305696-1.0-m-72-hu.wav,C:\Users\Lenovo\Desktop\Mindcloud\Final project\ML model\initial\hungry\F950E7E3-A1A5-4A01-99F4-9B155C3C6606-1430305696-1.0-m-72-hu.wav,7.0,0.033468302339315414,0.03305211290717125,0.18182262073863636,0.06103160000615923,189.39562039562927,51.30498925815171,-232.56859,90.138435,54.18532,31.470444,-22.277018,14.408757,-5.2966423,10.777482,-21.087494,22.250017,-2.2962608,11.781074,-13.707886,15.666157,-9.108395,16.299034,-13.498256,10.896677,-15.985335,10.130097,-18.927263,8.236869,-19.552101,10.28551,-16.01809,14.274548
136,hungry,d79affbc-f7b4-4ef0-ae57-be5da4b827bf-1430761514476-1.7-m-72-hu.wav,C:\Users\Lenovo\Desktop\Mindcloud\Final project\ML model\initial\hungry\d79affbc-f7b4-4ef0-ae57-be5da4b827bf-1430761514476-1.7-m-72-hu.wav,6.9,0.009817184880375862,0.008555229753255844,0.20274974681712962,0.07471216111440941,217.7561269938412,64.95044347748333,-370.88065,100.17976,59.495876,26.92935,-25.588524,26.743809,3.768068,23.328955,-40.81839,19.120335,8.836792,18.39578,-18.41565,12.46711,0.5767185,11.990113,-16.252516,14.512582,-6.1212096,15.066331,-11.035621,9.997948,-6.1802197,7.65952,-13.011037,11.210725
137,discomfort,999bf14b-e417-4b44-b746-9253f81efe38-1430845035663-1.7-m-26-ch.wav,C:\Users\Lenovo\Desktop\Mindcloud\Final project\ML model\initial\discomfort\999bf14b-e417-4b44-b746-9253f81efe38-1430845035663-1.7-m-26-ch.wav,6.9,0.05329281836748123,0.044944893568754196,0.13676848234953703,0.033708303136830035,191.4452681989076,69.93810022975404,-256.92883,97.48231,120.10927,33.169033,-66.336,26.890081,2.2776845,13.244345,-42.997707,18.238539,-23.339315,13.860662,-2.322167,9.662584,-5.87948,8.836006,-1.8593749,8.576253,-2.3754747,9.576064,-16.826765,9.874041,-4.750282,9.51051,-5.760448,15.553953
138,tired,C421C6FE-DFEE-4080-8AEA-848E7CE4756B-1430548393-1.0-f-26-ti.wav,C:\Users\Lenovo\Desktop\Mindcloud\Final project\ML model\initial\tired\C421C6FE-DFEE-4080-8AEA-848E7CE4756B-1430548393-1.0-f-26-ti.wav,7.0,0.040883880108594894,0.020007895305752754,0.22796519886363636,0.06982456359090278,196.61137697122655,59.19501634182259,-172.13979,61.342384,38.228424,30.32332,-45.62752,21.51347,-25.32848,18.743929,-17.614594,13.747146,-13.040697,15.125958,-19.333784,10.6487255,-11.961715,12.029701,-22.848028,11.327304,-9.644368,9.50697,-5.4579835,18.525564,2.3817315,13.3244505,-0.95554566,20.28881
139,hungry,F4A0C710-AC2D-42E0-8EA9-3E4CAC31EE20-1430318416-1.0-m-04-hu.wav,C:\Users\Lenovo\Desktop\Mindcloud\Final project\ML model\initial\hungry\F4A0C710-AC2D-42E0-8EA9-3E4CAC31EE20-1430318416-1.0-m-04-hu.wav,7.0,0.11939354240894318,0.07482539862394333,0.2943670099431818,0.09733168002988919,218.34774685483617,55.875680080062786,-129.6301,97.839935,2.8355927,36.792107,-49.561386,30.798977,-15.420924,20.603155,-19.607788,11.639961,4.584234,12.8035755,-9.819338,11.973203,-13.012424,11.362026,-10.614129,13.34162,-6.822832,13.897331,-11.114846,14.161757,5.6096425,20.081411,15.70041,23.409803
140,hungry,2F1C0515-EC8E-44C1-ABEA-E04EB475543A-1432143888-1.1-m-22-hu.wav,C:\Users\Lenovo\Desktop\Mindcloud\Final project\ML model\initial\hungry\2F1C0515-EC8E-44C1-ABEA-E04EB475543A-1432143888-1.1-m-22-hu.wav,7.0,0.014021946117281914,0.025305073708295822,0.22040571732954545,0.08662547989926013,173.89976478444203,64.70821740992604,-470.9407,102.781525,33.106293,17.87881,-8.252628,11.717789,-7.6034703,14.084928,-4.5312276,9.749963,-8.48291,6.996678,-18.700846,8.022215,-13.661972,7.569777,-17.62356,7.390171,-11.147131,5.7537546,-11.375208,10.304927,3.2433064,16.505554,-2.7856038,15.370307
141,tired,D4665929-8695-4655-927F-63F09B2D4CB8-1430726940-1.0-f-26-ti.wav,C:\Users\Lenovo\Desktop\Mindcloud\Final project\ML model\initial\tired\D4665929-8695-4655-927F-63F09B2D4CB8-1430726940-1.0-f-26-ti.wav,7.0,0.005401747766882181,0.007938758470118046,0.3362393465909091,0.12887418123067357,138.109582978573,78.2940050822967,-413.25275,80.12503,12.133255,25.786312,-13.676054,22.742289,4.7331805,17.088375,-30.3689,11.62729,-8.766409,11.125046,-14.7798395,9.007031,-7.5609674,8.769762,-10.912028,7.7483025,-9.228598,8.77595,-7.36364,8.626404,-5.898825,9.490441,-7.4512978,16.338305
142,hungry,21c07aff-0a8d-4e74-ad5e-e3c7f7bcb11b-1430105653796-1.7-m-04-hu.wav,C:\Users\Lenovo\Desktop\Mindcloud\Final project\ML model\initial\hungry\21c07aff-0a8d-4e74-ad5e-e3c7f7bcb11b-1430105653796-1.7-m-04-hu.wav,6.88,0.11656643450260162,0.12303037196397781,0.28074363425925924,0.08015012530620282,200.5963219988114,80.16580214382378,-117.281044,84.780464,15.364927,46.784317,-48.151886,16.255217,0.123113915,21.147848,-25.603956,14.054806,-15.1872,8.266487,-4.6132298,11.864163,-11.231356,8.38746,-15.653316,9.6706915,3.1907015,11.120869,-7.328303,12.181453,-7.6131473,6.8215265,-13.601809,9.865898
143,hungry,9CFD61B9-BF13-406D-8B2F-F73CFAAF25CB-1430927728-1.0-f-04-hu.wav,C:\Users\Lenovo\Desktop\Mindcloud\Final project\ML model\initial\hungry\9CFD61B9-BF13-406D-8B2F-F73CFAAF25CB-1430927728-1.0-f-04-hu.wav,7.0,0.07314559072256088,0.04152427613735199,0.13501420454545454,0.050581050400466177,173.77655478887408,47.308313836947626,-169.64409,84.32581,101.55677,34.586918,3.6308672,30.208036,9.86926,17.452908,-22.053614,21.240396,-12.955515,11.549204,-16.667482,10.367961,-15.381014,10.432776,-18.705622,12.367048,-14.41399,7.8375454,-17.887388,9.725305,-12.378389,8.339433,-14.756382,6.3825746
144,hungry,08E9485B-2772-444B-A636-77E14DD14A8C-1431493441-1.0-m-04-hu.wav,C:\Users\Lenovo\Desktop\Mindcloud\Final project\ML model\initial\hungry\08E9485B-2772-444B-A636-77E14DD14A8C-1431493441-1.0-m-04-hu.wav,7.0,0.08417104184627533,0.121249720454216,0.28025568181818183,0.079048275513301,203.47462006795442,80.7992913561841,-290.27505,166.4435,17.561771,23.749788,-32.07176,22.69176,-6.6785455,13.331546,-12.532708,20.03686,3.8815753,20.012892,-12.692341,12.835395,-10.515711,12.52903,-13.647737,7.950618,-8.567031,8.81874,0.6679528,7.8434386,-6.858052,10.203477,-1.2348045,9.969348
145,hungry,7A864194-4B6B-4850-ABBF-0C2A8170107B-1436846797-1.1-f-26-hu.wav,C:\Users\Lenovo\Desktop\Mindcloud\Final project\ML model\initial\hungry\7A864194-4B6B-4850-ABBF-0C2A8170107B-1436846797-1.1-f-26-hu.wav,7.0,0.10566632449626923,0.11569599062204361,0.2604048295454545,0.06537894306775914,178.38633090396138,91.52369559947958,-168.10255,127.31342,17.950876,32.65609,-32.97244,24.371096,-16.766481,21.99483,-8.83745,17.72073,-9.585835,10.713653,-19.245945,16.757732,-14.904492,9.741719,-13.352093,14.051728,3.556596,15.049019,-1.3343922,20.937124,0.44750872,16.04533,-12.126459,14.213924
146,hungry,0c8f14a9-6999-485b-97a2-913c1cbf099c-1430760394426-1.7-m-26-hu.wav,C:\Users\Lenovo\Desktop\Mindcloud\Final project\ML model\initial\hungry\0c8f14a9-6999-485b-97a2-913c1cbf099c-1430760394426-1.7-m-26-hu.wav,6.96,0.06814993172883987,0.08695341646671295,0.28461421301605505,0.14342011836919855,172.36107001652215,69.91921606244446,-257.64975,161.76472,14.235115,46.28227,-7.489188,34.379063,3.089426,21.048847,-18.932709,21.76194,2.086763,15.491886,-9.908246,11.993746,-15.064179,12.64902,-13.424424,7.922,-3.3440084,10.232311,-11.690647,8.091737,-5.079335,9.542838,-4.4606814,12.097309
147,hungry,50DC5FBC-AC95-44F2-B55F-E4E5FB03AC96-1430007668-1.0-m-26-hu.wav,C:\Users\Lenovo\Desktop\Mindcloud\Final project\ML model\initial\hungry\50DC5FBC-AC95-44F2-B55F-E4E5FB03AC96-1430007668-1.0-m-26-hu.wav,7.0,0.07656191289424896,0.08582989871501923,0.28454367897727273,0.07963937639370497,219.7116302606735,60.316754513552056,-204.25977,98.549904,3.0692708,30.109581,-42.769363,23.518278,-6.6716943,22.277292,-33.432785,20.438711,-2.5679147,11.856998,-4.8886757,14.26088,-12.795924,13.617018,-19.283417,14.778783,0.7377011,17.10984,5.3160605,22.213236,5.7695847,19.541412,-4.091508,15.62896
148,hungry,7616E8F4-B1A7-45A6-9A0C-C9BB2DE64FC3-1436868751-1.1-m-72-hu.wav,C:\Users\Lenovo\Desktop\Mindcloud\Final project\ML model\initial\hungry\7616E8F4-B1A7-45A6-9A0C-C9BB2DE64FC3-1436868751-1.1-m-72-hu.wav,7.0,0.09896381199359894,0.0794016495347023,0.36535866477272727,0.11767776007764469,204.98759172020905,73.98951810790078,-93.13122,66.317764,-3.6384752,36.667152,-26.809834,24.15319,-4.513834,11.457985,-13.545045,10.892483,0.5887564,12.466993,0.6606106,13.662474,-13.177559,8.742135,-8.805734,10.503852,-1.9408067,17.512156,-10.926071,15.769207,-0.33307245,16.838034,-0.62117374,16.655231
149,hungry,0D1AD73E-4C5E-45F3-85C4-9A3CB71E8856-1430742197-1.0-m-04-hu.wav,C:\Users\Lenovo\Desktop\Mindcloud\Final project\ML model\initial\hungry\0D1AD73E-4C5E-45F3-85C4-9A3CB71E8856-1430742197-1.0-m-04-hu.wav,7.0,0.07970577478408813,0.05037293955683708,0.21720969460227274,0.06381473329425569,205.53283328191856,71.50213869949893,-192.19334,92.43039,29.917807,25.348707,-41.140472,20.372581,-9.511506,14.838472,-39.476105,19.754421,-21.477516,15.3926935,8.396789,15.525005,-9.060335,11.509916,-8.7321825,13.290886,0.8469473,18.349726,-11.0273285,17.416327,1.557606,19.543009,-5.5137215,15.148629
150,tired,7A22229D-06C2-4AAA-9674-DE5DF1906B3A-1436891957-1.1-m-72-ti.wav,C:\Users\Lenovo\Desktop\Mindcloud\Final project\ML model\initial\tired\7A22229D-06C2-4AAA-9674-DE5DF1906B3A-1436891957-1.1-m-72-ti.wav,7.0,0.055734969675540924,0.06004748493432999,0.25875799005681815,0.08977340603605849,191.14158482029038,59.173344714532654,-212.31558,89.89085,18.429934,28.865362,-11.189399,19.193087,-15.864431,18.28448,-22.501293,14.913462,-21.26586,18.3702,-18.031464,10.900554,-10.299426,12.771272,-15.382654,6.941915,-2.4548407,13.000934,-6.55169,19.242134,3.9201202,17.655586,-2.012544,17.5175
151,hungry,AA2CA7F6-4547-4CC0-AA4C-5D7B64727FB5-1437123487-1.1-f-26-hu.wav,C:\Users\Lenovo\Desktop\Mindcloud\Final project\ML model\initial\hungry\AA2CA7F6-4547-4CC0-AA4C-5D7B64727FB5-1437123487-1.1-f-26-hu.wav,7.0,0.11546479165554047,0.05597183108329773,0.5111905184659091,0.10424362619487022,223.72792968454317,61.75884488531944,-130.37704,44.684025,-33.92257,22.749111,-28.492,19.958529,5.1708727,14.494638,-21.166088,12.327396,23.070452,10.283336,-27.173855,7.5721917,15.510462,8.121669,-10.727496,15.880579,6.206511,19.080008,6.1716723,18.12202,-2.8273613,19.482075,-4.0096054,18.706785
152,hungry,B2A105BB-347B-4878-A735-AA4ECF32CD16-1436864116-1.1-m-26-hu.wav,C:\Users\Lenovo\Desktop\Mindcloud\Final project\ML model\initial\hungry\B2A105BB-347B-4878-A735-AA4ECF32CD16-1436864116-1.1-m-26-hu.wav,7.0,0.16475816071033478,0.10816844552755356,0.41930042613636365,0.1012167193476333,209.58030299988962,63.11138553828106,-65.52604,60.0795,-29.635515,28.575764,-25.714554,21.556446,1.002084,13.953124,-20.33114,13.775693,16.502787,9.481891,-18.362143,11.696744,-0.63100594,14.032668,-6.239936,11.473576,2.040751,14.418952,-4.155937,17.309797,5.9687886,18.518282,-11.598472,15.938572
153,hungry,4be720ce-a5e5-4a48-930f-a212f8a239f6-1434774947458-1.7-f-48-hu.wav,C:\Users\Lenovo\Desktop\Mindcloud\Final project\ML model\initial\hungry\4be720ce-a5e5-4a48-930f-a212f8a239f6-1434774947458-1.7-f-48-hu.wav,6.78,0.043884772807359695,0.04235175997018814,0.2299251916273585,0.07257162575328216,180.99915524033466,59.33557424671251,-303.0704,135.08177,28.634151,42.31112,-57.54857,35.915817,-8.458921,16.59112,-22.405048,21.653257,7.662958,12.892138,-18.062218,14.043665,7.8362722,9.512861,-8.632071,12.235095,-1.1665851,8.991588,-17.405941,10.851561,-4.233501,18.50216,5.8667684,16.343704
154,hungry,ad7fd28b-3e85-4e9b-9e18-af4bda64c60f-1430756389867-1.7-m-72-hu.wav,C:\Users\Lenovo\Desktop\Mindcloud\Final project\ML model\initial\hungry\ad7fd28b-3e85-4e9b-9e18-af4bda64c60f-1430756389867-1.7-m-72-hu.wav,6.86,0.08091239631175995,0.07737293839454651,0.2827284071180556,0.0750413915343678,186.5970696313037,70.97386918743751,-169.77579,91.78166,34.447887,21.29354,-60.266182,27.942608,5.445865,14.596626,-45.776176,22.11924,5.2463336,14.502955,-18.71162,10.352221,-8.225344,5.5574117,-11.126021,8.786317,-12.682253,7.6193275,-18.302,7.6252303,-3.7482874,7.5814123,-11.45362,7.457104
155,tired,b4c460d8-bd6b-4017-9bb8-2ae4ff0c5af1-1430418266487-1.7-f-26-ti.wav,C:\Users\Lenovo\Desktop\Mindcloud\Final project\ML model\initial\tired\b4c460d8-bd6b-4017-9bb8-2ae4ff0c5af1-1430418266487-1.7-f-26-ti.wav,6.92,0.29598093032836914,0.13293041288852692,0.15470004300458715,0.08063474869372958,187.05616819026022,54.21457193685498,-105.41683,61.50601,85.75628,43.69073,-22.089485,30.001413,-34.409203,25.327484,-39.69862,23.60319,-25.67295,13.532568,-13.791658,14.843429,-14.0655575,12.536122,-13.336783,15.6485,-0.06629016,11.748356,-11.438233,13.803128,1.3911985,14.60502,8.030728,21.593452
156,hungry,8c920fd0-fa9f-4926-bcac-074767dcbfcd-1436856382717-1.7-m-04-hu.wav,C:\Users\Lenovo\Desktop\Mindcloud\Final project\ML model\initial\hungry\8c920fd0-fa9f-4926-bcac-074767dcbfcd-1436856382717-1.7-m-04-hu.wav,6.66,0.029950985684990883,0.01755811832845211,0.18870442708333332,0.05035805638360843,192.7832799846149,52.83453434931008,-313.87808,103.594795,79.11378,28.725042,-73.43749,42.81314,-2.546181,21.60459,-31.4892,16.40618,0.67843306,12.41061,-23.214155,12.0349245,-12.250773,8.471576,-13.397346,7.272415,-13.386103,14.610638,2.249391,16.703411,11.305994,19.298454,5.9581413,20.802622
157,hungry,8f4dbf5a-b504-4452-b6ac-94e646a6a052-1430735157938-1.7-f-72-hu.wav,C:\Users\Lenovo\Desktop\Mindcloud\Final project\ML model\initial\hungry\8f4dbf5a-b504-4452-b6ac-94e646a6a052-1430735157938-1.7-f-72-hu.wav,6.92,0.01720563881099224,0.017144981771707535,0.30519817947247707,0.11697896217859895,193.16052627116022,84.0034919086744,-325.20126,81.79331,18.309736,32.143528,-6.9978404,26.800882,-17.483456,15.083439,-10.452561,21.067064,10.902074,20.471518,-14.360836,13.972159,-7.9472775,17.195776,-17.915192,20.357677,-4.9569497,15.98583,-13.353908,11.318318,-2.4237697,9.494788,-10.790889,14.868359
158,tired,d6cda191-4962-4308-9a36-46d5648a95ed-1431587899682-1.7-m-04-ti.wav,C:\Users\Lenovo\Desktop\Mindcloud\Final project\ML model\initial\tired\d6cda191-4962-4308-9a36-46d5648a95ed-1431587899682-1.7-m-04-ti.wav,6.82,0.11003272980451584,0.10167618095874786,0.37298298773364486,0.10121867939409543,179.74918229949142,65.32136074645035,-212.82039,155.00946,-33.9803,45.177494,-79.00461,30.56212,-15.763538,23.668402,-4.9735293,17.395782,-6.1652117,11.638915,1.7277554,10.665336,0.54916257,8.592165,-12.404664,9.438096,0.23608242,7.3977537,-12.642754,11.382173,2.8310747,14.2914915,2.6246078,14.895025
159,hungry,64acb345-a61e-4ef3-a5a6-cf83c04b83f1-1430045478300-1.7-m-72-hu.wav,C:\Users\Lenovo\Desktop\Mindcloud\Final project\ML model\initial\hungry\64acb345-a61e-4ef3-a5a6-cf83c04b83f1-1430045478300-1.7-m-72-hu.wav,6.66,0.21593216061592102,0.16823603212833405,0.1842261904761905,0.056240768232508266,220.7641261695794,78.47309043641775,-154.42233,82.55211,60.619713,32.217056,-35.985806,23.341576,-19.457645,23.546202,-37.732227,24.073233,-23.321367,19.653055,-13.056623,11.8395195,-4.1160965,11.753706,4.730281,15.604615,14.696317,16.182129,4.702323,18.676033,-9.382898,15.001424,-15.653919,14.956795
160,hungry,92d08bbe-553f-4844-85b1-15d572f06ea2-1436873211119-1.7-m-04-hu.wav,C:\Users\Lenovo\Desktop\Mindcloud\Final project\ML model\initial\hungry\92d08bbe-553f-4844-85b1-15d572f06ea2-1436873211119-1.7-m-04-hu.wav,6.78,0.06115838140249252,0.049923647195100784,0.13072578862028303,0.0506399165218128,169.23639629576334,63.86034325930922,-206.73747,82.78344,83.65435,30.062948,-5.6611185,41.70212,10.81531,21.709978,-16.63715,22.069796,0.28606957,7.9469075,-7.0498147,11.512415,-1.8383256,8.701256,-12.150426,10.782317,-11.211406,11.324899,-12.565613,13.717204,-8.161517,13.323452,-6.1382804,17.76943
161,hungry,549a46d8-9c84-430e-ade8-97eae2bef787-1430130714659-1.7-m-48-hu.wav,C:\Users\Lenovo\Desktop\Mindcloud\Final project\ML model\initial\hungry\549a46d8-9c84-430e-ade8-97eae2bef787-1430130714659-1.7-m-48-hu.wav,6.86,0.007492509670555592,0.008998825214803219,0.22649016203703703,0.08235199442753594,186.2596693976157,67.65751921481163,-494.8938,146.5288,39.58316,25.166805,-53.565502,39.756737,-3.1968439,11.684728,-33.821285,16.666098,0.47846562,9.0634775,-2.2149284,11.663577,-3.9612534,9.087662,-9.328854,10.595859,-8.11005,7.125511,-11.615003,8.7629,2.2512267,12.830408,15.458637,19.657942
162,hungry,0f257dac-7d6f-4575-9192-e3b4dcd3d4ef-1430185441581-1.7-f-26-hu.wav,C:\Users\Lenovo\Desktop\Mindcloud\Final project\ML model\initial\hungry\0f257dac-7d6f-4575-9192-e3b4dcd3d4ef-1430185441581-1.7-f-26-hu.wav,6.96,0.06331897526979446,0.045100439339876175,0.20513188073394495,0.0682071003329004,136.34689596596786,54.795384851424714,-171.41081,109.78197,53.33875,28.535847,-5.816722,33.981194,23.653149,24.671743,-4.3031106,22.967447,16.753593,16.738281,-6.5688562,14.111267,-5.5826216,11.090805,-5.43292,11.759198,1.0529032,13.012852,-4.4501963,12.1278,-4.275534,11.882376,-10.55229,8.480392
163,hungry,7b23d26e-6f97-4e8b-b520-a9fdde21ee91-1432261716253-1.7-m-48-hu.wav,C:\Users\Lenovo\Desktop\Mindcloud\Final project\ML model\initial\hungry\7b23d26e-6f97-4e8b-b520-a9fdde21ee91-1432261716253-1.7-m-48-hu.wav,6.96,0.2055651843547821,0.08394403755664825,0.25532181766055045,0.1335179482507169,224.36949185232058,57.298844447844225,-109.62277,109.42886,18.314585,52.84521,-36.583473,28.247997,-3.144604,25.829226,-38.28081,22.280006,-7.6825476,15.285496,-14.075536,14.05657,-17.494406,12.890244,-5.256335,16.675386,12.74326,14.819092,10.055804,21.769928,7.2704396,18.240648,-22.199055,14.467373
164,hungry,B327333E-2DE2-4833-A75A-4C576208BED3-1430087443-1.0-f-48-hu.wav,C:\Users\Lenovo\Desktop\Mindcloud\Final project\ML model\initial\hungry\B327333E-2DE2-4833-A75A-4C576208BED3-1430087443-1.0-f-48-hu.wav,7.0,0.006365735083818436,0.0015815035440027714,0.199609375,0.029691121003753245,167.39899876475883,87.03102802833664,-282.50052,20.87437,52.938396,9.545629,-12.577805,5.3395634,5.4138093,4.2316084,-22.256895,7.0162115,-11.728545,3.3924081,-20.26496,4.026216,-16.75863,3.406142,-22.914984,2.8009706,-15.00651,2.5458596,-15.6954775,2.9007502,-5.009905,3.505889,-12.649283,4.5901895
165,hungry,7B924575-21FC-462A-969E-BABB46D1CBF5-1430055243-1.0-f-72-hu.wav,C:\Users\Lenovo\Desktop\Mindcloud\Final project\ML model\initial\hungry\7B924575-21FC-462A-969E-BABB46D1CBF5-1430055243-1.0-f-72-hu.wav,7.0,0.06484880298376083,0.05042974650859833,0.25197088068181817,0.09577359923840462,224.68787949604007,63.99784086879496,-213.91098,130.03246,18.520163,30.163294,-48.964638,34.55167,-21.60409,21.96683,-19.2077,17.720694,0.2688152,12.5803995,-31.783796,11.582388,-4.6984487,9.4470415,-3.0399165,15.827235,19.359276,21.876911,-1.6968915,17.817965,-10.114135,18.973469,-10.007793,14.631274
166,hungry,F4A0C710-AC2D-42E0-8EA9-3E4CAC31EE20-1430318390-1.0-m-04-hu.wav,C:\Users\Lenovo\Desktop\Mindcloud\Final project\ML model\initial\hungry\F4A0C710-AC2D-42E0-8EA9-3E4CAC31EE20-1430318390-1.0-m-04-hu.wav,7.0,0.06719174981117249,0.04659203067421913,0.2098721590909091,0.046834115518091524,204.60962321028256,53.168027701215344,-200.40073,89.413925,20.583311,26.751814,-46.988476,22.969093,-19.826174,15.09618,-22.34786,11.16843,8.649549,11.752249,-12.977285,15.871435,-13.566065,12.781909,-18.708794,10.863154,-17.062214,10.829072,-13.852002,9.600152,0.42666072,17.350235,14.563577,24.361147
167,hungry,4D43D6CD-C084-4081-ABF3-8B25951B2D75-1430146631-1.0-m-04-hu.wav,C:\Users\Lenovo\Desktop\Mindcloud\Final project\ML model\initial\hungry\4D43D6CD-C084-4081-ABF3-8B25951B2D75-1430146631-1.0-m-04-hu.wav,7.0,0.04891170188784599,0.046009812504053116,0.2801091974431818,0.11135476073457871,201.87769498190048,56.52881071705949,-267.7812,117.6651,16.661264,24.469965,-31.6239,23.15238,-9.488324,13.227938,-34.510864,17.684155,9.862299,11.616552,-15.493475,11.082803,-20.110952,12.665092,-14.646792,14.392399,-5.0343523,18.775965,4.9210668,21.032967,5.015163,18.749657,0.1243476,21.660793
168,hungry,3030d0e9-0c9b-4616-9b83-f10dc2dedbfd-1430326171876-1.7-m-26-hu.wav,C:\Users\Lenovo\Desktop\Mindcloud\Final project\ML model\initial\hungry\3030d0e9-0c9b-4616-9b83-f10dc2dedbfd-1430326171876-1.7-m-26-hu.wav,6.76,0.027843791991472244,0.04148901253938675,0.355579304245283,0.14273644270558974,187.90945587432208,73.17895179573394,-301.769,146.46567,4.2159557,27.52625,-14.92426,23.851946,-2.3901591,16.268026,-40.649837,17.246822,16.142147,13.822328,-30.195265,12.318715,2.405719,8.322142,-10.327955,11.427331,-10.056945,10.927923,-4.643311,9.276266,-2.2544725,14.015449,-0.4586145,12.992171
169,hungry,1445575b-80ad-477b-8e48-36194cac728e-1430244987914-1.7-f-48-hu.wav,C:\Users\Lenovo\Desktop\Mindcloud\Final project\ML model\initial\hungry\1445575b-80ad-477b-8e48-36194cac728e-1430244987914-1.7-f-48-hu.wav,6.78,0.0353386290371418,0.027295058593153954,0.16243182488207547,0.032692346117683985,213.71385905386683,80.71707908775376,-239.46434,91.1422,79.9272,17.037945,-33.104168,23.65596,-32.595684,18.478785,-28.143646,15.113602,-15.184041,11.515939,-13.798897,8.592573,-8.001901,7.9769278,-17.772007,10.226447,-7.196209,9.110177,-13.920262,7.232501,-9.529211,5.387887,-7.8531666,6.827446
170,hungry,218e6fd7-f9c5-4490-afd7-c4fba174e7d2-1430209252819-1.7-m-72-hu.wav,C:\Users\Lenovo\Desktop\Mindcloud\Final project\ML model\initial\hungry\218e6fd7-f9c5-4490-afd7-c4fba174e7d2-1430209252819-1.7-m-72-hu.wav,7.06,0.01175766158849001,0.01762746088206768,0.12563344594594594,0.05916624508549837,140.6674944713083,75.8428704413407,-422.72168,129.42325,60.230534,21.201342,10.297587,17.696585,8.276474,15.0462265,-14.139596,22.94991,-6.509392,10.753511,-10.994768,9.375052,-4.1940355,6.0907407,-11.19138,6.7334204,-8.234507,4.7048764,-6.2605996,12.964551,-9.442657,8.874304,-11.519301,9.585339
171,hungry,3c51dedc-6e4c-47dd-a179-86a25e95f1ef-1430651049104-1.7-m-72-hu.wav,C:\Users\Lenovo\Desktop\Mindcloud\Final project\ML model\initial\hungry\3c51dedc-6e4c-47dd-a179-86a25e95f1ef-1430651049104-1.7-m-72-hu.wav,7.06,0.2037375569343567,0.15598194301128387,0.22800095016891891,0.10076071440583488,193.90293292219835,45.889300695317374,-195.399,104.051445,63.500553,45.470787,-36.13098,35.303204,-3.3519435,21.95194,-6.1900396,15.391964,-16.671116,24.131681,-13.684116,12.57958,1.0988351,15.431198,-20.341972,11.90186,-6.4210463,18.095062,-6.8700194,23.01664,11.950489,22.372318,0.22737238,25.41472
172,hungry,C249BCDD-0F65-4D6A-82BE-43C4006E3DDB-1436891733-1.1-m-72-hu.wav,C:\Users\Lenovo\Desktop\Mindcloud\Final project\ML model\initial\hungry\C249BCDD-0F65-4D6A-82BE-43C4006E3DDB-1436891733-1.1-m-72-hu.wav,7.0,0.026689887046813965,0.03680868446826935,0.29915660511363634,0.09517099325992905,193.74136852324872,69.18483463871617,-229.2122,90.9576,25.028528,24.650194,-7.2584324,11.502054,-4.5604963,12.171886,-28.815914,13.64893,-14.393147,13.6762295,-9.932816,11.3447,-14.363377,9.282183,-13.991256,10.703861,-10.788674,9.764171,-16.215471,15.84663,-5.1284666,14.507385,-12.316281,9.886474
173,hungry,3bb2445a-9ae9-4dc8-9a2e-86c696ffa405-1430146536552-1.7-m-26-hu.wav,C:\Users\Lenovo\Desktop\Mindcloud\Final project\ML model\initial\hungry\3bb2445a-9ae9-4dc8-9a2e-86c696ffa405-1430146536552-1.7-m-26-hu.wav,6.86,0.08273652195930481,0.05684150010347366,0.38316062644675924,0.06995281167088882,206.88529911350335,57.87598942350309,-125.452194,94.06245,-13.275861,29.847296,-42.448296,17.438227,-4.6922493,16.627934,-29.343496,14.022112,-7.889614,11.365755,-23.478731,8.530375,1.9175044,9.111974,-23.190895,9.573767,2.954511,8.307124,-8.331694,11.377098,11.612978,16.691969,-2.9342754,18.663288
174,hungry,adcefe56-90b1-4120-83b1-93008cb6f7f0-1430731683554-1.7-m-04-hu.wav,C:\Users\Lenovo\Desktop\Mindcloud\Final project\ML model\initial\hungry\adcefe56-90b1-4120-83b1-93008cb6f7f0-1430731683554-1.7-m-04-hu.wav,6.94,0.14882582426071167,0.09506036341190338,0.32102028383027525,0.18979830297081704,229.39950997804635,60.100911305564715,-143.07085,140.7896,-10.11468,45.05903,0.80156976,25.45591,-22.392488,15.501271,-37.378178,18.377369,-9.362843,13.9713125,-15.22755,13.913679,-18.460537,17.57057,2.699148,11.391945,17.718502,14.315334,6.0348425,15.4650135,5.8765826,12.933092,-20.10394,12.8800125
175,hungry,602b06a7-31f0-4370-b35a-9cc81d205958-1430739609286-1.7-f-72-hu.wav,C:\Users\Lenovo\Desktop\Mindcloud\Final project\ML model\initial\hungry\602b06a7-31f0-4370-b35a-9cc81d205958-1430739609286-1.7-f-72-hu.wav,6.86,0.38019561767578125,0.1764468252658844,0.15077039930555555,0.02138171946931805,255.22385238080736,58.28199353244411,-138.93802,103.78932,63.386124,22.58666,-61.508183,23.620182,-19.839,11.97556,-34.744644,8.057298,-15.266052,7.5627007,-23.815748,10.94911,-2.5606546,13.963369,14.291713,22.06359,22.127918,15.426144,0.7963488,19.95928,-11.205068,23.427715,-9.379255,11.69307
176,hungry,FF2CD2F6-404D-4626-8718-6E6C751F63B8-1431104360-1.0-m-04-hu.wav,C:\Users\Lenovo\Desktop\Mindcloud\Final project\ML model\initial\hungry\FF2CD2F6-404D-4626-8718-6E6C751F63B8-1431104360-1.0-m-04-hu.wav,7.0,0.07247105985879898,0.04855424538254738,0.19092240767045454,0.03150251809045947,199.0226322452646,57.42389647179419,-183.22221,85.668144,37.09835,23.860764,-43.099327,25.300127,-18.757578,12.229249,-32.684177,11.836171,-16.359821,14.190197,-4.5383244,12.406064,-12.827964,14.996243,-16.631624,15.142677,-15.558677,10.832493,-7.6191583,13.342228,5.0283504,18.869196,9.158359,18.234863
177,hungry,1abb2260-a652-4ba7-bd98-7d463312730f-1430041727150-1.7-m-04-hu.wav,C:\Users\Lenovo\Desktop\Mindcloud\Final project\ML model\initial\hungry\1abb2260-a652-4ba7-bd98-7d463312730f-1430041727150-1.7-m-04-hu.wav,6.9,0.17495492100715637,0.0798601359128952,0.1884223090277778,0.1290237684554289,167.48154355388147,38.47805292465879,-197.19221,111.7066,36.58,34.907803,-5.468075,21.350765,-3.1760836,20.55705,-54.870865,23.43692,11.17688,12.60104,-41.520046,15.981175,-2.7986736,9.239221,-20.244202,10.956399,-2.0496485,6.669256,-14.625551,8.437137,-4.145892,11.000068,6.911251,15.667337
178,hungry,F3BAEDDA-CDC0-4A65-90EE-5C372CEE4F3B-1437012076-1.1-f-26-hu.wav,C:\Users\Lenovo\Desktop\Mindcloud\Final project\ML model\initial\hungry\F3BAEDDA-CDC0-4A65-90EE-5C372CEE4F3B-1437012076-1.1-f-26-hu.wav,7.0,0.024142049252986908,0.026837322860956192,0.1932439630681818,0.08729862293139112,146.9829019807358,54.899121935058616,-219.9031,52.823807,46.72699,23.493488,-19.273785,12.744128,1.3063873,11.289617,-21.22152,7.9346156,-7.750461,7.4877415,-16.135563,8.586785,-13.06906,6.4658546,-19.661278,6.702215,-8.291515,7.6465874,-14.007252,7.945438,-10.374463,10.370146,-18.667425,5.9435554
179,hungry,FF2CD2F6-404D-4626-8718-6E6C751F63B8-1431104396-1.0-m-04-hu.wav,C:\Users\Lenovo\Desktop\Mindcloud\Final project\ML model\initial\hungry\FF2CD2F6-404D-4626-8718-6E6C751F63B8-1431104396-1.0-m-04-hu.wav,7.0,0.05092329904437065,0.04012226685881615,0.19609818892045455,0.05186754252276643,184.51158352991484,45.5492328767567,-240.34924,85.501366,51.19982,13.488138,-29.55825,14.642888,-14.5678625,16.837667,-39.17692,15.506797,-18.706097,8.911363,-5.853694,10.731737,-21.106878,8.649711,-17.89274,7.537783,-14.247944,7.8918605,-16.418821,11.361846,10.029688,18.304937,7.6305466,20.796087
180,discomfort,10A40438-09AA-4A21-83B4-8119F03F7A11-1430925142-1.0-f-26-dc.wav,C:\Users\Lenovo\Desktop\Mindcloud\Final project\ML model\initial\discomfort\10A40438-09AA-4A21-83B4-8119F03F7A11-1430925142-1.0-f-26-dc.wav,7.0,0.15982086956501007,0.11082771420478821,0.2116299715909091,0.051554411022679825,223.61551338250703,55.924623837701425,-92.71485,109.84325,19.822575,33.447296,-47.350857,25.264183,-30.2452,24.176647,-21.855501,23.807568,-8.129131,13.764969,-14.099007,14.107287,-8.989731,11.881893,-17.49273,16.23593,-0.15256049,24.984468,7.399752,22.229588,7.6918774,22.432808,-6.398169,19.34278
181,hungry,63CA92F7-973A-4DCA-A410-7B19811A2478-1430041902-1.0-f-26-hu.wav,C:\Users\Lenovo\Desktop\Mindcloud\Final project\ML model\initial\hungry\63CA92F7-973A-4DCA-A410-7B19811A2478-1430041902-1.0-f-26-hu.wav,7.0,0.008874456398189068,0.015452194027602673,0.21818625710227274,0.07221585555252308,157.57155577334586,74.23208546018735,-429.41293,129.55765,36.714798,28.299276,-14.191538,23.050116,-1.670491,11.932665,-22.478855,14.231302,-9.120334,16.16238,-27.395538,7.5024,-19.638466,9.00527,-16.96018,7.600955,-9.71257,7.3801336,-8.4376,8.646749,-7.0729227,6.9347215,-5.0369616,7.0265064
182,hungry,37105492-58b1-432e-a1ce-ea154425abab-1430744728397-1.7-f-26-hu.wav,C:\Users\Lenovo\Desktop\Mindcloud\Final project\ML model\initial\hungry\37105492-58b1-432e-a1ce-ea154425abab-1430744728397-1.7-f-26-hu.wav,6.9,0.00951465405523777,0.017402159050107002,0.2176784939236111,0.06955716600904889,185.49934386481786,81.69043346666206,-509.06555,145.25429,42.115284,23.42872,-46.194138,46.84265,-6.4824586,15.416651,3.6286237,18.012148,4.106884,10.377339,-15.687748,14.224568,-8.827646,7.2471113,-3.742195,9.333506,1.608513,13.35834,-4.847994,7.428639,-6.1328106,8.66054,-7.060246,10.425396
183,hungry,1259bcad-2308-46fa-9a36-b5d8f359886a-1430143668806-1.7-f-04-hu.wav,C:\Users\Lenovo\Desktop\Mindcloud\Final project\ML model\initial\hungry\1259bcad-2308-46fa-9a36-b5d8f359886a-1430143668806-1.7-f-04-hu.wav,6.86,0.06822386384010315,0.04951608553528786,0.19205277054398148,0.05389679694118976,225.0493572816274,54.74219380335252,-238.92372,116.040115,74.55706,35.08472,-61.093487,34.580357,-26.048807,28.497824,-24.484463,17.716948,14.44392,18.79909,-24.376293,13.011598,-10.412311,9.8027115,-23.23928,12.188016,7.201206,11.442212,3.063728,16.424349,2.4790149,13.230104,-16.713041,8.98247
184,hungry,F95D4BCE-2FB0-4A0C-A058-BFB0674539AF-1430055800-1.0-m-26-hu.wav,C:\Users\Lenovo\Desktop\Mindcloud\Final project\ML model\initial\hungry\F95D4BCE-2FB0-4A0C-A058-BFB0674539AF-1430055800-1.0-m-26-hu.wav,7.0,0.10499336570501328,0.12250059843063354,0.2354669744318182,0.11803322400284104,188.18815464376408,60.00602018418305,-150.36386,88.60841,30.2236,50.249493,-3.7513125,19.312973,16.648777,19.214205,-5.5117445,12.764831,-7.347704,9.461958,-13.3049,12.410839,-9.960064,14.431807,-22.35407,8.668557,-10.409046,9.058854,-16.357613,7.753781,-8.513063,12.20991,-1.806008,18.326986
185,hungry,c7fef089-4a65-4b75-bfd4-bae0e3518adf-1430754388848-1.7-m-04-hu.wav,C:\Users\Lenovo\Desktop\Mindcloud\Final project\ML model\initial\hungry\c7fef089-4a65-4b75-bfd4-bae0e3518adf-1430754388848-1.7-m-04-hu.wav,6.72,0.08593747019767761,0.08635402470827103,0.22910064121462265,0.1094842127954757,164.77607251061963,58.68056424870838,-219.71599,148.40105,27.020721,33.609882,-22.63814,29.810268,-4.450904,28.894215,-26.923203,24.880648,-10.361595,16.923618,-2.5531445,13.790147,-11.917593,10.636914,-12.987612,9.150768,-1.5920012,8.403525,-13.6227865,13.817412,13.510565,17.257278,1.7267427,14.837705
186,hungry,AE02C934-F4E5-4C73-818D-56AA6887EC18-1430279454-1.0-m-26-hu.wav,C:\Users\Lenovo\Desktop\Mindcloud\Final project\ML model\initial\hungry\AE02C934-F4E5-4C73-818D-56AA6887EC18-1430279454-1.0-m-26-hu.wav,7.0,0.003042450174689293,0.0026975120417773724,0.31532759232954544,0.08942976177768854,209.9931389949549,53.15372888179847,-413.971,59.22704,11.476852,27.47533,-27.491062,15.556703,-5.2865624,19.774693,-3.9228518,12.711847,-5.445428,10.716817,-11.66361,13.864591,-13.24323,10.945757,-17.124563,8.785586,-10.916795,9.407138,-22.156113,9.664174,-7.987526,12.1237,-15.300186,7.8200674
187,tired,1309B82C-F146-46F0-A723-45345AFA6EA8-1430059864-1.0-f-04-ti.wav,C:\Users\Lenovo\Desktop\Mindcloud\Final project\ML model\initial\tired\1309B82C-F146-46F0-A723-45345AFA6EA8-1430059864-1.0-f-04-ti.wav,7.0,0.022245902568101883,0.014354090206325054,0.255517578125,0.09816518993162875,183.7442832119481,63.79060021000557,-217.48273,78.725685,15.069839,31.368559,-17.407988,19.5986,-11.459912,13.516985,-6.557859,9.469317,2.3200474,8.351644,-2.487232,6.896153,-2.6899574,7.8370404,-19.658037,5.5343585,-1.6195884,8.416431,-16.334658,7.9311643,-8.144037,10.799479,-11.237908,12.247275
188,hungry,771fa0cc-4535-471b-9cec-d26deff8d567-1429803644891-1.7-m-04-hu.wav,C:\Users\Lenovo\Desktop\Mindcloud\Final project\ML model\initial\hungry\771fa0cc-4535-471b-9cec-d26deff8d567-1429803644891-1.7-m-04-hu.wav,6.82,0.13390974700450897,0.08335663378238678,0.28060200058411217,0.07325544369002883,189.34483738610322,54.55432116784703,-150.67447,102.11799,21.7266,20.719301,-45.074226,15.163176,-4.251896,14.662593,-40.340153,17.934935,-4.049808,7.0809927,-0.70288616,7.621713,-0.124598876,8.069342,-30.421616,9.754778,11.512842,6.779951,-14.972847,8.956386,-23.625086,11.5450945,-0.09074918,12.291896
189,discomfort,999bf14b-e417-4b44-b746-9253f81efe38-1430844994519-1.7-m-04-ch.wav,C:\Users\Lenovo\Desktop\Mindcloud\Final project\ML model\initial\discomfort\999bf14b-e417-4b44-b746-9253f81efe38-1430844994519-1.7-m-04-ch.wav,6.9,0.05197802186012268,0.05906032770872116,0.1416558159722222,0.040452067051607005,191.76389582532636,61.56833626623536,-293.53226,113.869865,100.38008,34.312355,-58.37349,33.231773,1.4561586,16.058409,-40.30678,23.57297,-22.655346,12.181043,-5.2768917,8.028357,-6.994253,8.30957,-1.9810153,9.433128,-6.643415,9.415523,-18.037796,11.210626,-5.967915,13.4427595,-0.43915045,18.512894
190,hungry,3bb2445a-9ae9-4dc8-9a2e-86c696ffa405-1430122381138-1.7-m-26-hu.wav,C:\Users\Lenovo\Desktop\Mindcloud\Final project\ML model\initial\hungry\3bb2445a-9ae9-4dc8-9a2e-86c696ffa405-1430122381138-1.7-m-26-hu.wav,6.92,0.03652939572930336,0.027445469051599503,0.22156769638761467,0.0664942244160601,189.25368568339775,74.67892419706362,-184.83759,68.062805,46.25151,18.762272,-13.051043,15.165782,12.512103,9.850483,-29.510355,15.507537,-17.659178,14.809447,-25.638762,8.76796,-6.531052,7.1543674,-20.343395,6.899453,5.2323294,9.624379,-16.77614,8.693873,-4.1235933,9.911269,-10.155839,10.647304
191,hungry,9CFD61B9-BF13-406D-8B2F-F73CFAAF25CB-1430927704-1.0-f-04-hu.wav,C:\Users\Lenovo\Desktop\Mindcloud\Final project\ML model\initial\hungry\9CFD61B9-BF13-406D-8B2F-F73CFAAF25CB-1430927704-1.0-f-04-hu.wav,7.0,0.06602523475885391,0.05285835266113281,0.15153586647727274,0.051167310347845184,205.87349408733215,52.51858407011487,-208.77594,102.69857,79.49685,34.152607,5.4632506,18.396248,-13.363941,25.972597,-26.241104,19.157804,-6.4507446,15.552638,-17.630857,7.2625866,-13.482863,8.651572,-15.062532,9.024667,-3.9243803,13.616811,-4.966936,19.854113,-4.611992,15.730569,-15.284886,9.525929
192,hungry,1f40790f-68f2-4e7e-845e-715bd97c82d0-1429979603276-1.7-m-72-hu.wav,C:\Users\Lenovo\Desktop\Mindcloud\Final project\ML model\initial\hungry\1f40790f-68f2-4e7e-845e-715bd97c82d0-1429979603276-1.7-m-72-hu.wav,6.72,0.01427996251732111,0.02103767730295658,0.2525012897995283,0.11568596817090337,157.84082218903325,66.43271308957054,-295.708,105.408195,33.189068,28.4353,4.9109335,19.132814,-9.0979185,13.700226,-5.5010967,10.330159,-10.853431,12.562644,-11.984397,8.82742,-13.449387,9.544477,-8.6723585,7.970632,-6.690667,7.07691,-12.647393,7.3342733,-8.203829,7.531987,-10.076532,8.042434
193,hungry,DB95BF4A-E3E5-4429-A660-DBBCF486E6DF-1430664633-1.0-f-72-hu.wav,C:\Users\Lenovo\Desktop\Mindcloud\Final project\ML model\initial\hungry\DB95BF4A-E3E5-4429-A660-DBBCF486E6DF-1430664633-1.0-f-72-hu.wav,7.0,0.011136007495224476,0.014060921967029572,0.2317782315340909,0.07841841462580398,194.9836964984801,72.88647390173105,-358.97824,82.69934,42.275883,19.691998,-39.168003,23.574598,-9.134445,19.957664,-20.318462,13.636533,-31.488354,13.2957,-13.678589,9.644213,-8.109287,13.471361,-17.071924,14.672712,-0.62428373,15.641445,-6.806546,16.35718,-8.952827,12.924852,-3.5171757,10.46757
194,hungry,c10e2b0f-0cb8-4485-b82f-d453edf97db7-1430739158854-1.7-f-26-hu.wav,C:\Users\Lenovo\Desktop\Mindcloud\Final project\ML model\initial\hungry\c10e2b0f-0cb8-4485-b82f-d453edf97db7-1430739158854-1.7-f-26-hu.wav,6.86,0.0007233641808852553,0.0011869672453030944,0.11949779369212964,0.04552913471172633,124.09707278580628,43.80441469818005,-660.5762,77.7039,67.71464,32.711063,25.580801,27.055191,11.608269,14.3350935,1.5515141,13.69049,2.2943323,7.5617447,-1.4453096,5.5720973,-4.3446236,8.203325,-2.4969866,6.047925,-5.344858,6.479283,-3.7739642,5.822987,-3.4989457,7.9522653,-8.13972,6.8534365
195,hungry,c42e76b9-a4c1-48f6-a91d-27ab83015874-1430737177322-1.7-f-72-hu.wav,C:\Users\Lenovo\Desktop\Mindcloud\Final project\ML model\initial\hungry\c42e76b9-a4c1-48f6-a91d-27ab83015874-1430737177322-1.7-f-72-hu.wav,6.64,0.10348127782344818,0.12853337824344635,0.3760563777043269,0.13899929800607255,210.1830271390536,74.7584484384582,-315.1007,155.69,-5.37013,34.16459,-28.682426,33.779396,-13.967791,22.193493,-15.598742,18.564953,-10.436013,11.839112,-0.66952664,19.64232,4.9028068,16.288092,-0.25203145,11.329687,4.4591727,20.801844,-7.4248533,9.142719,-7.2385383,12.377327,-4.6588855,11.458762
196,hungry,9fe37482-6a64-401d-b8b9-3e47d6ed9ac0-1430047373513-1.7-f-26-hu.wav,C:\Users\Lenovo\Desktop\Mindcloud\Final project\ML model\initial\hungry\9fe37482-6a64-401d-b8b9-3e47d6ed9ac0-1430047373513-1.7-f-26-hu.wav,6.92,0.08083540201187134,0.062169671058654785,0.25318054759174313,0.08366690822657778,198.91784975695657,54.82608155076453,-237.90605,136.37961,36.274277,21.574484,-68.08554,36.606995,-9.13796,20.473577,-31.664371,15.321259,-8.461486,18.600712,-6.6107793,12.505855,-4.8270884,13.478875,-20.244453,17.504263,6.5195384,11.765419,-10.337542,14.880367,15.205304,16.662905,13.561144,18.83114
197,hungry,19aae3d1-51c6-4ffb-aeb8-efb6ae7ba83e-1436861395462-1.7-m-48-hu.wav,C:\Users\Lenovo\Desktop\Mindcloud\Final project\ML model\initial\hungry\19aae3d1-51c6-4ffb-aeb8-efb6ae7ba83e-1436861395462-1.7-m-48-hu.wav,6.66,0.03718171268701553,0.04523962736129761,0.1855096726190476,0.06912736562624619,217.457900440743,66.25451038009811,-289.14532,143.35988,52.79549,22.08445,-37.85821,19.019075,-24.868797,24.646015,-24.11285,17.579216,8.027871,10.815847,-16.099878,10.130114,-2.7952247,8.754923,-19.74779,13.536871,-2.3114243,11.475895,-5.1053247,13.076982,2.8215065,16.830688,-5.792457,12.144428
198,hungry,6bd76f21-f279-4c46-9453-58c95e7b2475-1430767927715-1.7-m-72-hu.wav,C:\Users\Lenovo\Desktop\Mindcloud\Final project\ML model\initial\hungry\6bd76f21-f279-4c46-9453-58c95e7b2475-1430767927715-1.7-m-72-hu.wav,6.62,0.03869187831878662,0.02818908542394638,0.1230609600360577,0.038787664699924014,220.3022378285104,59.61027542564865,-379.5293,148.12766,90.10635,38.808357,-36.92674,36.46225,-27.843397,26.602972,-25.770958,13.271006,-10.493474,11.6739,-23.914122,10.7961855,-8.921984,11.964104,-19.380611,10.1862755,-6.827423,9.197477,-1.3719494,14.561384,4.1151814,10.79962,-11.575335,11.911587
199,tired,cecd525b-18fd-49e3-b2b9-dfb08b93ad95-1430110029205-1.7-m-26-ti.wav,C:\Users\Lenovo\Desktop\Mindcloud\Final project\ML model\initial\tired\cecd525b-18fd-49e3-b2b9-dfb08b93ad95-1430110029205-1.7-m-26-ti.wav,6.94,0.035491522401571274,0.041616953909397125,0.2210883744266055,0.0707101285338175,131.38111277405554,64.56217883911367,-229.12727,115.147705,45.913906,33.462063,-4.000342,31.794231,-2.1056285,20.510519,-17.76285,12.153386,20.44995,12.863009,-19.999464,9.711718,8.834708,8.265958,-7.482495,7.8435626,-8.917845,6.044343,-8.77272,6.574784,-18.178394,7.4022183,-7.509948,11.700801
200,hungry,40a4c760-facf-4911-b0a6-22eccc3ab18d-1430477756469-1.7-f-26-hu.wav,C:\Users\Lenovo\Desktop\Mindcloud\Final project\ML model\initial\hungry\40a4c760-facf-4911-b0a6-22eccc3ab18d-1430477756469-1.7-f-26-hu.wav,7.06,0.18251264095306396,0.09890186041593552,0.5288701787725225,0.21562220121348227,201.07426919194893,73.43920339393046,-45.426605,115.89332,-20.969425,37.88632,9.90271,21.660627,-24.937803,13.805995,-5.8926167,10.311673,-0.7335079,10.064201,-10.566613,15.978761,-17.745527,9.3132715,-6.036872,10.72065,-12.237586,9.082207,-13.877771,9.45397,-1.3010908,11.676583,-6.4227858,10.897256
201,hungry,602b06a7-31f0-4370-b35a-9cc81d205958-1430739585531-1.7-m-04-hu.wav,C:\Users\Lenovo\Desktop\Mindcloud\Final project\ML model\initial\hungry\602b06a7-31f0-4370-b35a-9cc81d205958-1430739585531-1.7-m-04-hu.wav,6.92,0.12714414298534393,0.12586121261119843,0.1537100415711009,0.029229736285162972,187.94304273916447,72.07240856010307,-150.1087,126.39028,77.17888,19.20992,-41.31779,31.961899,-9.365931,12.027838,-40.015617,12.5802555,-11.122624,14.306102,-26.457584,10.2893505,-1.1908174,9.188659,-19.237179,5.946868,-7.6055717,7.023259,-11.548369,11.866648,1.2042693,12.788401,-6.436857,13.783153
202,hungry,719bb382-a592-46b7-82d2-8b4a625263b7-1430376483385-1.7-m-48-hu.wav,C:\Users\Lenovo\Desktop\Mindcloud\Final project\ML model\initial\hungry\719bb382-a592-46b7-82d2-8b4a625263b7-1430376483385-1.7-m-48-hu.wav,6.94,0.005579513031989336,0.01281980611383915,0.22761969610091742,0.10238425954999898,153.71502379197375,80.45592754371036,-490.31024,136.78519,39.009872,32.796783,-32.258812,41.008503,5.357431,9.028556,-20.383286,20.097765,3.045764,13.231083,-8.875369,6.9378915,-9.206095,7.871177,-9.431412,5.0768027,-7.3887134,4.7229185,-6.2246933,7.2784424,-3.944924,5.315899,-10.782998,5.515483
203,hungry,3941D08C-5A97-48A4-8830-091D878137F6-1430099826-1.0-m-72-hu.wav,C:\Users\Lenovo\Desktop\Mindcloud\Final project\ML model\initial\hungry\3941D08C-5A97-48A4-8830-091D878137F6-1430099826-1.0-m-72-hu.wav,7.0,0.2120676040649414,0.08363866806030273,0.29789151278409093,0.06174691989344252,218.242445059369,53.786970320028615,-56.292866,55.774235,-0.9008352,22.081276,-35.47965,22.639551,-18.00416,27.563272,-6.472638,12.221211,5.1405334,9.848168,-11.096314,9.723744,4.128499,11.455668,-15.455952,13.530636,2.6645722,13.6543665,4.815725,13.430955,14.645148,18.83837,7.425277,16.64194
204,hungry,85FAB169-4DCC-406D-AC93-2F6A8D797DAB-1437632141-1.1-m-04-hu.wav,C:\Users\Lenovo\Desktop\Mindcloud\Final project\ML model\initial\hungry\85FAB169-4DCC-406D-AC93-2F6A8D797DAB-1437632141-1.1-m-04-hu.wav,7.0,0.08371540158987045,0.05064484477043152,0.3418323863636364,0.11269557231677138,235.93720951012943,58.224598287503525,-214.63141,162.89345,-19.513626,34.016663,-26.613981,19.844402,-0.17363477,14.6001625,-17.496384,10.357445,5.747113,10.677719,-23.367905,9.334257,7.1376653,12.330574,-5.035216,14.243142,17.70382,17.240118,10.449689,16.627058,-3.9230218,15.600379,-12.180842,12.976415
205,hungry,03abcb8f-400a-47d8-ad82-7e4586cc06be-1431864192133-1.7-f-48-hu.wav,C:\Users\Lenovo\Desktop\Mindcloud\Final project\ML model\initial\hungry\03abcb8f-400a-47d8-ad82-7e4586cc06be-1431864192133-1.7-f-48-hu.wav,6.98,0.19388103485107422,0.12388388812541962,0.2273837002840909,0.12957281838183052,207.13354603373054,70.30278896784613,-85.8716,125.26832,46.986645,48.830914,-18.539175,17.445047,-15.4550295,16.965057,-8.548255,11.166763,16.833778,11.003652,-12.207056,14.017754,-11.452157,12.2768135,-13.758394,12.802731,-3.8836105,13.090472,-7.5353737,15.192267,3.8972886,13.692853,-5.7911797,15.847575
206,hungry,8f4dbf5a-b504-4452-b6ac-94e646a6a052-1430729451597-1.7-f-72-hu.wav,C:\Users\Lenovo\Desktop\Mindcloud\Final project\ML model\initial\hungry\8f4dbf5a-b504-4452-b6ac-94e646a6a052-1430729451597-1.7-f-72-hu.wav,6.92,0.0007063498487696052,0.000765625387430191,0.2368567230504587,0.05647192866052,119.30875164056869,53.55034547116287,-530.6662,94.85886,36.033764,9.785182,3.9784806,10.59087,5.1435657,6.1536546,-8.847032,9.060862,-5.649689,5.2692623,-10.088673,5.8731647,-6.918763,5.5352163,-11.039002,5.3274336,-5.4918404,3.6884148,-9.163252,6.759758,-4.6207647,8.407453,-7.986084,5.984908
207,hungry,A123AD65-38D3-4A65-AB37-330034765840-1430093726-1.0-m-04-hu.wav,C:\Users\Lenovo\Desktop\Mindcloud\Final project\ML model\initial\hungry\A123AD65-38D3-4A65-AB37-330034765840-1430093726-1.0-m-04-hu.wav,7.0,0.026460593566298485,0.01903260499238968,0.14417613636363635,0.0705103980035927,175.90708099251538,51.24528822625251,-243.7464,53.042835,69.7766,30.224735,-6.7791004,17.68376,8.303889,13.154271,-4.751017,11.75019,-9.188598,11.674985,-20.207392,10.690182,-13.657234,9.091709,-16.246477,6.654591,-12.978735,5.956853,-18.50707,5.3626175,-16.636362,9.344767,-10.893509,8.151276
208,hungry,F2F97740-D638-4B6F-9E09-3AC65F06B448-1436849335-1.1-f-48-hu.wav,C:\Users\Lenovo\Desktop\Mindcloud\Final project\ML model\initial\hungry\F2F97740-D638-4B6F-9E09-3AC65F06B448-1436849335-1.1-f-48-hu.wav,7.0,0.02423875592648983,0.017508117482066154,0.1927556818181818,0.053988818526309684,107.01219762447151,62.85086410483412,-206.47525,56.618732,69.087135,19.528519,-24.282562,16.654066,-1.4962138,11.218522,-21.02645,13.020973,-11.253753,8.126182,-19.990114,8.531004,-16.188044,6.572265,-19.206036,7.411565,-11.866158,6.4846396,-9.843912,5.7815514,-6.9781995,8.7996645,-6.9302177,8.8338175
209,hungry,9CFD61B9-BF13-406D-8B2F-F73CFAAF25CB-1430927741-1.0-f-04-hu.wav,C:\Users\Lenovo\Desktop\Mindcloud\Final project\ML model\initial\hungry\9CFD61B9-BF13-406D-8B2F-F73CFAAF25CB-1430927741-1.0-f-04-hu.wav,7.0,0.10186668485403061,0.04619201272726059,0.22310901988636364,0.08899004382288325,173.03800290760122,47.50953316225873,-121.120056,77.56512,56.0422,38.835308,-15.581668,24.424421,2.3256056,15.972913,-22.672644,16.5611,-1.6651798,14.377752,-7.4932814,8.294047,-7.8390856,11.086465,-18.410429,10.201114,-18.693438,10.366316,-7.2946706,13.004026,1.230179,16.250862,-2.3631155,13.731654
210,hungry,3c0b4e07-33ec-4d68-a6b2-5f5dcb8cff8e-1430070829977-1.7-m-26-hu.wav,C:\Users\Lenovo\Desktop\Mindcloud\Final project\ML model\initial\hungry\3c0b4e07-33ec-4d68-a6b2-5f5dcb8cff8e-1430070829977-1.7-m-26-hu.wav,7.06,0.07446374744176865,0.05484893545508385,0.20517490146396397,0.07754404575766984,196.01325610843534,79.18814227074786,-143.1417,97.548676,42.077465,23.799887,-30.983093,26.710854,-19.521357,19.195494,-18.945423,12.307375,-17.708641,15.656105,-10.135565,10.844066,-7.0671215,9.914292,-15.717593,8.263566,-3.5138664,7.5406017,-8.691144,7.8338346,-7.0113463,10.227178,-0.6907515,15.024623
211,hungry,89964233-cbdb-4f34-a819-5f4b5ce3f5f5-1430049868816-1.7-f-04-hu.wav,C:\Users\Lenovo\Desktop\Mindcloud\Final project\ML model\initial\hungry\89964233-cbdb-4f34-a819-5f4b5ce3f5f5-1430049868816-1.7-f-04-hu.wav,6.92,0.09939394146203995,0.06194325536489487,0.34105325401376146,0.12372199313372853,198.002495399362,66.78106912929678,-108.81853,75.022644,21.962496,31.636364,-42.854973,26.455599,-14.469696,17.521828,-26.468122,18.980543,18.947052,12.851522,-38.138336,18.797852,3.6796212,12.26386,-22.038351,12.168196,-2.2314377,10.8260565,-19.23219,8.712948,-7.8015575,9.215257,-12.926184,11.4253435
212,hungry,d6cda191-4962-4308-9a36-46d5648a95ed-1428333797380-1.5-f-26-hu.wav,C:\Users\Lenovo\Desktop\Mindcloud\Final project\ML model\initial\hungry\d6cda191-4962-4308-9a36-46d5648a95ed-1428333797380-1.5-f-26-hu.wav,6.82,0.06621352583169937,0.0849403366446495,0.198201117114486,0.09206252867888544,126.97764783556897,58.65625049463015,-276.1684,158.7878,65.08892,44.76748,-10.763285,49.709755,5.5589466,19.544,-12.213553,22.101957,-5.250149,22.397724,-14.057668,14.82084,2.1805704,12.840384,-9.561967,13.135215,-0.9914181,7.386645,-2.5370255,10.701187,-3.2125738,6.769278,-8.214546,6.4894896
213,hungry,549a46d8-9c84-430e-ade8-97eae2bef787-1430130702316-1.7-m-48-hu.wav,C:\Users\Lenovo\Desktop\Mindcloud\Final project\ML model\initial\hungry\549a46d8-9c84-430e-ade8-97eae2bef787-1430130702316-1.7-m-48-hu.wav,6.86,0.03192375972867012,0.025795111432671547,0.2360161675347222,0.10297773784175823,190.59783630195057,54.08246314672854,-354.77087,143.36414,24.732992,43.4707,-57.497124,26.001125,9.434032,16.018122,-45.469948,21.382898,4.923882,12.488995,-15.472064,15.3105135,4.4973664,8.809358,-15.971942,11.497828,-3.0250103,11.538692,-7.14533,13.282507,4.8143773,16.304787,20.80282,21.900866
214,hungry,5728DDD6-149B-412F-A14B-C29B9B5E415F-1432635035-1.0-m-26-hu.wav,C:\Users\Lenovo\Desktop\Mindcloud\Final project\ML model\initial\hungry\5728DDD6-149B-412F-A14B-C29B9B5E415F-1432635035-1.0-m-26-hu.wav,7.0,0.05018865317106247,0.04081686586141586,0.21133256392045455,0.035475664817820926,204.55078356179382,60.41608602181283,-216.68422,52.119858,36.823406,12.63937,-27.86589,15.342091,-4.7580733,10.561744,-24.2871,13.786303,4.7503085,16.181345,-1.9760361,12.737037,-18.854645,11.606293,-17.671185,10.357387,-17.187586,10.470831,-16.259085,16.97522,-4.277873,17.22195,-8.9839,17.823448
215,hungry,B400D2D0-9FCE-472E-A152-1FF349B9B407-1436845915-1.1-m-04-hu.wav,C:\Users\Lenovo\Desktop\Mindcloud\Final project\ML model\initial\hungry\B400D2D0-9FCE-472E-A152-1FF349B9B407-1436845915-1.1-m-04-hu.wav,7.0,0.006282399408519268,0.003539784112945199,0.20108753551136363,0.08012106434901535,108.39715503845149,47.35977989690957,-328.38312,60.394035,43.968506,23.983927,-10.466748,13.903554,-2.3992715,12.9515915,-23.965023,10.941316,-10.962338,7.502847,-15.166153,9.912002,-15.022811,7.233327,-16.454664,9.029254,-10.652146,8.011856,-13.667723,7.383747,-8.96494,8.043276,-11.8168955,4.8422627
216,hungry,2439388A-9CF2-4D3B-9534-E6951FC9EAD4-1436877944-1.1-m-26-hu.wav,C:\Users\Lenovo\Desktop\Mindcloud\Final project\ML model\initial\hungry\2439388A-9CF2-4D3B-9534-E6951FC9EAD4-1436877944-1.1-m-26-hu.wav,7.0,0.0368182435631752,0.10805616527795792,0.21020951704545454,0.05507547045587506,143.7282185087466,71.41484546952253,-287.54327,69.284386,52.434093,22.175488,-19.162188,18.572096,-6.6423535,18.215687,-22.958559,15.826211,-12.80249,10.966196,-17.898502,8.287955,-11.83625,7.24315,-8.304462,6.264412,-6.4885635,7.1589155,-5.704644,10.236798,-6.1659,5.857727,-8.397407,7.320173
217,hungry,4cefc13c-e7c0-4b5a-bddb-c40c103e640a-1431583470764-1.7-f-26-hu.wav,C:\Users\Lenovo\Desktop\Mindcloud\Final project\ML model\initial\hungry\4cefc13c-e7c0-4b5a-bddb-c40c103e640a-1431583470764-1.7-f-26-hu.wav,6.78,0.07639441639184952,0.11838273704051971,0.20833026238207547,0.0523177622179341,202.4705255036363,61.31493104635997,-282.56424,102.101654,37.64759,32.249348,-19.706736,28.51148,-27.216757,16.73682,-30.260416,14.067336,1.6078095,20.358458,-26.203959,12.66173,-7.0032926,10.682188,-14.973728,9.726481,3.6410651,14.475493,4.5120454,13.17729,-4.4023004,12.996225,-8.46028,14.214846
218,hungry,1259bcad-2308-46fa-9a36-b5d8f359886a-1430143644843-1.7-f-04-hu.wav,C:\Users\Lenovo\Desktop\Mindcloud\Final project\ML model\initial\hungry\1259bcad-2308-46fa-9a36-b5d8f359886a-1430143644843-1.7-f-04-hu.wav,6.86,0.13868744671344757,0.0666370764374733,0.21577962239583334,0.05326520105287741,243.60770660236037,63.52060768574827,-194.61491,111.248634,51.809505,23.95908,-85.66097,26.643429,-39.015892,33.077168,-33.081135,15.542724,18.212215,20.28081,-23.10499,22.28859,-9.4039,13.493384,-5.614904,20.420929,22.373503,18.431047,2.37637,14.519646,-8.655537,15.081701,-18.227144,12.312183
219,hungry,46002244-7304-45DC-BF69-B6EC2BB25009-1436902364-1.1-f-48-hu.wav,C:\Users\Lenovo\Desktop\Mindcloud\Final project\ML model\initial\hungry\46002244-7304-45DC-BF69-B6EC2BB25009-1436902364-1.1-f-48-hu.wav,7.0,0.009100041352212429,0.006989565212279558,0.2517578125,0.062450569719869585,217.22671496454623,65.99337111215466,-338.1639,98.35219,23.713568,32.3023,-41.779156,26.382477,-13.436163,15.524227,-9.382618,15.137517,0.11876704,9.787668,-26.501234,10.564096,-10.837323,5.218563,-12.518392,5.558202,-7.3153744,9.013622,-13.924626,9.640725,-8.51716,14.364572,-7.279914,16.253696
220,hungry,2439388A-9CF2-4D3B-9534-E6951FC9EAD4-1436877933-1.1-m-26-hu.wav,C:\Users\Lenovo\Desktop\Mindcloud\Final project\ML model\initial\hungry\2439388A-9CF2-4D3B-9534-E6951FC9EAD4-1436877933-1.1-m-26-hu.wav,7.0,0.034935880452394485,0.09910060465335846,0.21632191051136362,0.04948162033503804,112.42271884114678,75.69115926028941,-290.512,80.40667,53.01798,20.123606,-21.027208,12.509958,-1.1337864,19.87927,-21.526443,13.811522,-9.114514,11.394029,-14.599815,5.483043,-7.643637,5.6589007,-11.283606,6.288482,-11.471675,5.345223,-10.521963,9.893124,-7.8258476,8.403074,-10.170527,7.503631
221,hungry,459c3f85-5710-4efa-bcc9-8012aa1af55e-1430034880215-1.7-f-48-hu.wav,C:\Users\Lenovo\Desktop\Mindcloud\Final project\ML model\initial\hungry\459c3f85-5710-4efa-bcc9-8012aa1af55e-1430034880215-1.7-f-48-hu.wav,6.94,0.01582474820315838,0.024907201528549194,0.36040083858944955,0.1165340568700016,185.072172345626,79.2392876491316,-331.3659,107.96329,2.7568696,37.616184,-23.81871,27.01477,-4.446229,14.618515,-9.398986,11.754135,13.616599,14.779212,-23.475883,15.0805645,-0.36979392,10.431471,-9.931705,12.215793,-7.30912,11.197314,-6.5877967,6.5305314,-5.52095,10.777831,-11.596011,7.273593
222,hungry,39180491-e076-4300-b5de-24e812dca6fe-1435708371348-1.7-f-04-hu.wav,C:\Users\Lenovo\Desktop\Mindcloud\Final project\ML model\initial\hungry\39180491-e076-4300-b5de-24e812dca6fe-1435708371348-1.7-f-04-hu.wav,6.86,0.03981785848736763,0.04122092202305794,0.27225296585648145,0.16047206164009647,190.54803002762648,64.0732733729581,-269.10983,146.1489,16.354092,35.306847,-20.018797,16.820639,-14.498588,15.492895,-27.725874,23.786871,-1.0552682,15.579726,-21.018904,15.841515,-3.2634306,8.122779,-12.950023,10.458055,-10.722054,9.917801,-11.385049,15.68782,4.0801587,15.215653,3.3446808,20.206116
223,hungry,218e6fd7-f9c5-4490-afd7-c4fba174e7d2-1430209174300-1.7-m-72-hu.wav,C:\Users\Lenovo\Desktop\Mindcloud\Final project\ML model\initial\hungry\218e6fd7-f9c5-4490-afd7-c4fba174e7d2-1430209174300-1.7-m-72-hu.wav,7.04,0.06040845066308975,0.06599730998277664,0.17450556024774774,0.08414335764220382,165.38633085072934,58.917571178864605,-264.41296,138.39156,51.06784,33.299496,-7.052702,22.813583,-9.037248,18.031599,-31.094585,24.934519,4.863528,13.796753,-10.360303,11.976487,-4.937426,8.510427,-9.202979,6.4419208,-15.888889,11.7642765,-7.0488296,14.101885,-1.8228308,13.155775,-0.34176168,16.34748
224,hungry,1b381a1e-88a6-4a48-b889-a5ccdf0aacaf-1430299568333-1.7-f-72-hu.wav,C:\Users\Lenovo\Desktop\Mindcloud\Final project\ML model\initial\hungry\1b381a1e-88a6-4a48-b889-a5ccdf0aacaf-1430299568333-1.7-f-72-hu.wav,6.9,0.11568621546030045,0.07478180527687073,0.3408248336226852,0.16354393785861462,195.47434813707787,66.54693975678151,-138.5234,149.2166,-13.556655,50.85091,-33.93682,22.539713,-21.407629,21.038662,-37.774734,24.18693,1.9115705,11.8832445,-2.4723196,12.657727,-1.0958065,11.097985,-6.015159,12.410556,-3.6277761,10.632963,-7.8301964,10.609812,8.105544,13.002004,-1.6378442,12.919621
225,hungry,177dc72e-d0f8-47ef-a5a7-3b46878e11a0-1430736549614-1.7-f-26-hu.wav,C:\Users\Lenovo\Desktop\Mindcloud\Final project\ML model\initial\hungry\177dc72e-d0f8-47ef-a5a7-3b46878e11a0-1430736549614-1.7-f-26-hu.wav,6.88,0.1777595728635788,0.10495003312826157,0.20534487123842593,0.11003052359154372,240.06847109771132,55.30462103725357,-93.22133,104.3761,40.60918,37.778507,-34.635845,24.879839,1.7911463,22.85181,-41.344658,14.475618,-1.8827113,19.71342,-25.69844,13.878013,-5.4082513,14.048031,-24.789421,13.759043,-0.0138214035,9.442603,-11.024872,12.598437,-3.0530005,11.799794,-8.266511,8.739899
226,hungry,40a4c760-facf-4911-b0a6-22eccc3ab18d-1430477691332-1.7-f-26-hu.wav,C:\Users\Lenovo\Desktop\Mindcloud\Final project\ML model\initial\hungry\40a4c760-facf-4911-b0a6-22eccc3ab18d-1430477691332-1.7-f-26-hu.wav,7.06,0.16322638094425201,0.11012556403875351,0.3049514358108108,0.2019034235634897,206.4829225432826,71.55054213373067,-55.34117,120.51952,34.79491,57.42385,-1.470633,24.246058,-16.314796,22.407625,-0.81278735,15.172258,-2.8006423,19.084322,-17.560562,14.701693,-12.476411,10.485058,-14.506577,11.759436,-10.016485,9.037223,-10.798265,6.874549,-7.4317517,10.39901,-13.209952,8.944853
227,discomfort,7b0e160e-0505-459e-8ecb-304d7afae9d2-1437486974312-1.7-m-04-dc.wav,C:\Users\Lenovo\Desktop\Mindcloud\Final project\ML model\initial\discomfort\7b0e160e-0505-459e-8ecb-304d7afae9d2-1437486974312-1.7-m-04-dc.wav,6.9,0.04606601595878601,0.027492914348840714,0.11810076678240741,0.05194446669369233,164.34517240379623,47.94426332272373,-222.48097,104.45649,106.59268,36.142273,-2.4459941,15.407767,7.3579707,15.147391,-19.878784,10.478172,2.573099,10.130837,-10.899931,7.678579,11.729693,9.2777195,-12.498249,9.592658,3.451674,10.527822,-14.000092,9.447172,0.60609335,8.404119,-9.115725,10.274563
228,tired,B2AABCE0-1F62-4B57-B58A-308959ABDFE7-1437188766-1.1-m-26-ti.wav,C:\Users\Lenovo\Desktop\Mindcloud\Final project\ML model\initial\tired\B2AABCE0-1F62-4B57-B58A-308959ABDFE7-1437188766-1.1-m-26-ti.wav,7.0,0.08653764426708221,0.05328278988599777,0.31807528409090907,0.1308779638424343,204.04647600144483,36.32313208467557,-177.11003,73.029655,9.035918,37.58202,-21.133577,19.246784,10.30474,12.551927,-27.422047,9.287295,13.385501,16.799013,-17.642048,6.524342,-8.421092,9.394361,-17.098246,7.5784307,-13.700969,13.253083,-4.7757277,20.110203,3.9131703,20.318224,12.167345,23.36564
229,hungry,d1e236a0-e030-4137-9030-5625026cd098-1430477951092-1.2-m-04-hu.wav,C:\Users\Lenovo\Desktop\Mindcloud\Final project\ML model\initial\hungry\d1e236a0-e030-4137-9030-5625026cd098-1430477951092-1.2-m-04-hu.wav,6.9,0.11470259726047516,0.09300793707370758,0.21850133825231483,0.05368945768191,202.8454863015619,43.12897894234378,-242.82216,95.72116,73.024895,34.627846,-68.85609,30.303528,-51.298588,23.395672,-19.367908,13.475461,6.55494,11.312533,-26.777462,9.898806,-4.083862,10.6001625,-13.423246,12.196565,-5.615942,10.263532,-8.750651,17.376541,20.56282,24.955915,17.490562,19.94318
230,tired,7A22229D-06C2-4AAA-9674-DE5DF1906B3A-1436891944-1.1-m-72-ti.wav,C:\Users\Lenovo\Desktop\Mindcloud\Final project\ML model\initial\tired\7A22229D-06C2-4AAA-9674-DE5DF1906B3A-1436891944-1.1-m-72-ti.wav,7.0,0.040911413729190826,0.04202093929052353,0.3258922230113636,0.09180321344366892,193.9923881706025,69.64438839649236,-219.3648,107.17604,8.026293,29.422293,-19.170185,18.083338,-10.739669,20.624762,-22.325003,13.227316,-12.839316,17.877954,-21.138912,12.012484,-11.108766,11.49422,-8.0005865,17.301859,3.5170105,16.915977,-2.6774278,20.896666,2.4470298,18.15879,-7.1741376,13.895515
231,hungry,7fd72d70-07c4-40a0-85e9-c91df9bdefb2-1430994916704-1.7-f-04-hu.wav,C:\Users\Lenovo\Desktop\Mindcloud\Final project\ML model\initial\hungry\7fd72d70-07c4-40a0-85e9-c91df9bdefb2-1430994916704-1.7-f-04-hu.wav,7.06,0.03870683163404465,0.06458835303783417,0.30294552364864863,0.08259779305520124,134.54503393385096,61.23562315355211,-446.5071,206.38036,15.9435005,29.193,-23.246365,41.49239,9.006152,16.727074,-7.185447,15.947907,-5.492722,10.392884,-1.9656322,6.580587,-5.7154818,9.392246,-5.64269,7.8648033,-5.2477827,6.7928505,-5.1524973,7.245656,-5.997975,8.165516,-1.4344897,8.471898
232,hungry,b8fe4527-5e46-437f-897d-be32112bc1c8-1430166086647-1.7-f-48-hu.wav,C:\Users\Lenovo\Desktop\Mindcloud\Final project\ML model\initial\hungry\b8fe4527-5e46-437f-897d-be32112bc1c8-1430166086647-1.7-f-48-hu.wav,6.74,0.06560839712619781,0.07355725020170212,0.13539209905660377,0.06030323808537722,196.6861002428916,63.89021626415864,-423.01605,111.14687,54.318054,42.24741,11.352718,14.840625,-11.222252,15.124706,-30.262444,25.939762,0.24076593,7.4255033,-16.096813,13.570242,-11.194469,9.829461,-11.203547,9.408536,-10.013571,9.9864025,0.048597958,14.008972,5.169738,16.72116,5.319617,14.168737
233,hungry,9fe37482-6a64-401d-b8b9-3e47d6ed9ac0-1430047590938-1.7-f-26-hu.wav,C:\Users\Lenovo\Desktop\Mindcloud\Final project\ML model\initial\hungry\9fe37482-6a64-401d-b8b9-3e47d6ed9ac0-1430047590938-1.7-f-26-hu.wav,6.94,0.11826574802398682,0.10640793293714523,0.2000564435206422,0.054017573177384086,217.04662877651793,59.360585995950736,-221.56062,119.76952,36.69092,24.611565,-48.68054,32.242844,-25.725056,17.114819,-35.813942,23.613604,7.4831758,14.429079,-10.590482,12.152802,1.9915152,13.015355,-16.861774,20.247654,-6.2868023,15.588678,-6.237959,16.599953,13.580253,24.136986,9.093325,20.665676
234,discomfort,d6cda191-4962-4308-9a36-46d5648a95ed-1431086262776-1.7-m-04-ch.wav,C:\Users\Lenovo\Desktop\Mindcloud\Final project\ML model\initial\discomfort\d6cda191-4962-4308-9a36-46d5648a95ed-1431086262776-1.7-m-04-ch.wav,6.84,0.06177906692028046,0.04428655654191971,0.42738755841121495,0.09269541922260055,183.12747140251795,66.77509153582888,-208.64082,145.19186,-28.164577,31.970901,-59.126392,21.886112,-10.630727,19.902021,-19.88616,16.952675,18.044292,14.687729,-23.957348,11.963288,13.9511385,10.215216,-15.480292,9.598701,-11.093403,11.276954,-3.4985397,9.641382,1.6541507,8.530491,-0.07978683,13.491661
235,hungry,F4A65A98-ADEE-49C4-9B45-65A8429DF170-1430232330-1.0-m-72-hu.wav,C:\Users\Lenovo\Desktop\Mindcloud\Final project\ML model\initial\hungry\F4A65A98-ADEE-49C4-9B45-65A8429DF170-1430232330-1.0-m-72-hu.wav,7.0,0.0399257056415081,0.07383718341588974,0.34081587357954546,0.13114055505139272,207.51729255947433,61.17645166662426,-330.08664,139.70769,8.744393,27.744345,-7.3611956,15.415312,-14.863268,18.243229,-18.279541,16.431328,-0.2617942,12.844024,-8.642309,10.808109,-5.507693,13.642956,-9.384099,9.228041,-3.386134,12.692585,2.6995344,18.688051,1.9688164,16.142944,-8.428695,13.61779
236,hungry,D54D9C2A-56ED-4338-9D1F-2ADB4E081DAD-1430036301-1.0-m-48-hu.wav,C:\Users\Lenovo\Desktop\Mindcloud\Final project\ML model\initial\hungry\D54D9C2A-56ED-4338-9D1F-2ADB4E081DAD-1430036301-1.0-m-48-hu.wav,7.0,0.06126278638839722,0.08072996139526367,0.2867587002840909,0.08795627509404219,182.526204780557,72.0882254087145,-232.46439,145.56099,7.395469,30.385977,-63.71869,34.352413,-2.53554,16.426945,-31.92484,13.959882,9.51065,14.280167,-2.1758723,13.948069,-5.08082,8.752514,-5.2164383,13.7951,-6.3625517,14.600406,-10.7441,14.622909,-0.20189296,15.465817,-5.646486,18.695873
237,hungry,F6C6D3EE-F139-48A4-9EAC-0A50EB011CDC-1430103957-1.0-m-04-hu.wav,C:\Users\Lenovo\Desktop\Mindcloud\Final project\ML model\initial\hungry\F6C6D3EE-F139-48A4-9EAC-0A50EB011CDC-1430103957-1.0-m-04-hu.wav,7.0,0.21292170882225037,0.16660533845424652,0.3897061434659091,0.09706029832859195,203.0637062464596,69.57688351442461,-114.13774,126.96148,-24.714478,40.240047,-34.371407,23.324219,5.0915937,22.005651,-17.147593,12.77627,20.61683,19.019674,-5.9773383,12.508226,-14.352065,17.156832,-3.5301363,14.891372,4.387978,17.646807,0.2575105,16.606369,2.9629488,16.29519,-12.424394,14.866114
238,hungry,F95D4BCE-2FB0-4A0C-A058-BFB0674539AF-1430055809-1.0-m-26-hu.wav,C:\Users\Lenovo\Desktop\Mindcloud\Final project\ML model\initial\hungry\F95D4BCE-2FB0-4A0C-A058-BFB0674539AF-1430055809-1.0-m-26-hu.wav,7.0,0.059831567108631134,0.0881638452410698,0.25783025568181817,0.12422777281235653,170.21033553911101,78.7917727780884,-188.44498,89.6385,37.591064,47.05134,-31.285103,32.726692,-3.0806918,15.764093,-13.648064,18.157124,-3.3829365,14.590914,-17.857967,11.424197,-9.217226,8.389067,-20.01903,6.6026077,-14.515471,8.796205,-13.333706,7.197663,-9.092234,9.376874,-9.453004,10.044243
239,hungry,52dfc27a-fbc4-4d9f-bbcf-6406c919324a-1430041657947-1.7-m-26-hu.wav,C:\Users\Lenovo\Desktop\Mindcloud\Final project\ML model\initial\hungry\52dfc27a-fbc4-4d9f-bbcf-6406c919324a-1430041657947-1.7-m-26-hu.wav,6.92,0.13067790865898132,0.1315973550081253,0.3340963661123853,0.09619138653564019,197.0106142873854,70.70559492416724,-202.29742,154.64656,-10.48681,46.05688,-52.694508,34.92024,-8.111482,23.78233,-37.38949,16.63912,6.711576,13.049709,-12.643949,17.477669,0.30236718,11.288235,-13.072696,13.234633,-2.1337283,11.575778,-2.8961947,14.304989,7.7617645,16.99924,2.759013,19.58091
240,hungry,36f1b3ec-3d2a-470e-af6f-0a8cc11b2723-1430237012976-1.7-m-04-hu.wav,C:\Users\Lenovo\Desktop\Mindcloud\Final project\ML model\initial\hungry\36f1b3ec-3d2a-470e-af6f-0a8cc11b2723-1430237012976-1.7-m-04-hu.wav,6.96,0.07974468916654587,0.11973055452108383,0.282150408543578,0.10905969399112207,184.67002413645406,73.1484504020895,-324.7184,122.80311,-2.3814483,48.11541,-30.742289,34.942543,30.982954,24.213213,-18.734468,28.084335,-11.9141,20.222748,-3.1309798,23.652437,-3.3544426,23.421106,-10.855328,20.823292,4.2247076,15.100594,-1.0083017,12.6529875,-2.1825287,11.144247,-1.1555654,11.928011
241,hungry,c6fd9d60-0fa7-44c0-b3ce-0192527d7b81-1430068167526-1.7-m-72-hu.wav,C:\Users\Lenovo\Desktop\Mindcloud\Final project\ML model\initial\hungry\c6fd9d60-0fa7-44c0-b3ce-0192527d7b81-1430068167526-1.7-m-72-hu.wav,6.78,0.07727186381816864,0.08541125059127808,0.20619748673349056,0.10715048514426721,176.5431308916371,76.18624143280803,-208.59642,167.6411,24.608934,36.927555,-27.511612,21.40127,-14.199917,28.63925,-40.759632,22.310965,-13.524831,10.975262,-10.342212,17.789608,-4.410856,8.63292,-12.109426,11.259073,-6.9803743,6.8408656,-3.8081121,9.902804,-0.8831151,11.377816,5.70826,15.08315
242,hungry,5E01DC60-1DE3-4AF9-A661-7F649EAE457D-1430141106-1.0-m-26-hu.wav,C:\Users\Lenovo\Desktop\Mindcloud\Final project\ML model\initial\hungry\5E01DC60-1DE3-4AF9-A661-7F649EAE457D-1430141106-1.0-m-26-hu.wav,7.0,0.045467156916856766,0.06413857638835907,0.2789595170454545,0.05412173200943543,196.49197594888793,66.15381394566019,-272.24893,128.11935,22.769165,29.192547,-34.89838,23.435392,-20.04857,22.341612,-19.25779,18.80374,4.706095,14.0163355,-16.235613,11.109474,-7.604242,11.545285,-14.9665,12.258039,2.7458558,20.039232,3.6679292,23.266657,-0.40395826,18.938307,-9.31503,10.213923
243,discomfort,1309B82C-F146-46F0-A723-45345AFA6EA8-1430704008-1.0-f-48-dc.wav,C:\Users\Lenovo\Desktop\Mindcloud\Final project\ML model\initial\discomfort\1309B82C-F146-46F0-A723-45345AFA6EA8-1430704008-1.0-f-48-dc.wav,7.0,0.03455488756299019,0.04710345342755318,0.27453835227272727,0.11248018564925666,181.1847003381223,58.06401094560685,-260.47357,118.39034,21.546093,41.852776,-14.384734,18.082672,-13.504375,13.887297,-25.668728,13.3137455,-4.7276983,17.658792,-14.491759,11.237242,-12.138602,7.9752955,-13.388698,9.469965,-6.7264876,8.784199,-13.667649,6.6842594,-2.6921322,13.482449,-3.685842,14.226826
244,hungry,9090c7a3-bebc-4485-aafc-64e4298da3ac-1430088396663-1.7-f-26-hu.wav,C:\Users\Lenovo\Desktop\Mindcloud\Final project\ML model\initial\hungry\9090c7a3-bebc-4485-aafc-64e4298da3ac-1430088396663-1.7-f-26-hu.wav,6.94,0.06417030096054077,0.09451870620250702,0.2542825401376147,0.08271270208800321,133.88125239105517,60.54223401228606,-230.19795,109.06146,34.060837,36.863377,-29.687458,41.719826,7.3545027,14.599617,-13.136859,17.881872,8.965001,10.437951,-7.954912,11.977019,-6.8874288,9.355351,-9.406522,8.518389,-2.0079403,8.226342,-8.636633,8.610728,2.0194817,13.891484,1.7821252,15.180287
245,hungry,A123AD65-38D3-4A65-AB37-330034765840-1430093699-1.0-m-04-hu.wav,C:\Users\Lenovo\Desktop\Mindcloud\Final project\ML model\initial\hungry\A123AD65-38D3-4A65-AB37-330034765840-1430093699-1.0-m-04-hu.wav,7.0,0.02236591838300228,0.019811687991023064,0.148291015625,0.06313718930457375,170.50847986044525,59.47810384807875,-259.02383,57.32302,65.37238,26.384607,-4.307343,21.583052,16.933672,12.995347,-17.635391,7.9684253,-5.9623485,9.0059,-18.45854,6.190418,-20.49535,7.591741,-19.415089,5.564176,-15.577444,7.1968184,-15.056802,8.469344,-13.272775,6.840517,-15.198402,5.3366814
246,hungry,F3BAEDDA-CDC0-4A65-90EE-5C372CEE4F3B-1437012044-1.1-m-26-hu.wav,C:\Users\Lenovo\Desktop\Mindcloud\Final project\ML model\initial\hungry\F3BAEDDA-CDC0-4A65-90EE-5C372CEE4F3B-1437012044-1.1-m-26-hu.wav,7.0,0.08020639419555664,0.06827371567487717,0.3276944247159091,0.14329129233980037,208.9419924312539,78.40566535301892,-157.5522,71.58769,19.386917,44.09603,-15.70987,17.02947,5.2043953,17.666822,-27.297264,12.609797,-4.5775785,14.195831,-0.47412091,11.964823,-12.860543,12.372482,-12.657949,16.18948,-8.184395,14.431897,-2.5419247,17.926712,-2.5254097,15.55273,-9.905312,16.621996
247,hungry,FF482278-24C9-4FB0-A7BE-FD92D1FE17B4-1430028319-1.0-m-26-hu.wav,C:\Users\Lenovo\Desktop\Mindcloud\Final project\ML model\initial\hungry\FF482278-24C9-4FB0-A7BE-FD92D1FE17B4-1430028319-1.0-m-26-hu.wav,7.0,0.09587593376636505,0.09347957372665405,0.20881569602272726,0.044242525769628296,189.95351348855965,69.40762074559933,-174.31894,122.17852,37.101463,28.87303,-34.744873,20.758732,-31.389853,17.666492,-34.072857,15.583452,4.759902,15.302176,-4.1561475,13.654596,-4.5063624,11.78317,-11.348662,11.428138,-7.3462663,15.817881,4.4424825,17.31166,-1.67584,15.451239,-7.2996106,12.053461
248,hungry,aaa57dbd-7b88-454a-963e-6faa2f4ed4e7-1436910235521-1.7-f-04-hu.wav,C:\Users\Lenovo\Desktop\Mindcloud\Final project\ML model\initial\hungry\aaa57dbd-7b88-454a-963e-6faa2f4ed4e7-1436910235521-1.7-f-04-hu.wav,6.88,0.016151586547493935,0.026046916842460632,0.18284776475694445,0.06528818050985498,159.02894675566895,84.06695374651235,-402.2809,156.61516,51.67967,26.342346,-5.943517,28.189657,-6.962725,17.288942,-20.788355,31.806376,7.444187,9.566274,-22.015665,16.50032,-8.393088,8.6327505,-5.307708,7.9739375,-5.883231,10.982869,-4.439776,8.752578,-5.77806,9.3321495,-5.5548077,6.3313975
249,discomfort,1309B82C-F146-46F0-A723-45345AFA6EA8-1432801703-1.1-f-26-dc.wav,C:\Users\Lenovo\Desktop\Mindcloud\Final project\ML model\initial\discomfort\1309B82C-F146-46F0-A723-45345AFA6EA8-1432801703-1.1-f-26-dc.wav,7.0,0.16718992590904236,0.07940860092639923,0.29535688920454545,0.05839827217056084,186.8418126792725,49.13184506736485,-54.08689,112.35766,2.185516,29.398718,-43.186142,21.18987,-25.630796,21.879114,-28.37018,27.175468,9.276161,9.704442,-20.421064,11.340041,1.985294,15.341112,-10.1950655,9.79262,2.7136414,11.534778,-3.8361087,9.796662,3.431432,12.886083,10.172958,15.588129
250,hungry,3bb2445a-9ae9-4dc8-9a2e-86c696ffa405-1430123758633-1.7-m-26-hu.wav,C:\Users\Lenovo\Desktop\Mindcloud\Final project\ML model\initial\hungry\3bb2445a-9ae9-4dc8-9a2e-86c696ffa405-1430123758633-1.7-m-26-hu.wav,6.92,0.0826222226023674,0.06841340661048889,0.27453501290137616,0.13059712247694005,199.7866881620037,64.37707449246962,-148.51537,82.767,22.71276,47.854973,-26.973442,25.071283,1.2092769,20.225677,-39.89041,13.81998,4.6366687,16.10853,-28.47996,10.700083,0.13661626,11.438456,-21.480251,11.457349,1.5315621,13.938809,-8.342023,13.173992,2.5095506,15.652084,-10.499342,13.211527
251,hungry,7CF37029-1040-40B8-ACC9-7E6E5C03AF9B-1429808939-1.0-m-72-hu.wav,C:\Users\Lenovo\Desktop\Mindcloud\Final project\ML model\initial\hungry\7CF37029-1040-40B8-ACC9-7E6E5C03AF9B-1429808939-1.0-m-72-hu.wav,7.0,0.03230512887239456,0.03720691055059433,0.2617276278409091,0.11582554817101767,181.4827041988062,58.40274533224192,-287.26526,162.51068,24.375515,31.203985,-17.916597,23.946636,-8.057553,24.292763,-26.596241,18.089693,-4.8950605,12.234978,-8.911372,10.151635,-2.006605,12.616153,-13.988212,12.7347145,-10.51431,12.187156,-7.571892,12.474296,-9.394132,13.213984,-2.104852,15.764447
252,hungry,c6fd9d60-0fa7-44c0-b3ce-0192527d7b81-1430038968282-1.7-m-04-hu.wav,C:\Users\Lenovo\Desktop\Mindcloud\Final project\ML model\initial\hungry\c6fd9d60-0fa7-44c0-b3ce-0192527d7b81-1430038968282-1.7-m-04-hu.wav,6.78,0.11431281268596649,0.12066569924354553,0.27314729510613206,0.12958715863528825,202.32776024655763,61.91328845985819,-206.44374,147.5494,13.188117,49.29249,-46.24683,25.106003,-4.684094,15.515758,-32.704906,16.016865,6.3161445,19.322813,-26.349342,14.832335,-7.4527555,13.703955,-13.392155,10.942337,-11.398691,7.3492274,-1.309275,10.950252,9.537188,12.572323,5.775804,19.855549
253,hungry,70d30513-0ec3-49e4-9976-e85785e85c2d-1431033390358-1.7-m-04-hu.wav,C:\Users\Lenovo\Desktop\Mindcloud\Final project\ML model\initial\hungry\70d30513-0ec3-49e4-9976-e85785e85c2d-1431033390358-1.7-m-04-hu.wav,6.94,0.058652255684137344,0.08385636657476425,0.27132758744266056,0.11653306085845294,165.03124611419997,70.91802796945682,-320.70956,218.08244,1.5875629,29.281906,-15.741408,28.609184,-15.9979105,22.265165,-13.529459,17.71563,1.1925914,8.270779,-12.137886,12.211008,1.7711269,11.529113,-9.903812,13.0109,4.0033092,12.242075,-4.0430913,12.77056,3.3875427,14.636476,-5.4648676,13.93449
254,hungry,edb5924c-07ba-4eaa-838b-aaf9511a219b-1431894189631-1.7-m-48-hu.wav,C:\Users\Lenovo\Desktop\Mindcloud\Final project\ML model\initial\hungry\edb5924c-07ba-4eaa-838b-aaf9511a219b-1431894189631-1.7-m-48-hu.wav,6.94,0.07663317024707794,0.09050319343805313,0.2906303755733945,0.1304336523845249,185.18659756280002,81.85254082420701,-185.30774,129.93166,26.587791,41.54534,-24.934908,34.259106,-14.456471,16.860025,-24.866781,19.360916,11.910363,18.505451,-19.065977,17.905275,-14.663438,15.11541,-11.911378,10.886337,-2.2048435,11.762863,-8.792458,11.857399,-1.5607864,11.347124,-8.833591,9.144847
255,hungry,aaa57dbd-7b88-454a-963e-6faa2f4ed4e7-1437166513710-1.7-f-04-hu.wav,C:\Users\Lenovo\Desktop\Mindcloud\Final project\ML model\initial\hungry\aaa57dbd-7b88-454a-963e-6faa2f4ed4e7-1437166513710-1.7-f-04-hu.wav,7.02,0.05916624143719673,0.060090940445661545,0.2930353338068182,0.1430905452335654,202.0626609821787,67.92074676388826,-265.48074,146.92015,-4.1306386,69.36756,-35.343723,25.309248,-13.924545,26.993677,-20.5178,20.168854,-10.948705,18.594814,-10.627759,18.87412,-1.5804768,9.460452,-20.426397,14.235769,2.842187,11.499935,-10.398508,12.961443,8.582554,14.098945,0.10816328,16.390223
256,hungry,e4051e62-d21d-4bb8-a235-fd7e859ad787-1430740613780-1.7-f-72-hu.wav,C:\Users\Lenovo\Desktop\Mindcloud\Final project\ML model\initial\hungry\e4051e62-d21d-4bb8-a235-fd7e859ad787-1430740613780-1.7-f-72-hu.wav,6.96,0.1098601296544075,0.11355585604906082,0.18255447247706422,0.08881785097249578,194.01055777196223,61.341806412247685,-175.20941,112.792694,41.251675,33.793797,-13.890522,31.449072,-15.016612,21.801962,-23.461544,18.914135,-4.337388,14.623711,-22.804276,11.635931,-16.115128,14.689747,-12.00064,9.045598,-12.92603,10.773037,-6.8576717,9.810844,6.5785427,19.613588,5.0938573,21.067219
257,hungry,7A22229D-06C2-4AAA-9674-DE5DF1906B3A-1436891933-1.1-m-72-hu.wav,C:\Users\Lenovo\Desktop\Mindcloud\Final project\ML model\initial\hungry\7A22229D-06C2-4AAA-9674-DE5DF1906B3A-1436891933-1.1-m-72-hu.wav,7.0,0.031109323725104332,0.02365086041390896,0.34526811079545455,0.07949031008317264,164.34351691590064,64.23765457305211,-205.1081,124.95281,-2.844398,26.750233,-30.64473,21.926243,-2.8468053,10.065728,-19.532959,12.338836,-4.3665714,9.861807,-16.905657,13.180453,-7.955998,7.7552743,-7.016224,10.635863,-5.44259,12.209632,-9.763516,12.837637,6.302364,17.154308,1.9992584,16.759014
258,hungry,F6C6D3EE-F139-48A4-9EAC-0A50EB011CDC-1430103974-1.0-m-04-hu.wav,C:\Users\Lenovo\Desktop\Mindcloud\Final project\ML model\initial\hungry\F6C6D3EE-F139-48A4-9EAC-0A50EB011CDC-1430103974-1.0-m-04-hu.wav,7.0,0.15607528388500214,0.13664491474628448,0.3416193181818182,0.09713170843482807,225.93083895216714,58.01731487436176,-125.100716,107.911804,-3.5983393,39.193985,-38.301212,29.579847,2.063097,15.532372,-16.389982,17.781235,0.26474833,12.719118,-2.1743362,14.690123,-15.302413,9.664658,-9.320941,11.72747,3.9316647,16.461578,-3.2552388,14.824239,8.563742,18.153067,-4.6377034,16.52838
259,hungry,e0717ce2-da25-417c-89a5-58d7175f4a6d-1436966513203-1.7-m-26-hu.wav,C:\Users\Lenovo\Desktop\Mindcloud\Final project\ML model\initial\hungry\e0717ce2-da25-417c-89a5-58d7175f4a6d-1436966513203-1.7-m-26-hu.wav,6.66,0.01848815754055977,0.015342039987444878,0.3278413318452381,0.16669544399710584,163.2648029053399,87.56081499495356,-255.20137,160.54245,21.710318,55.84626,-32.75095,21.03437,-8.71852,16.719467,-25.36233,13.532165,3.1573274,8.862031,-19.763798,9.287975,-3.9931376,4.625843,-13.3067665,6.283454,-3.2042723,4.6137176,-12.620347,5.545964,-2.0243373,4.854095,-9.248992,4.871906
260,hungry,d6cda191-4962-4308-9a36-46d5648a95ed-1431882043380-1.7-m-04-hu.wav,C:\Users\Lenovo\Desktop\Mindcloud\Final project\ML model\initial\hungry\d6cda191-4962-4308-9a36-46d5648a95ed-1431882043380-1.7-m-04-hu.wav,6.84,0.05462971329689026,0.06936903297901154,0.5353250949182243,0.08939704322526319,182.7107176475109,85.28780371114543,-283.52155,207.07848,-44.180355,33.031174,-37.799892,33.191456,19.080584,25.945772,-27.244535,17.541006,11.017531,11.554661,-20.23853,11.110301,1.6556137,10.092399,-9.941314,10.821719,-0.58665055,11.475919,-3.658714,8.753855,3.6993303,8.212793,-12.147834,8.900717
261,hungry,dc5429de-26b4-48e2-bc47-bc607b9bba06-1430741828918-1.7-f-72-hu.wav,C:\Users\Lenovo\Desktop\Mindcloud\Final project\ML model\initial\hungry\dc5429de-26b4-48e2-bc47-bc607b9bba06-1430741828918-1.7-f-72-hu.wav,6.94,0.01964428834617138,0.018305232748389244,0.3465945742545872,0.08882510934523283,210.74821769352195,78.51640095554976,-341.3512,121.010506,-15.430079,39.61538,-68.94797,33.41602,23.723568,17.105577,-18.59671,13.11419,-13.546965,11.550646,-2.3409762,12.203106,-2.769573,17.616938,-3.799053,11.829574,-11.609072,11.953985,-1.2904792,13.324012,-0.7961068,15.804082,-7.122081,15.353407
262,hungry,7e3de9b8-2be5-473f-b8c3-c2657f1317bb-1430006339251-1.7-f-04-hu.wav,C:\Users\Lenovo\Desktop\Mindcloud\Final project\ML model\initial\hungry\7e3de9b8-2be5-473f-b8c3-c2657f1317bb-1430006339251-1.7-f-04-hu.wav,6.68,0.02238139510154724,0.02319513075053692,0.20915178571428572,0.07218054449343081,165.3143145343598,51.9117513611638,-454.67508,129.07574,63.031433,40.765083,-36.268593,39.027462,-2.4962919,22.80922,-22.292969,18.749365,-16.851585,15.625466,1.052122,14.35493,-9.295284,12.388534,-11.145173,11.151351,-8.173199,8.824606,-11.453261,14.268895,-3.5573518,16.433594,9.117669,17.620775
263,tired,1309B82C-F146-46F0-A723-45345AFA6EA8-1431172241-1.0-f-48-ti.wav,C:\Users\Lenovo\Desktop\Mindcloud\Final project\ML model\initial\tired\1309B82C-F146-46F0-A723-45345AFA6EA8-1431172241-1.0-f-48-ti.wav,7.0,0.036137040704488754,0.06559395045042038,0.15945046164772728,0.04910025315831454,217.79823729784104,57.781541769163496,-335.84097,152.17679,55.376553,33.189556,-22.73488,24.228046,-12.67389,14.17278,-11.152647,8.611711,0.42498863,19.7686,-14.74912,8.255405,-18.425694,10.129277,-20.410563,7.8126736,-14.131043,7.4314322,-15.2142105,6.0211225,-8.243156,4.9845963,-8.337121,8.704138
264,hungry,A123AD65-38D3-4A65-AB37-330034765840-1430093687-1.0-m-04-hu.wav,C:\Users\Lenovo\Desktop\Mindcloud\Final project\ML model\initial\hungry\A123AD65-38D3-4A65-AB37-330034765840-1430093687-1.0-m-04-hu.wav,7.0,0.011732353828847408,0.007868628017604351,0.1833096590909091,0.06241158844797941,164.60750826897498,73.60122130706183,-276.61258,40.899216,48.625618,14.934635,-1.5560882,14.980875,3.8058503,10.03847,-17.483349,6.8473644,-12.3128395,8.618853,-20.783487,7.538838,-17.112822,6.9552517,-19.741518,4.5623913,-13.841459,5.0751543,-14.335951,6.803935,-11.83545,6.09958,-15.309555,4.5373597
265,hungry,f896b69d-6241-4b51-9c45-0d628bc827c1-1430090400166-1.7-m-72-hu.wav,C:\Users\Lenovo\Desktop\Mindcloud\Final project\ML model\initial\hungry\f896b69d-6241-4b51-9c45-0d628bc827c1-1430090400166-1.7-m-72-hu.wav,6.9,0.07124282419681549,0.06957224756479263,0.21057581018518517,0.1193986678756204,221.83405779098163,66.50568336223485,-301.89185,116.111694,35.620247,62.258244,-31.181065,40.25369,17.712805,24.25753,-13.807454,28.648834,-14.482344,20.319613,-20.997465,21.215548,7.213251,27.454082,-11.046923,25.01805,2.2678432,17.611868,-9.962458,11.650161,-13.21507,12.57142,-13.692915,13.822302
266,hungry,549a46d8-9c84-430e-ade8-97eae2bef787-1430130686288-1.7-m-48-hu.wav,C:\Users\Lenovo\Desktop\Mindcloud\Final project\ML model\initial\hungry\549a46d8-9c84-430e-ade8-97eae2bef787-1430130686288-1.7-m-48-hu.wav,6.88,0.0028172607999294996,0.004755084402859211,0.24577727141203703,0.0984873425103059,202.6991389206749,70.22817399768898,-531.57086,121.188774,40.178055,26.85774,-45.594013,39.061913,-6.512837,11.147487,-37.211285,18.59615,-2.5354722,7.579291,-1.1441867,9.594082,-7.2313137,11.200011,-2.7090542,7.1875954,1.9436035,9.137611,-4.5929575,9.544123,2.7719254,10.811591,-1.5820739,11.902103
267,hungry,3bb2445a-9ae9-4dc8-9a2e-86c696ffa405-1430124221551-1.7-m-26-hu.wav,C:\Users\Lenovo\Desktop\Mindcloud\Final project\ML model\initial\hungry\3bb2445a-9ae9-4dc8-9a2e-86c696ffa405-1430124221551-1.7-m-26-hu.wav,6.92,0.11126275360584259,0.0840458869934082,0.3792601419151376,0.09782180883524244,214.54139806405772,63.22562009089546,-102.54033,97.546394,-17.431646,41.710587,-37.559105,19.045841,5.87163,20.223886,-35.679363,14.3333845,-7.55295,11.459342,-9.440982,10.056116,-1.647675,8.804974,-25.320633,10.417284,11.439439,11.186138,-0.44150767,11.712981,1.3332682,12.594664,-15.578359,10.968604
268,hungry,3030d0e9-0c9b-4616-9b83-f10dc2dedbfd-1430053456045-1.7-m-26-hu.wav,C:\Users\Lenovo\Desktop\Mindcloud\Final project\ML model\initial\hungry\3030d0e9-0c9b-4616-9b83-f10dc2dedbfd-1430053456045-1.7-m-26-hu.wav,6.76,0.03649928793311119,0.028798585757613182,0.14324145047169812,0.051720303840270786,183.71755632126346,51.513895143194844,-238.5792,128.27892,93.46112,32.366634,-39.853714,24.832909,-12.074232,14.989075,-25.811235,13.752471,4.2120786,11.771098,-15.976165,9.96286,-12.969664,13.189313,-19.073107,9.7328005,-11.518323,8.56311,-10.561479,7.629409,-6.9069333,5.743378,-7.168087,11.187438
269,hungry,3DF341FA-E90B-4335-A51A-A9B0769150CE-1436859328-1.1-m-04-hu.wav,C:\Users\Lenovo\Desktop\Mindcloud\Final project\ML model\initial\hungry\3DF341FA-E90B-4335-A51A-A9B0769150CE-1436859328-1.1-m-04-hu.wav,7.0,0.047295812517404556,0.052429232746362686,0.28623490767045456,0.18730577865954834,155.9143733349721,82.51070947541088,-210.60922,71.51758,25.554014,38.59065,-2.089805,13.992674,10.354154,12.329866,-8.85006,13.397406,-19.011637,10.885209,-14.66934,10.866329,-16.424381,12.485279,-30.00034,8.816198,-9.683009,10.744147,-7.913881,5.232656,-1.2890518,9.163177,-8.901746,7.216985
270,hungry,4be720ce-a5e5-4a48-930f-a212f8a239f6-1434737694572-1.7-f-48-hu.wav,C:\Users\Lenovo\Desktop\Mindcloud\Final project\ML model\initial\hungry\4be720ce-a5e5-4a48-930f-a212f8a239f6-1434737694572-1.7-f-48-hu.wav,6.78,0.010328144766390324,0.027900060638785362,0.22849259286556603,0.07280605401849417,189.17600171986388,86.17690866406788,-438.18893,113.68627,45.64893,38.36757,-18.50754,32.818336,-5.5468664,12.354258,-4.966201,10.475123,-1.0346637,13.990678,-15.623508,10.678925,-3.427095,9.5624,-13.648553,8.400481,-0.6180926,12.303479,-12.249284,10.633758,-6.9785514,12.544654,-12.525102,9.819315
271,hungry,aaa57dbd-7b88-454a-963e-6faa2f4ed4e7-1436982066128-1.7-f-04-hu.wav,C:\Users\Lenovo\Desktop\Mindcloud\Final project\ML model\initial\hungry\aaa57dbd-7b88-454a-963e-6faa2f4ed4e7-1436982066128-1.7-f-04-hu.wav,6.92,0.007282781880348921,0.012396236881613731,0.21321315940366972,0.06482137963327649,175.8823969921825,82.77057032043888,-456.08887,125.160576,59.140476,28.660856,-35.470165,26.304565,-11.19649,22.641546,-27.915497,13.509388,-6.417876,9.267429,-5.290367,9.68612,-4.392407,10.56185,-3.7840235,8.991856,-2.8485293,10.066647,-6.462515,9.116247,-2.9215875,6.2752576,-6.846584,10.143609
272,hungry,1309B82C-F146-46F0-A723-45345AFA6EA8-1430059849-1.0-f-04-hu.wav,C:\Users\Lenovo\Desktop\Mindcloud\Final project\ML model\initial\hungry\1309B82C-F146-46F0-A723-45345AFA6EA8-1430059849-1.0-f-04-hu.wav,7.0,0.020096708089113235,0.01796446368098259,0.24480202414772728,0.11289858072358584,184.41559903878337,63.81438151416989,-247.47044,91.320244,26.539347,34.279068,-22.456425,19.07676,-3.1660311,14.699316,-8.536095,9.561123,-3.6236694,8.061766,-1.9528015,8.362772,-8.475103,7.87146,-17.532839,5.1450562,-1.8162544,7.5081134,-17.88558,8.190417,-5.071744,11.934231,-13.002414,15.370033
273,hungry,cecd525b-18fd-49e3-b2b9-dfb08b93ad95-1430109958636-1.7-m-26-hu.wav,C:\Users\Lenovo\Desktop\Mindcloud\Final project\ML model\initial\hungry\cecd525b-18fd-49e3-b2b9-dfb08b93ad95-1430109958636-1.7-m-26-hu.wav,6.94,0.021056026220321655,0.023430386558175087,0.17804347047018348,0.0578756172034359,122.6101049162322,60.54628858848205,-250.94066,100.98602,59.05692,21.3565,0.762995,16.675762,2.3774621,18.33023,-16.494005,15.335661,16.712212,9.107183,-15.688108,9.784188,4.207553,9.88304,-8.888153,7.0255556,-3.8930793,6.901068,-11.780871,6.7138834,-16.500925,7.8757944,-14.39212,7.9934573
274,hungry,52dfc27a-fbc4-4d9f-bbcf-6406c919324a-1430041644396-1.7-m-26-hu.wav,C:\Users\Lenovo\Desktop\Mindcloud\Final project\ML model\initial\hungry\52dfc27a-fbc4-4d9f-bbcf-6406c919324a-1430041644396-1.7-m-26-hu.wav,6.9,0.014771370217204094,0.018342195078730583,0.2278781467013889,0.07449347850800045,185.80630619195915,77.39872739188483,-381.42722,107.28729,52.608494,26.526121,-40.503937,29.719893,-2.6409633,14.852339,-36.2026,16.364244,-8.73208,7.557146,-15.787754,12.318403,-7.48934,6.9995294,-14.500426,8.868443,-2.2662091,5.873112,-17.08517,7.340729,-5.1757207,7.4371347,-4.1241345,12.763353
275,hungry,10A40438-09AA-4A21-83B4-8119F03F7A11-1430925172-1.0-f-26-hu.wav,C:\Users\Lenovo\Desktop\Mindcloud\Final project\ML model\initial\hungry\10A40438-09AA-4A21-83B4-8119F03F7A11-1430925172-1.0-f-26-hu.wav,7.0,0.13799531757831573,0.09163549542427063,0.25781693892045454,0.12708665766509286,230.3354429272582,63.38539762654819,-131.26862,164.79626,14.808275,38.32282,-25.85306,23.103416,-35.836002,26.56553,-28.423227,24.009716,5.5258803,14.551115,-10.205299,17.07911,-4.6369557,12.019816,-15.752732,13.851036,-0.55077195,20.11218,-1.7425146,13.217788,-2.5437865,13.384799,-4.97882,12.2294235
276,hungry,D833237F-1F7C-4338-BEDE-84C0CF5F4145-1430084007-1.0-f-26-hu.wav,C:\Users\Lenovo\Desktop\Mindcloud\Final project\ML model\initial\hungry\D833237F-1F7C-4338-BEDE-84C0CF5F4145-1430084007-1.0-f-26-hu.wav,7.0,0.04159119352698326,0.028981518000364304,0.17399680397727274,0.03610937677933985,200.83248882912108,59.88385536543767,-275.40408,86.78958,73.129196,21.730658,-35.930443,23.912931,-37.35351,20.302906,-57.834827,24.06466,2.1409416,13.008181,-7.084683,11.613623,-11.253197,9.450682,-21.122719,11.0507965,-7.147526,13.536533,-6.12576,16.963749,-4.105076,13.947485,-10.259648,16.7603
277,hungry,be21ef2a-a415-4e8b-bfe6-731bf9956e2c-1431320909516-1.7-f-26-hu.wav,C:\Users\Lenovo\Desktop\Mindcloud\Final project\ML model\initial\hungry\be21ef2a-a415-4e8b-bfe6-731bf9956e2c-1431320909516-1.7-f-26-hu.wav,6.96,0.08238682895898819,0.07746487855911255,0.30334808629587157,0.14754898226735075,180.88771379129224,77.71030736769416,-215.46544,152.97258,7.6703815,42.32749,-46.50378,39.31385,-2.5016067,15.274959,-28.098116,20.311375,14.341431,14.190734,-19.011316,10.704811,-10.545592,10.061245,-11.641647,8.79228,-10.717041,9.830478,6.9576397,16.587397,5.3869424,20.517097,-6.292335,15.384779
278,hungry,AE02C934-F4E5-4C73-818D-56AA6887EC18-1430279441-1.0-m-26-hu.wav,C:\Users\Lenovo\Desktop\Mindcloud\Final project\ML model\initial\hungry\AE02C934-F4E5-4C73-818D-56AA6887EC18-1430279441-1.0-m-26-hu.wav,7.0,0.06069416552782059,0.06629861891269684,0.3443093039772727,0.08753359846514787,235.62179690046426,64.27892199613976,-213.58018,132.94705,-5.7629504,35.29489,-29.76165,18.09204,-28.942059,18.28191,-9.430806,13.08766,16.810696,18.420204,-25.891043,13.107644,-18.909414,10.468029,-6.0002737,18.191534,9.856135,22.989742,-12.77396,14.880757,-5.2691746,15.220668,-7.844495,11.858414
279,hungry,6d922623-8424-4625-be4c-4964e0c9e25c-1434898452774-1.7-m-04-hu.wav,C:\Users\Lenovo\Desktop\Mindcloud\Final project\ML model\initial\hungry\6d922623-8424-4625-be4c-4964e0c9e25c-1434898452774-1.7-m-04-hu.wav,6.96,0.055627331137657166,0.046870794147253036,0.10460865825688073,0.034637632642670786,217.38833535883379,73.36589322606956,-239.51276,89.346924,112.76688,30.853762,-5.644378,21.45146,-18.944063,19.175941,-23.296812,11.408256,-13.176486,10.865888,-11.680142,9.495121,-18.773106,9.610014,-17.175737,10.048416,-10.999552,9.121161,-12.540831,8.061015,-5.1811814,8.79968,-13.2437935,7.677467
280,hungry,D833237F-1F7C-4338-BEDE-84C0CF5F4145-1430083995-1.0-f-26-hu.wav,C:\Users\Lenovo\Desktop\Mindcloud\Final project\ML model\initial\hungry\D833237F-1F7C-4338-BEDE-84C0CF5F4145-1430083995-1.0-f-26-hu.wav,7.0,0.048571985214948654,0.03413377329707146,0.19715909090909092,0.058463336676679085,229.06651547648812,69.79063452143272,-236.48479,58.39788,60.388645,28.254732,-48.62498,17.279055,-32.243446,18.095802,-51.324497,17.930954,3.0903268,18.581669,-9.422608,13.48887,-18.999407,10.782606,-14.449082,17.353798,-0.5803311,14.10523,-0.36420545,14.712373,-4.65004,15.75148,-18.390356,12.012211
281,discomfort,1309B82C-F146-46F0-A723-45345AFA6EA8-1432801693-1.1-f-26-dc.wav,C:\Users\Lenovo\Desktop\Mindcloud\Final project\ML model\initial\discomfort\1309B82C-F146-46F0-A723-45345AFA6EA8-1432801693-1.1-f-26-dc.wav,7.0,0.12072880566120148,0.08810672163963318,0.25512251420454546,0.07973061401176564,191.86253973866098,54.68747904227639,-131.27971,148.23624,21.20591,34.83661,-34.534607,22.012388,-33.75132,21.362972,-33.04424,27.97845,5.839946,11.478548,-20.56489,11.617549,-2.141417,14.82674,-11.258945,9.332754,-2.2738287,12.443648,-4.568616,11.64739,3.8439302,14.391276,8.313219,17.568937
282,hungry,9CFD61B9-BF13-406D-8B2F-F73CFAAF25CB-1430927716-1.0-f-04-hu.wav,C:\Users\Lenovo\Desktop\Mindcloud\Final project\ML model\initial\hungry\9CFD61B9-BF13-406D-8B2F-F73CFAAF25CB-1430927716-1.0-f-04-hu.wav,7.0,0.04786671698093414,0.04419209063053131,0.1802734375,0.05181585443554049,189.16496033748905,33.93146070038603,-228.37129,92.460075,52.17082,28.334995,-7.292243,20.718523,0.22164875,15.116792,-15.50853,13.782814,3.6933475,15.110118,-9.478484,12.059199,-11.381625,9.972273,-11.777589,6.4251227,-14.255819,8.37181,-15.015505,10.478324,-7.4848456,14.939803,-0.67886007,18.196941
283,hungry,d1e236a0-e030-4137-9030-5625026cd098-1430477960643-1.2-m-04-hu.wav,C:\Users\Lenovo\Desktop\Mindcloud\Final project\ML model\initial\hungry\d1e236a0-e030-4137-9030-5625026cd098-1430477960643-1.2-m-04-hu.wav,6.92,0.2234794944524765,0.1253334879875183,0.21727171731651376,0.028728148401107514,220.96805991432433,46.913003537616774,-143.09111,117.4852,61.095882,34.300995,-87.34529,27.453766,-58.16295,23.320635,-15.07705,10.188698,12.799079,13.800996,-35.335163,14.21025,7.706317,12.144358,-14.226305,15.087169,3.3435004,13.541198,5.653374,16.711252,15.031887,20.402931,0.42767388,19.839048
284,hungry,c6fd9d60-0fa7-44c0-b3ce-0192527d7b81-1430066825817-1.7-m-72-hu.wav,C:\Users\Lenovo\Desktop\Mindcloud\Final project\ML model\initial\hungry\c6fd9d60-0fa7-44c0-b3ce-0192527d7b81-1430066825817-1.7-m-72-hu.wav,6.78,0.039349403232336044,0.043169405311346054,0.1706036261792453,0.08994912729149722,217.9979389810885,73.91980100786726,-319.58575,157.42378,44.050144,33.18528,1.3727527,28.482256,1.7057623,21.110332,-38.187492,26.11623,-5.9323597,8.931201,-15.904303,12.113388,-12.65088,11.305775,-12.723755,11.408223,-9.539225,12.572131,-5.6548324,12.632517,-5.115209,11.405337,-4.3294535,12.005216
285,hungry,aaa57dbd-7b88-454a-963e-6faa2f4ed4e7-1436982075169-1.7-f-04-hu.wav,C:\Users\Lenovo\Desktop\Mindcloud\Final project\ML model\initial\hungry\aaa57dbd-7b88-454a-963e-6faa2f4ed4e7-1436982075169-1.7-f-04-hu.wav,6.9,0.012658505700528622,0.012425917200744152,0.22281901041666666,0.07011549237334411,194.59247598427157,79.27930677767232,-406.7194,159.96664,47.34909,28.756971,-52.511482,37.38303,-8.327981,22.291203,-15.887108,17.370565,-0.035101943,17.788433,-16.983175,16.9567,-1.6112206,9.779466,-4.1329527,10.042141,-2.0476904,7.3629675,-9.03481,9.228643,-9.543659,7.9140573,-7.2757425,7.413787
286,hungry,F4A0C710-AC2D-42E0-8EA9-3E4CAC31EE20-1430318400-1.0-m-04-hu.wav,C:\Users\Lenovo\Desktop\Mindcloud\Final project\ML model\initial\hungry\F4A0C710-AC2D-42E0-8EA9-3E4CAC31EE20-1430318400-1.0-m-04-hu.wav,7.0,0.08306950330734253,0.05006556957960129,0.2380859375,0.048793586861582576,205.99663113859202,63.812635692892485,-173.44118,90.54873,23.665503,22.915125,-61.241863,23.713068,-33.852283,11.146866,-26.918701,13.470687,4.88922,9.526211,-4.8969383,11.068202,-12.387005,11.494462,-17.103502,11.316334,-12.936739,10.309771,-8.862977,10.596819,-8.275563,17.596773,15.71486,22.58445
287,hungry,04c3386b-e6bc-4bd0-8456-d46ae21a73fc-1435305829013-1.7-f-26-hu.wav,C:\Users\Lenovo\Desktop\Mindcloud\Final project\ML model\initial\hungry\04c3386b-e6bc-4bd0-8456-d46ae21a73fc-1435305829013-1.7-f-26-hu.wav,6.9,0.004736187402158976,0.005848646629601717,0.23532895688657407,0.03271696147379263,164.09259291844282,71.29152223597013,-498.707,93.38587,39.84233,22.634771,-34.65554,37.618767,-13.57863,13.394422,-18.172165,17.281967,-4.2290554,12.844723,-0.042768665,8.9071245,-5.985447,9.230872,-6.7001863,8.87867,-5.311863,7.5077004,0.21680988,12.885155,8.317623,14.984416,-6.3383455,9.963207
288,hungry,67414C5E-0EB2-48FD-8391-FCF085FDB6D9-1430050964-1.0-m-04-hu.wav,C:\Users\Lenovo\Desktop\Mindcloud\Final project\ML model\initial\hungry\67414C5E-0EB2-48FD-8391-FCF085FDB6D9-1430050964-1.0-m-04-hu.wav,7.0,0.10195886343717575,0.12994623184204102,0.21559836647727273,0.08306285348157565,172.3713165349366,80.09068277174393,-202.35515,111.892624,26.257057,29.703918,-30.480728,30.268538,2.3516264,14.917751,-19.888237,12.290622,-8.526836,18.712027,-13.373666,13.834317,-17.583513,10.614677,-12.882332,11.848972,-6.2468367,13.556988,5.3923473,20.619217,7.609144,19.744707,-9.14302,13.62114
289,hungry,5afc6a14-a9d8-45f8-b31d-c79dd87cc8c6-1430757081034-1.7-m-48-hu.wav,C:\Users\Lenovo\Desktop\Mindcloud\Final project\ML model\initial\hungry\5afc6a14-a9d8-45f8-b31d-c79dd87cc8c6-1430757081034-1.7-m-48-hu.wav,6.68,0.14531029760837555,0.07797133177518845,0.33140811011904764,0.13069422852288295,235.47230928250775,65.6909244284565,-110.69811,126.2004,-17.118645,46.514202,-24.079006,28.398956,-20.500233,19.61195,-17.277008,14.969661,-1.8740531,11.582319,-19.836477,15.063423,1.4011225,18.212366,3.2966657,12.939929,-4.790479,17.064451,-9.862483,15.389822,-3.324355,14.754757,-7.5805116,15.497428
290,hungry,64acb345-a61e-4ef3-a5a6-cf83c04b83f1-1430058973897-1.7-m-72-hu.wav,C:\Users\Lenovo\Desktop\Mindcloud\Final project\ML model\initial\hungry\64acb345-a61e-4ef3-a5a6-cf83c04b83f1-1430058973897-1.7-m-72-hu.wav,6.62,0.1373039335012436,0.15589474141597748,0.2447228064903846,0.057435868779265244,242.1400147013643,76.76683434027389,-144.00978,90.737915,33.2986,14.447354,-30.030958,20.4698,-22.989712,33.689728,-32.86444,17.368912,-6.701823,10.380536,-14.07232,10.432688,2.1977606,18.043505,-2.1045756,10.556433,2.0535605,15.61494,-13.649568,12.810909,-14.556307,11.945846,-15.300657,10.87032
291,hungry,b5044f9a-6f2e-44fc-8e04-9076a988acf2-1435544527174-1.7-m-04-hu.wav,C:\Users\Lenovo\Desktop\Mindcloud\Final project\ML model\initial\hungry\b5044f9a-6f2e-44fc-8e04-9076a988acf2-1435544527174-1.7-m-04-hu.wav,6.9,0.014310594648122787,0.016030877828598022,0.09491644965277778,0.08115789494748135,114.84228579015571,53.7383231715342,-386.31042,138.37526,104.46641,39.93576,26.478243,26.111673,-7.2181215,22.292557,4.5658603,13.753341,2.6881323,11.50215,-4.6407995,11.171936,-1.1327235,7.9848166,-5.9495907,7.5384626,-0.61772543,6.8270187,-9.14034,5.879938,-0.31507108,6.7027254,-8.828166,6.913354
292,hungry,7A864194-4B6B-4850-ABBF-0C2A8170107B-1436846870-1.1-f-26-hu.wav,C:\Users\Lenovo\Desktop\Mindcloud\Final project\ML model\initial\hungry\7A864194-4B6B-4850-ABBF-0C2A8170107B-1436846870-1.1-f-26-hu.wav,7.0,0.12140343338251114,0.13204656541347504,0.2946644176136364,0.08604736138492375,244.95499690570094,66.83743683595691,-149.32681,102.50162,11.837776,36.56515,-42.337,28.762157,-6.996167,19.59284,-13.5760975,22.714127,-6.3489013,11.378544,-11.747402,12.8414135,-14.072585,10.524969,-5.995608,17.839327,5.9277654,19.565645,-4.503774,15.97896,-9.151822,15.315653,-4.9370413,18.087742
293,hungry,50DC5FBC-AC95-44F2-B55F-E4E5FB03AC96-1430108024-1.0-m-26-hu.wav,C:\Users\Lenovo\Desktop\Mindcloud\Final project\ML model\initial\hungry\50DC5FBC-AC95-44F2-B55F-E4E5FB03AC96-1430108024-1.0-m-26-hu.wav,7.0,0.06948687881231308,0.034629762172698975,0.4188876065340909,0.10780883163258849,203.6087253153693,56.1752953128157,-136.15976,89.680725,-32.622444,22.49504,-5.1048265,10.826706,-6.3596926,14.676007,-28.020247,14.583122,9.1685505,8.341215,-9.548874,10.363852,-2.3154292,15.22085,-20.991522,10.593976,1.3117672,16.965467,3.2767107,17.004276,7.2957892,16.73098,-2.8757539,15.999431
294,hungry,999bf14b-e417-4b44-b746-9253f81efe38-1431013054417-1.7-m-26-hu.wav,C:\Users\Lenovo\Desktop\Mindcloud\Final project\ML model\initial\hungry\999bf14b-e417-4b44-b746-9253f81efe38-1431013054417-1.7-m-26-hu.wav,6.9,0.06587537378072739,0.055115342140197754,0.1687599464699074,0.05474227977646662,208.14106566779373,69.72841476072844,-259.1594,112.93081,87.10367,43.508965,-62.149532,30.056864,-6.557788,22.407047,-42.10074,19.097702,1.4563491,16.04833,-15.972845,13.208056,-1.7242671,10.021517,-12.366994,9.38485,-16.425985,13.120414,-8.88081,10.0777445,-7.931617,14.027759,-0.6315285,18.173891
295,tired,B2AABCE0-1F62-4B57-B58A-308959ABDFE7-1437188751-1.1-m-26-ti.wav,C:\Users\Lenovo\Desktop\Mindcloud\Final project\ML model\initial\tired\B2AABCE0-1F62-4B57-B58A-308959ABDFE7-1437188751-1.1-m-26-ti.wav,7.0,0.07053124904632568,0.06530452519655228,0.27918590198863635,0.16067505650703948,192.63925076768382,50.458536607131556,-213.3901,67.7637,31.444983,38.256237,-18.776358,16.431978,9.784419,10.877693,-28.50349,10.464471,1.7925489,17.5068,-15.803758,5.812407,-10.343147,6.8276606,-11.039598,6.307589,-15.01587,11.939748,-10.870308,19.694487,-4.3027472,16.760921,1.5407866,20.350248
296,hungry,CC8771B1-C84E-4223-A010-029A7629A975-1434107299-1.1-f-04-hu.wav,C:\Users\Lenovo\Desktop\Mindcloud\Final project\ML model\initial\hungry\CC8771B1-C84E-4223-A010-029A7629A975-1434107299-1.1-f-04-hu.wav,7.0,0.017497124150395393,0.014977671205997467,0.3048961292613636,0.07120630031741403,174.50925777970696,54.35411875718945,-285.99377,91.54835,15.500306,22.611994,-35.233063,19.892914,-10.219305,16.375952,-26.940506,15.2705,-13.004415,11.246552,-5.2768087,8.517525,-11.308115,8.320206,-14.372255,12.672405,-12.229583,9.27461,-16.29458,11.049583,-1.7967277,17.044538,1.9537293,16.988552
297,discomfort,d6cda191-4962-4308-9a36-46d5648a95ed-1426942891562-1.4-f-48-dc.wav,C:\Users\Lenovo\Desktop\Mindcloud\Final project\ML model\initial\discomfort\d6cda191-4962-4308-9a36-46d5648a95ed-1426942891562-1.4-f-48-dc.wav,6.82,0.0033796580974012613,0.0049859751015901566,0.22082633615654207,0.1058105780090967,123.71387816918296,54.428604865864436,-478.51837,74.0239,54.53836,36.08066,8.215467,16.52075,23.648825,14.047593,-4.451491,18.035555,12.255854,18.154032,-6.3228908,13.592689,4.390193,8.22481,-6.4648495,8.867499,-2.1826324,7.265317,-7.276689,9.939863,7.0466704,13.589709,6.871451,12.446789
298,discomfort,D1CB71F9-EF76-49B3-A703-41D557444D21-1436863419-1.1-f-26-dc.wav,C:\Users\Lenovo\Desktop\Mindcloud\Final project\ML model\initial\discomfort\D1CB71F9-EF76-49B3-A703-41D557444D21-1436863419-1.1-f-26-dc.wav,7.0,0.10221248865127563,0.07850240916013718,0.2098455255681818,0.05854419540072231,190.28064553977714,52.27548886920209,-173.24754,90.806595,36.703716,39.568825,-32.522823,21.637434,-27.859995,23.619278,-25.354383,22.495052,7.2479315,11.107697,-13.135077,10.470787,-3.751036,9.682777,-12.4706335,9.584565,-8.514729,13.509814,-12.7565975,10.877874,-5.494614,17.70126,7.7498507,16.335714
299,hungry,035c6b30-a145-42b9-8d0f-445cd9003d2c-1435948197257-1.7-m-04-hu.wav,C:\Users\Lenovo\Desktop\Mindcloud\Final project\ML model\initial\hungry\035c6b30-a145-42b9-8d0f-445cd9003d2c-1435948197257-1.7-m-04-hu.wav,6.96,0.1117289587855339,0.05571424216032028,0.38470738962155965,0.11148750442823986,195.7028321456951,71.66968200939756,-111.77382,86.21006,-28.867273,37.74761,-44.031097,14.177186,1.1935251,16.386782,-29.171862,12.721039,1.5890979,13.092528,-27.777252,11.597658,7.1126614,9.528472,-18.914167,10.997847,11.573475,11.996942,-3.1248026,12.006944,-0.52833736,19.893059,-14.791402,13.639214
300,tired,03ADDCFB-354E-416D-BF32-260CF47F7060-1433658024-1.1-f-04-ti.wav,C:\Users\Lenovo\Desktop\Mindcloud\Final project\ML model\initial\tired\03ADDCFB-354E-416D-BF32-260CF47F7060-1433658024-1.1-f-04-ti.wav,7.0,0.09850811213254929,0.055553220212459564,0.30143821022727274,0.08531796525499169,215.24361259551483,57.27340662805925,-123.39475,123.18288,-7.680766,34.01802,-45.796547,15.119343,-14.830528,21.512884,-35.80921,22.256855,-6.582898,12.82163,-14.554728,12.694565,5.8630204,10.92254,-17.312841,12.634889,-2.7078047,15.001321,9.8974495,17.321499,16.990097,22.082533,-2.468735,21.992365
301,hungry,b4c460d8-bd6b-4017-9bb8-2ae4ff0c5af1-1432751065608-1.7-f-26-hu.wav,C:\Users\Lenovo\Desktop\Mindcloud\Final project\ML model\initial\hungry\b4c460d8-bd6b-4017-9bb8-2ae4ff0c5af1-1432751065608-1.7-f-26-hu.wav,6.92,0.30681851506233215,0.1182657852768898,0.2707228354357798,0.09185895977721724,216.30174481721545,59.234715889529575,-27.347094,74.83342,4.041765,53.181763,-60.010952,26.856441,-38.595387,32.098675,-22.231724,25.000372,-0.6851021,19.129953,-10.393599,15.510025,-0.72151494,16.44209,-15.941022,16.921267,2.5748403,15.668623,-9.696316,14.94207,6.0942965,18.946972,-1.8884245,18.052528
302,hungry,045C5483-69E1-4BEC-B1D8-9286D174B9B2-1430102996-1.0-m-04-hu.wav,C:\Users\Lenovo\Desktop\Mindcloud\Final project\ML model\initial\hungry\045C5483-69E1-4BEC-B1D8-9286D174B9B2-1430102996-1.0-m-04-hu.wav,7.0,0.17211535573005676,0.1607971042394638,0.15557084517045455,0.0506210294532011,212.83760785874594,32.23331252308226,-217.73836,93.252846,39.18606,23.340769,-20.611656,11.321974,-5.593525,11.890953,-31.53847,21.475847,-19.693432,14.251344,-7.8657117,7.2534943,-19.034332,8.598923,-3.0740268,11.444679,-3.8962753,17.862534,0.86422896,22.370726,9.156705,19.672358,3.8075929,21.936728
303,hungry,F2F97740-D638-4B6F-9E09-3AC65F06B448-1436849313-1.1-f-48-hu.wav,C:\Users\Lenovo\Desktop\Mindcloud\Final project\ML model\initial\hungry\F2F97740-D638-4B6F-9E09-3AC65F06B448-1436849313-1.1-f-48-hu.wav,7.0,0.04318245127797127,0.04140079393982887,0.20231711647727274,0.048591687694260824,160.47768603410614,69.82043619940643,-180.32446,72.693474,54.620888,34.64811,-31.75119,15.132428,-2.5704935,10.419302,-20.92394,12.949684,-6.912156,6.8110566,-14.835544,8.963262,-15.133004,8.811209,-22.904985,7.076977,-9.423037,8.898368,-12.785192,9.79367,-1.0789533,18.970924,0.105862044,15.281793
304,hungry,090C15A8-5406-4EA5-97A3-81F6527227C0-1430147525-1.0-m-72-hu.wav,C:\Users\Lenovo\Desktop\Mindcloud\Final project\ML model\initial\hungry\090C15A8-5406-4EA5-97A3-81F6527227C0-1430147525-1.0-m-72-hu.wav,7.0,0.0611446350812912,0.11068352311849594,0.2932794744318182,0.06545302832415413,189.05115017325562,86.1022523390927,-264.5912,140.46213,22.287003,35.98019,-35.825714,23.453648,8.184433,14.628391,-16.776894,16.80197,-23.723534,14.021484,-3.8138137,10.677994,-9.401342,13.913157,-10.922336,10.723048,-0.30008703,15.048915,-14.029798,16.36852,-4.996003,11.595029,-9.167676,9.259968
305,tired,eea17285-4ab9-4d34-a2f5-55fc8c866ac6-1431887695278-1.7-f-26-ti.wav,C:\Users\Lenovo\Desktop\Mindcloud\Final project\ML model\initial\tired\eea17285-4ab9-4d34-a2f5-55fc8c866ac6-1431887695278-1.7-f-26-ti.wav,6.92,0.0014604165917262435,0.001017437083646655,0.1299231293004587,0.06565235907334248,107.44366655235898,27.491918616101415,-518.13745,93.71168,55.82258,19.12543,19.839031,14.933292,15.108027,10.160141,2.407247,11.310815,-0.58493674,8.57733,-4.911596,7.925422,1.5381002,6.6509023,-12.058677,7.235465,0.65366197,4.6920066,-11.480127,5.6622353,-2.3207884,4.81944,-11.939948,5.6376605
306,hungry,edb5924c-07ba-4eaa-838b-aaf9511a219b-1431899400326-1.7-m-48-hu.wav,C:\Users\Lenovo\Desktop\Mindcloud\Final project\ML model\initial\hungry\edb5924c-07ba-4eaa-838b-aaf9511a219b-1431899400326-1.7-m-48-hu.wav,6.96,0.10596605390310287,0.1051822155714035,0.1962890625,0.058037839462762204,178.1751596878406,74.21760917982698,-189.61224,136.6394,55.024036,33.69106,-60.8843,38.82094,-6.679662,19.276518,-5.4841604,13.955508,1.2391567,12.505529,-7.56106,12.116648,-5.862659,7.7748356,-18.976185,7.3180923,-3.0797749,4.5373707,-14.096431,7.982631,-8.6125965,8.111966,-4.3885427,14.98528
307,hungry,69374818-7b73-48ac-8200-e6a225e293fb-1430746080630-1.7-m-04-hu.wav,C:\Users\Lenovo\Desktop\Mindcloud\Final project\ML model\initial\hungry\69374818-7b73-48ac-8200-e6a225e293fb-1430746080630-1.7-m-04-hu.wav,6.72,0.19001838564872742,0.13108696043491364,0.23415389150943397,0.08234580689457094,213.1674207469183,60.60800674165809,-107.30229,116.13832,18.687305,27.19783,-53.693886,25.963337,4.454298,17.25733,-30.212946,17.435764,-5.6431694,8.219022,-20.10135,10.887908,-16.841217,10.671591,-7.0567865,6.184126,-11.238008,10.089789,-9.57521,6.4587307,-3.0424101,15.291538,2.1265912,18.112923
308,discomfort,d6cda191-4962-4308-9a36-46d5648a95ed-1431161889263-1.7-m-04-dc.wav,C:\Users\Lenovo\Desktop\Mindcloud\Final project\ML model\initial\discomfort\d6cda191-4962-4308-9a36-46d5648a95ed-1431161889263-1.7-m-04-dc.wav,6.84,0.014635467901825905,0.016206953674554825,0.2819983936915888,0.0770240087756515,200.9302820463202,63.333681365912305,-365.06467,94.95695,50.198887,38.40107,-34.642315,32.78985,-12.219489,24.15475,-29.308771,14.677336,13.719562,9.520589,-14.261922,13.818282,-1.2303014,8.277053,-16.36955,8.947001,-10.587886,9.773167,-14.062531,9.06434,-1.6299187,10.899924,2.7758808,16.198912
309,hungry,743E7CCA-D32B-40B6-9541-9808122D3F6B-1436860028-1.1-f-26-hu.wav,C:\Users\Lenovo\Desktop\Mindcloud\Final project\ML model\initial\hungry\743E7CCA-D32B-40B6-9541-9808122D3F6B-1436860028-1.1-f-26-hu.wav,7.0,0.11717861145734787,0.11125864833593369,0.3475497159090909,0.2046929552019015,187.3999524387719,62.55393149199408,-163.24266,122.474594,5.249958,37.395657,-4.4455204,15.224814,-15.590099,19.691309,-18.867699,25.147762,-13.763389,9.707115,-2.2259703,12.670405,-2.4776664,9.563586,-16.883251,7.8892574,-13.036648,10.833146,-4.438922,8.352404,-0.17486516,13.791359,1.9251924,17.46311
310,hungry,7A864194-4B6B-4850-ABBF-0C2A8170107B-1436846824-1.1-f-26-hu.wav,C:\Users\Lenovo\Desktop\Mindcloud\Final project\ML model\initial\hungry\7A864194-4B6B-4850-ABBF-0C2A8170107B-1436846824-1.1-f-26-hu.wav,7.0,0.03514520451426506,0.04145282879471779,0.22743696732954546,0.04546020234193509,191.97383313974203,88.14071855464643,-232.68199,110.30177,33.33182,21.635418,-42.204445,26.715076,-17.909382,17.426653,-24.477293,14.385782,-5.6389127,15.127187,-19.658424,8.94805,-12.674752,10.750108,-17.384743,13.216453,-3.7181396,15.643302,-8.076763,18.985212,-4.7580323,13.055479,-10.414395,13.240325
311,hungry,8c920fd0-fa9f-4926-bcac-074767dcbfcd-1436856363348-1.7-f-04-hu.wav,C:\Users\Lenovo\Desktop\Mindcloud\Final project\ML model\initial\hungry\8c920fd0-fa9f-4926-bcac-074767dcbfcd-1436856363348-1.7-f-04-hu.wav,6.68,0.025164730846881866,0.023530352860689163,0.22718098958333333,0.09479847738330761,179.78779045519943,75.61738903784364,-315.7553,155.29422,44.32551,45.964638,-16.020033,22.409006,-21.565632,19.356901,-18.445019,17.101774,-8.826842,10.376463,-17.656897,12.329094,-2.099999,11.341956,-21.447796,14.783559,-0.1843907,8.572189,-4.5427103,7.707774,-1.714824,11.379476,-4.045933,12.869732
312,hungry,86c2b87a-ae7c-46a3-b6fb-7ebe748812cf-1430036593222-1.7-f-26-hu.wav,C:\Users\Lenovo\Desktop\Mindcloud\Final project\ML model\initial\hungry\86c2b87a-ae7c-46a3-b6fb-7ebe748812cf-1430036593222-1.7-f-26-hu.wav,7.04,0.056217603385448456,0.058062855154275894,0.14808558558558557,0.05943166313223972,138.65210790631622,71.4129022148106,-155.07748,93.40812,86.04031,34.84729,-13.910516,17.337927,-10.575509,16.180187,-22.584803,9.605821,-6.7773895,10.077996,-12.463402,8.558232,-8.84518,6.8782053,-12.617704,6.2957487,-7.97833,5.692233,-9.344178,4.8471556,-6.11993,7.4286766,-6.62225,5.4967732
313,hungry,719bb382-a592-46b7-82d2-8b4a625263b7-1430376267895-1.7-m-48-hu.wav,C:\Users\Lenovo\Desktop\Mindcloud\Final project\ML model\initial\hungry\719bb382-a592-46b7-82d2-8b4a625263b7-1430376267895-1.7-m-48-hu.wav,6.86,0.004459857475012541,0.011295483447611332,0.21300365306712962,0.06877449724601885,182.55706702116728,75.42509163030448,-482.6852,113.553986,45.460915,25.874165,-20.879202,24.049118,5.9831166,18.494635,-24.959496,15.511499,11.832148,11.83155,-8.73374,8.666987,-6.77594,8.281897,-18.417536,7.724428,-8.88699,8.041333,-7.243786,9.491045,-6.0508595,5.6011887,-7.264384,5.372754
314,hungry,69374818-7b73-48ac-8200-e6a225e293fb-1430746091424-1.7-m-04-hu.wav,C:\Users\Lenovo\Desktop\Mindcloud\Final project\ML model\initial\hungry\69374818-7b73-48ac-8200-e6a225e293fb-1430746091424-1.7-m-04-hu.wav,6.72,0.07962407916784286,0.10735543072223663,0.22438366008254718,0.07748697191487476,216.76617183489873,72.08742348965974,-213.88786,118.86696,38.948784,27.862644,-49.80912,26.965836,-15.305623,22.817808,-24.613588,18.30507,-9.813649,10.5013485,-12.8315525,12.760991,-13.700346,10.244998,-10.782438,10.17458,-3.973192,9.727422,-8.908902,10.710675,2.0130236,9.896984,-3.721161,16.005955
315,hungry,D54D9C2A-56ED-4338-9D1F-2ADB4E081DAD-1430036283-1.0-m-48-hu.wav,C:\Users\Lenovo\Desktop\Mindcloud\Final project\ML model\initial\hungry\D54D9C2A-56ED-4338-9D1F-2ADB4E081DAD-1430036283-1.0-m-48-hu.wav,7.0,0.07422716170549393,0.0839395746588707,0.3708584872159091,0.07802808074670978,192.92424444552583,71.41400984069197,-191.68237,144.04034,-20.032438,29.595398,-63.077473,24.686409,3.7301435,15.394109,-36.641727,18.914948,16.500296,14.95042,5.4337406,13.456862,-1.0163641,8.311246,-5.591126,11.326108,-6.8467436,10.673458,-12.7484045,11.059163,3.1891046,16.383335,-4.4082584,15.613239
316,hungry,653bf718-94bd-40d0-af7c-8fe44e07640c-1430759214066-1.7-m-04-hu.wav,C:\Users\Lenovo\Desktop\Mindcloud\Final project\ML model\initial\hungry\653bf718-94bd-40d0-af7c-8fe44e07640c-1430759214066-1.7-m-04-hu.wav,6.86,0.03862219303846359,0.035574913024902344,0.1554859302662037,0.09413893456209868,202.48622258610078,76.53459338348142,-328.20416,120.12914,68.08846,41.17777,-18.731401,15.392873,-17.814291,14.838349,-37.09406,20.928226,-3.852316,10.738866,-29.929068,15.331857,-1.7913861,8.841002,-12.826933,13.802447,4.670206,17.522606,-13.609369,12.552067,-3.762982,12.973159,-12.556127,12.409136
317,hungry,31e785de-b0c9-464f-88e2-bd8f1dd5cda4-1433403682898-1.7-m-04-hu.wav,C:\Users\Lenovo\Desktop\Mindcloud\Final project\ML model\initial\hungry\31e785de-b0c9-464f-88e2-bd8f1dd5cda4-1433403682898-1.7-m-04-hu.wav,6.78,0.11552067846059799,0.1132868304848671,0.2852852299528302,0.1409781207293074,208.47363933650362,82.9889149273085,-242.8542,153.789,-5.900174,55.205597,-25.174734,33.32335,4.206916,16.484436,-21.013075,22.391855,-5.8323536,10.474597,-13.571582,14.864546,-0.83599585,15.296194,2.891095,14.330891,5.1453257,14.84093,-12.695971,15.694005,-8.824071,11.067357,-4.9872055,10.90145
318,hungry,4CD5903D-E2CE-401E-B898-D873C763F44B-1430727653-1.0-m-26-hu.wav,C:\Users\Lenovo\Desktop\Mindcloud\Final project\ML model\initial\hungry\4CD5903D-E2CE-401E-B898-D873C763F44B-1430727653-1.0-m-26-hu.wav,7.0,0.019966965541243553,0.01884354278445244,0.27761896306818185,0.08917038334634694,184.79045514202332,78.53784378861886,-313.7537,121.668,15.479236,37.719208,-35.663605,22.994347,-11.474768,23.854948,9.735763,14.847702,-3.0251021,12.031714,-18.67776,12.660982,-10.499561,11.627084,-14.622909,8.631943,-2.9534967,10.938929,-13.223898,8.934616,0.8250093,10.859998,-11.892364,10.916367
319,hungry,177dc72e-d0f8-47ef-a5a7-3b46878e11a0-1430736358754-1.7-f-26-hu.wav,C:\Users\Lenovo\Desktop\Mindcloud\Final project\ML model\initial\hungry\177dc72e-d0f8-47ef-a5a7-3b46878e11a0-1430736358754-1.7-f-26-hu.wav,6.92,0.1254618763923645,0.15238380432128906,0.2801928038990826,0.08788190204630422,208.3209653117355,68.66798158156492,-178.60765,128.59793,35.29051,24.890425,-69.04634,41.662804,-12.224836,14.193017,-39.060745,17.546667,2.9742193,12.773355,-14.113009,10.56846,-9.131919,9.46237,-8.593372,12.961619,-2.8529007,11.306617,-3.6113694,15.155471,9.751242,18.894081,-2.5458484,15.521064
320,hungry,8b1faa77-e3ac-48af-bf2a-58aadebefcba-1436798541805-1.7-m-04-hu.wav,C:\Users\Lenovo\Desktop\Mindcloud\Final project\ML model\initial\hungry\8b1faa77-e3ac-48af-bf2a-58aadebefcba-1436798541805-1.7-m-04-hu.wav,6.74,0.025479642674326897,0.06035705283284187,0.2605625368514151,0.07031762847660392,127.22442492110294,63.21166064352143,-400.13443,125.893486,29.989925,23.754715,-12.164766,30.897509,-8.082112,20.70009,2.6226585,12.027727,13.354231,10.5882015,-13.367183,13.222194,-4.6119485,5.212561,-8.411047,9.343908,0.100015424,6.68221,-9.2093725,9.979898,-7.196852,5.1800876,-4.713375,9.50131
321,tired,d6cda191-4962-4308-9a36-46d5648a95ed-1431587887997-1.7-m-04-ti.wav,C:\Users\Lenovo\Desktop\Mindcloud\Final project\ML model\initial\tired\d6cda191-4962-4308-9a36-46d5648a95ed-1431587887997-1.7-m-04-ti.wav,6.82,0.09197334945201874,0.1263802945613861,0.37799357476635514,0.07717826939947035,187.83004733953135,73.98883041678332,-299.7658,166.0691,-22.056196,38.484016,-54.869995,47.503036,-10.684994,20.410303,-13.612977,16.800062,14.929639,10.578199,-4.8683667,9.056415,-1.0047013,11.358373,-11.420479,11.010737,-1.643564,6.522129,-0.55270916,10.7218685,8.838273,14.637673,-1.5352062,15.01795
322,hungry,3BF71DAF-2A9E-4355-89D3-41AC37E94083-1437281306-1.1-f-26-hu.wav,C:\Users\Lenovo\Desktop\Mindcloud\Final project\ML model\initial\hungry\3BF71DAF-2A9E-4355-89D3-41AC37E94083-1437281306-1.1-f-26-hu.wav,7.0,0.009613675065338612,0.00978834182024002,0.2559881036931818,0.07560814252655536,190.3699558048809,70.59928921281268,-330.82828,55.44352,32.88869,17.430506,-7.4664273,12.95716,-7.5238576,14.2754545,-29.49013,18.730843,10.429112,13.387196,-25.674639,8.042356,-12.931184,6.6618505,-19.5148,5.856435,-20.835262,7.1688995,-10.345391,7.3624735,-8.87415,7.130933,-9.986422,10.877602
323,hungry,3030d0e9-0c9b-4616-9b83-f10dc2dedbfd-1430053594259-1.7-m-26-hu.wav,C:\Users\Lenovo\Desktop\Mindcloud\Final project\ML model\initial\hungry\3030d0e9-0c9b-4616-9b83-f10dc2dedbfd-1430053594259-1.7-m-26-hu.wav,6.74,0.03656556084752083,0.025319917127490044,0.19820994251179244,0.0676143139994787,205.34057198470063,56.5871076136731,-224.68414,133.84639,47.726402,27.118597,-38.75013,22.82102,-24.27387,15.550386,-17.967047,8.880187,24.108091,9.481719,-27.20856,10.44497,0.59791267,8.531984,-26.618511,9.762304,-13.266092,9.339243,-8.861053,13.625038,0.5451707,12.657258,-2.250161,12.629582
324,hungry,a40b9b8d-e4bc-457a-badf-f38bdbc0c358-1430016779981-1.7-m-26-hu.wav,C:\Users\Lenovo\Desktop\Mindcloud\Final project\ML model\initial\hungry\a40b9b8d-e4bc-457a-badf-f38bdbc0c358-1430016779981-1.7-m-26-hu.wav,6.94,0.09809370338916779,0.09797049313783646,0.20636378297018348,0.08159791736655812,173.23684029754253,60.50194480441673,-164.49663,98.767944,62.427963,51.233063,-28.554228,36.54292,5.95865,11.913668,-11.641697,13.044265,13.597128,12.6381645,-20.676403,9.38404,-10.00298,11.165175,-21.537186,7.3943715,-12.485754,7.8730817,-11.938758,10.781887,4.807299,16.462635,-11.185481,14.960968
325,hungry,3941D08C-5A97-48A4-8830-091D878137F6-1430099813-1.0-m-72-hu.wav,C:\Users\Lenovo\Desktop\Mindcloud\Final project\ML model\initial\hungry\3941D08C-5A97-48A4-8830-091D878137F6-1430099813-1.0-m-72-hu.wav,7.0,0.19046363234519958,0.12046483904123306,0.2998135653409091,0.08337758604851228,217.86899150070806,68.06163135288784,-108.73915,113.160255,1.2490904,26.629251,-38.241478,19.422089,-20.783285,29.808537,-8.850808,17.115353,10.215638,15.829515,-5.1532226,10.928287,1.1126156,11.519588,-16.416124,10.412572,0.6364141,10.157527,3.0229168,13.738137,15.54619,16.782045,9.887643,13.894923
326,hungry,2EE636FB-BD76-4118-A0EF-82FAFC32301F-1436586600-1.1-f-04-hu.wav,C:\Users\Lenovo\Desktop\Mindcloud\Final project\ML model\initial\hungry\2EE636FB-BD76-4118-A0EF-82FAFC32301F-1436586600-1.1-f-04-hu.wav,7.0,0.04522465541958809,0.03264668211340904,0.1736017400568182,0.043085248781334476,183.41536914073671,74.62204029162768,-182.68982,40.055656,44.68712,15.002065,-17.232162,18.274132,-11.652228,8.956609,-40.89155,7.4695506,-17.61228,12.943623,-24.069155,11.613861,-22.646223,4.617839,-24.129568,7.849716,-14.406198,6.0452247,-10.472404,8.872192,-6.4449844,8.488958,-0.634136,12.590881
327,hungry,f896b69d-6241-4b51-9c45-0d628bc827c1-1430090274181-1.7-m-04-hu.wav,C:\Users\Lenovo\Desktop\Mindcloud\Final project\ML model\initial\hungry\f896b69d-6241-4b51-9c45-0d628bc827c1-1430090274181-1.7-m-04-hu.wav,6.9,0.057840410619974136,0.08468204736709595,0.082275390625,0.031627668772680716,166.6142939571322,67.22387650270117,-343.58673,106.338974,100.63929,38.69482,16.605309,34.445312,6.7358646,20.574196,-22.366282,29.418482,-9.332508,13.532286,-14.906903,10.222701,-13.7079935,9.775347,-8.599105,10.5110855,-4.2558804,11.569268,-5.596619,15.619498,-8.3281765,11.720068,-11.277669,10.716821
328,hungry,11417AC2-DCC9-48CD-8177-CA8665E51B2F-1436881489-1.1-m-48-hu.wav,C:\Users\Lenovo\Desktop\Mindcloud\Final project\ML model\initial\hungry\11417AC2-DCC9-48CD-8177-CA8665E51B2F-1436881489-1.1-m-48-hu.wav,7.0,0.03283971548080444,0.015049856156110764,0.33272372159090907,0.10263300582402363,186.11949009886624,62.13448510972438,-168.73361,56.836193,15.788875,29.625847,-10.1664295,16.226564,-16.660263,9.514874,-16.367975,9.759086,4.2317805,7.8698645,-25.543583,7.7369947,-11.638591,8.132425,-13.677718,10.681584,-14.051446,8.218683,-15.581618,15.385888,1.231457,16.856636,-8.514439,12.29724
329,hungry,C421C6FE-DFEE-4080-8AEA-848E7CE4756B-1430548250-1.0-f-48-hu.wav,C:\Users\Lenovo\Desktop\Mindcloud\Final project\ML model\initial\hungry\C421C6FE-DFEE-4080-8AEA-848E7CE4756B-1430548250-1.0-f-48-hu.wav,7.0,0.059648483991622925,0.037086427211761475,0.2080477627840909,0.06591373131299981,199.335974024598,57.615859069129556,-163.86479,92.34633,30.716513,25.06364,-35.623123,22.251928,-19.857069,16.968884,-22.454777,15.28657,-14.727856,13.794421,-20.748808,10.353742,-13.005493,13.282704,-15.484729,13.847733,-9.261428,12.448266,-11.293884,13.383386,-0.5004047,18.493694,1.1853095,15.927546
330,hungry,e37c323c-0edb-4942-be47-3cc0b2de00a1-1434392919844-1.7-f-26-hu.wav,C:\Users\Lenovo\Desktop\Mindcloud\Final project\ML model\initial\hungry\e37c323c-0edb-4942-be47-3cc0b2de00a1-1434392919844-1.7-f-26-hu.wav,6.88,0.01629759930074215,0.019118379801511765,0.2482593677662037,0.11588094511033482,169.52916317301495,63.183101202819486,-359.56186,94.567604,45.50424,30.511667,-13.307989,20.9401,-6.782111,20.036175,-30.194328,20.739912,7.4489126,11.127074,-11.6496725,12.086469,-3.533244,9.6602545,-12.002851,9.565641,-6.9990206,7.306071,-15.091498,9.763338,-4.4667063,10.419269,-3.808733,13.957847
331,hungry,e36730a9-d62b-4752-856f-b42feb1585df-1429975817524-1.7-m-04-hu.wav,C:\Users\Lenovo\Desktop\Mindcloud\Final project\ML model\initial\hungry\e36730a9-d62b-4752-856f-b42feb1585df-1429975817524-1.7-m-04-hu.wav,6.76,0.033254511654376984,0.062236689031124115,0.2586048054245283,0.08645857832538309,204.11529140638865,67.96365173662211,-349.4041,93.84922,21.863583,17.11011,-55.01545,25.176096,-10.495442,11.321212,-26.76677,17.768167,3.862102,16.51996,-8.580983,17.416857,-1.7716537,12.94562,-14.27209,8.611174,-3.0368726,14.110135,1.1661621,15.518952,3.3538835,11.697462,-5.3178234,13.0741005
332,hungry,818A32F4-D5D8-426C-B88C-81A8154AC81A-1430093571-1.0-m-26-hu.wav,C:\Users\Lenovo\Desktop\Mindcloud\Final project\ML model\initial\hungry\818A32F4-D5D8-426C-B88C-81A8154AC81A-1430093571-1.0-m-26-hu.wav,7.0,0.15278907120227814,0.10466507077217102,0.26663263494318185,0.05779976959179319,202.0663539604169,54.02248057625712,-108.17661,81.68946,18.55435,34.980923,-22.427235,26.348766,-15.38503,27.313217,-9.8538685,14.788229,12.487046,16.825819,-19.690596,11.60867,-2.9037983,10.419975,-18.157637,14.332563,-6.152157,19.566938,2.2534482,22.370493,7.786134,23.931845,-1.7795337,21.68279
333,hungry,80f5ab0a-16c1-4738-9209-fbdae52ff769-1430140636917-1.7-f-04-hu.wav,C:\Users\Lenovo\Desktop\Mindcloud\Final project\ML model\initial\hungry\80f5ab0a-16c1-4738-9209-fbdae52ff769-1430140636917-1.7-f-04-hu.wav,6.9,0.044594500213861465,0.04678395017981529,0.2570845992476852,0.1347316712745646,199.51526679947963,68.78479091573418,-261.86252,163.75507,23.829329,48.911076,-49.50639,46.139732,12.556618,22.09985,-41.679806,17.239521,1.4949172,13.235813,-33.23269,14.689818,-5.5205364,11.211068,-15.361421,8.210702,-2.6011186,10.02191,-6.354074,9.618788,3.7255945,10.54539,-6.5470705,13.203323
334,hungry,a40b9b8d-e4bc-457a-badf-f38bdbc0c358-1430016745385-1.7-m-04-hu.wav,C:\Users\Lenovo\Desktop\Mindcloud\Final project\ML model\initial\hungry\a40b9b8d-e4bc-457a-badf-f38bdbc0c358-1430016745385-1.7-m-04-hu.wav,6.86,0.16793937981128693,0.1592247188091278,0.25675003616898145,0.14851117049623455,178.3819928898905,71.82475864198365,-120.876114,85.51581,53.881466,61.296562,-25.933672,32.99056,16.30948,22.882212,-17.61217,12.898379,13.545575,12.732761,-29.292164,10.647393,-7.447062,14.509298,-22.944496,8.619098,-11.067784,9.353569,-10.218414,10.042583,1.3994532,20.082056,-3.951209,16.958998
335,hungry,96986c8b-9988-4c37-a0f8-e7c4269cc3ac-1431719845836-1.7-m-26-hu.wav,C:\Users\Lenovo\Desktop\Mindcloud\Final project\ML model\initial\hungry\96986c8b-9988-4c37-a0f8-e7c4269cc3ac-1431719845836-1.7-m-26-hu.wav,6.72,0.08611685037612915,0.06714052706956863,0.20271963443396226,0.051183097614102856,196.6052627992768,71.93520670152337,-205.15135,102.26331,58.432545,32.23097,-68.499916,30.25627,-25.734953,18.692474,-11.585753,17.741873,-6.0479755,14.373702,-3.4306319,13.240654,0.24675505,10.810084,-13.372953,13.893399,-3.3918939,20.038471,-4.0019164,17.736738,6.004555,24.292738,-0.71332556,23.596188
336,hungry,7E4B9C14-F955-4BED-9B03-7F3096A6CBFF-1430232157-1.0-f-26-hu.wav,C:\Users\Lenovo\Desktop\Mindcloud\Final project\ML model\initial\hungry\7E4B9C14-F955-4BED-9B03-7F3096A6CBFF-1430232157-1.0-f-26-hu.wav,7.0,0.043006781488657,0.08002299815416336,0.27866654829545456,0.059735282696550464,179.03257042511882,63.40264190796126,-301.49026,139.44724,15.4445095,32.158184,-37.75732,21.26091,-2.37635,18.012575,-17.089113,11.08626,-12.163563,16.421747,-15.084277,12.842188,-3.3736358,14.521549,-15.75839,11.639735,-5.005715,9.400664,-2.9970639,10.283327,3.1862721,11.782506,-2.0628054,11.542378
337,hungry,2a0e6a88-b049-4f46-a3d6-d73ffae470d5-1430770161530-1.7-m-04-hu.wav,C:\Users\Lenovo\Desktop\Mindcloud\Final project\ML model\initial\hungry\2a0e6a88-b049-4f46-a3d6-d73ffae470d5-1430770161530-1.7-m-04-hu.wav,6.94,0.09021855890750885,0.08301834762096405,0.23073304902522937,0.11169110224065996,173.9374376239659,60.266361575221325,-177.63885,139.15007,36.55755,42.302837,-34.35252,24.131615,-8.5957575,19.039684,-26.731106,22.306276,-3.5245476,15.969585,-3.3582182,12.023024,-13.166041,12.227116,-17.096935,9.007198,-11.756528,8.208366,-9.913955,11.791338,-0.27077776,18.297602,1.6385857,18.870022
338,hungry,7b23d26e-6f97-4e8b-b520-a9fdde21ee91-1432275312750-1.7-m-48-hu.wav,C:\Users\Lenovo\Desktop\Mindcloud\Final project\ML model\initial\hungry\7b23d26e-6f97-4e8b-b520-a9fdde21ee91-1432275312750-1.7-m-48-hu.wav,6.94,0.20173972845077515,0.11599158495664597,0.26547717173165136,0.11786923218854378,204.20398997810614,64.47410970860336,-114.573326,116.87929,23.118074,64.5007,-62.047775,38.185642,7.7084765,15.799031,-35.355366,20.016373,-5.536773,15.96505,-11.175718,16.544035,-0.89406174,17.769823,-19.8117,13.5854,2.985866,12.539141,-4.7693415,14.6519165,-0.4216291,14.410654,3.1331723,18.573755
339,hungry,efd13da0-d40e-48bc-b14e-dee28af4d3c6-1430728179252-1.7-m-22-hu.wav,C:\Users\Lenovo\Desktop\Mindcloud\Final project\ML model\initial\hungry\efd13da0-d40e-48bc-b14e-dee28af4d3c6-1430728179252-1.7-m-22-hu.wav,6.9,0.09764137119054794,0.09027812629938126,0.1847873263888889,0.10669989844176164,231.787570516777,74.18638451147623,-269.69022,148.03737,42.602562,53.46831,-25.763723,42.474827,11.931282,16.244883,-34.132828,22.873579,-11.77867,17.06989,-23.492714,18.271439,0.25454673,21.232374,-14.9009905,20.140781,-7.172068,17.88768,-14.235807,18.94683,-7.4812984,12.190412,-6.0161357,15.162109
340,hungry,6639C63C-F634-489C-91B3-E3DB5930EFD5-1431370278-1.1-m-04-hu.wav,C:\Users\Lenovo\Desktop\Mindcloud\Final project\ML model\initial\hungry\6639C63C-F634-489C-91B3-E3DB5930EFD5-1431370278-1.1-m-04-hu.wav,7.0,0.11446589231491089,0.06472676992416382,0.1390047940340909,0.06651683495645823,188.06225788948746,41.22538756962584,-208.16147,76.541016,51.241356,26.421545,-34.693714,13.468689,-3.8120172,10.964461,-43.13982,12.92248,-41.96601,13.552015,-18.300522,11.103118,-6.8909903,8.820845,-35.445538,10.858139,4.894797,13.497917,-5.3722763,8.483216,1.510355,11.967211,9.033311,15.200883
341,hungry,090C15A8-5406-4EA5-97A3-81F6527227C0-1430147582-1.0-m-72-hu.wav,C:\Users\Lenovo\Desktop\Mindcloud\Final project\ML model\initial\hungry\090C15A8-5406-4EA5-97A3-81F6527227C0-1430147582-1.0-m-72-hu.wav,7.0,0.02095124125480652,0.015301193110644817,0.17657581676136364,0.05422104341068957,222.10718522501838,67.3687845103222,-303.32117,84.72609,40.760048,18.749086,-34.760426,21.73833,-11.1804285,13.904934,-27.8606,14.091452,-32.314888,9.993468,-14.862461,9.531407,-5.505243,13.993028,-15.22196,12.323306,-2.494498,13.055454,-24.398708,8.3161955,-6.1555696,9.484688,-7.622798,14.096861
342,hungry,7B924575-21FC-462A-969E-BABB46D1CBF5-1430055234-1.0-f-72-hu.wav,C:\Users\Lenovo\Desktop\Mindcloud\Final project\ML model\initial\hungry\7B924575-21FC-462A-969E-BABB46D1CBF5-1430055234-1.0-f-72-hu.wav,7.0,0.02696734108030796,0.030745645985007286,0.27574573863636365,0.08729005643358065,200.00508559189905,60.54931282515154,-286.04523,123.01714,16.827404,27.323618,-31.567764,24.658703,-0.1901296,15.548926,-16.840776,13.664776,-9.351311,7.5692854,-22.226875,11.377202,-18.879183,10.1656475,0.32396013,13.273937,3.6885035,14.440253,-11.833799,13.601703,-7.331191,10.2135725,-8.022856,14.241269
343,discomfort,64acb345-a61e-4ef3-a5a6-cf83c04b83f1-1430059012473-1.7-m-72-dc.wav,C:\Users\Lenovo\Desktop\Mindcloud\Final project\ML model\initial\discomfort\64acb345-a61e-4ef3-a5a6-cf83c04b83f1-1430059012473-1.7-m-72-dc.wav,6.68,0.35625720024108887,0.20406223833560944,0.2903134300595238,0.06785702175553429,227.34486678834742,64.04391331361522,-78.562515,87.46728,-9.548762,33.433025,-70.95144,33.40233,-1.1109014,22.411598,-16.634151,16.402792,8.628814,12.111791,-21.436493,11.488442,-6.688371,13.870709,-0.06268527,17.138882,-0.7181363,18.366495,4.4430704,19.03371,-5.9970803,22.008017,-10.875304,20.118982
344,hungry,92d08bbe-553f-4844-85b1-15d572f06ea2-1436873183951-1.7-m-04-hu.wav,C:\Users\Lenovo\Desktop\Mindcloud\Final project\ML model\initial\hungry\92d08bbe-553f-4844-85b1-15d572f06ea2-1436873183951-1.7-m-04-hu.wav,6.78,0.1588251292705536,0.10983677953481674,0.22086434994103774,0.10113114264530548,205.35029665080077,67.60550546800496,-113.835304,119.94242,36.915974,45.69782,-49.566097,39.064972,11.232867,21.410425,-28.420883,22.011486,5.477336,16.873898,-13.847568,12.173586,-4.392952,10.993012,-2.3534956,14.972401,-1.0957094,15.186494,-2.2230575,16.052135,-0.65909225,15.924612,-7.921062,15.143896
345,hungry,02c3b725-26e4-4a2c-9336-04ddc58836d9-1430726196216-1.7-m-04-hu.wav,C:\Users\Lenovo\Desktop\Mindcloud\Final project\ML model\initial\hungry\02c3b725-26e4-4a2c-9336-04ddc58836d9-1430726196216-1.7-m-04-hu.wav,6.94,0.0008510592742823064,0.0006864379392936826,0.25793345040137616,0.08184155653367806,183.22808863795638,85.60412788051451,-568.07404,73.69398,44.37585,30.65626,-9.3595085,21.396738,-16.585304,17.317806,-16.919514,14.470802,0.035900142,12.8957615,-7.7623057,8.586133,-7.1911826,11.0720825,-5.200638,9.294104,-0.6672561,7.8005443,-6.5068645,8.280892,-7.154637,10.199424,-12.922104,9.028651
346,discomfort,discomfortae5a462b-5424-4b5b-82d5-07ccb61654ab-1431064345173-1.7-f-48-dc_pitch-2.wav,./Aug/discomfortae5a462b-5424-4b5b-82d5-07ccb61654ab-1431064345173-1.7-f-48-dc_pitch-2.wav,6.9,0.010902640409767628,0.014848639257252216,0.14032023385067113,0.05429179699206982,148.51968172871514,73.79047048045076,-533.36993,104.025215,133.44269,50.916393,-76.400246,60.40469,-9.808797,18.897532,31.513538,16.09939,-36.03638,30.483486,-11.719643,12.692623,26.757559,18.257988,-9.974996,12.416187,-11.544288,10.6642065,8.876475,7.2195396,-9.222478,6.678915,-8.411521,6.599877
347,discomfort,discomfortae5a462b-5424-4b5b-82d5-07ccb61654ab-1431064345173-1.7-f-48-dc_pitch-1.wav,./Aug/discomfortae5a462b-5424-4b5b-82d5-07ccb61654ab-1431064345173-1.7-f-48-dc_pitch-1.wav,6.9,0.010866278782486916,0.01483417209237814,0.14456074349832215,0.059624607049943545,132.82733131171332,64.1509226324763,-531.44244,105.93373,128.82999,47.544163,-80.69325,63.35062,-0.7425234,17.873703,26.688313,15.030629,-40.213074,32.123062,0.39505804,10.358046,24.842085,16.45717,-17.848932,15.620805,-5.789019,9.137715,6.855689,7.330366,-13.855989,7.640045,-2.585908,7.62709
348,discomfort,discomfortae5a462b-5424-4b5b-82d5-07ccb61654ab-1431064345173-1.7-f-48-dc_pitch1.wav,./Aug/discomfortae5a462b-5424-4b5b-82d5-07ccb61654ab-1431064345173-1.7-f-48-dc_pitch1.wav,6.9,0.010512438602745533,0.01430986076593399,0.16079855285234898,0.0680781891650524,145.60634497481905,72.77329849755365,-529.46564,108.92676,120.39714,41.429317,-89.83934,66.93253,14.799697,18.597761,12.756919,14.81237,-41.216793,29.367208,21.078259,16.874134,9.044883,11.033882,-24.285686,17.366537,7.0032787,9.290564,-4.8900366,7.2316523,-13.166616,8.692552,5.0614586,7.3124027
349,discomfort,discomfortae5a462b-5424-4b5b-82d5-07ccb61654ab-1431064345173-1.7-f-48-dc_pitch2.wav,./Aug/discomfortae5a462b-5424-4b5b-82d5-07ccb61654ab-1431064345173-1.7-f-48-dc_pitch2.wav,6.9,0.01107321958988905,0.014706327579915524,0.17255662751677853,0.06784768632309279,157.5580689851426,76.9806665369831,-520.8551,111.37717,104.626884,39.14509,-87.26885,67.293175,19.724312,19.908047,2.857177,15.969156,-36.682747,26.324389,26.200624,20.821585,-1.3281956,9.468833,-21.636406,15.6043215,8.442098,9.756824,-10.898696,7.7762494,-7.9970293,8.268134,3.8695815,7.3389707
350,discomfort,discomfortae5a462b-5424-4b5b-82d5-07ccb61654ab-1431064345173-1.7-f-48-dc_speed0.9.wav,./Aug/discomfortae5a462b-5424-4b5b-82d5-07ccb61654ab-1431064345173-1.7-f-48-dc_speed0.9.wav,7.666666666666667,0.010899278335273266,0.014774760231375694,0.15469074537386707,0.06343965905124105,146.9490097391538,74.24357891335998,-528.05945,108.48449,119.50767,45.268665,-82.92587,65.23309,6.378499,17.509876,18.747425,13.962931,-41.29985,31.967823,10.848608,12.598575,17.951736,13.902447,-22.187687,17.153954,0.777319,7.7902837,1.825046,6.7987094,-14.779149,8.522331,2.6537664,7.6289396
351,discomfort,discomfortae5a462b-5424-4b5b-82d5-07ccb61654ab-1431064345173-1.7-f-48-dc_speed1.1.wav,./Aug/discomfortae5a462b-5424-4b5b-82d5-07ccb61654ab-1431064345173-1.7-f-48-dc_speed1.1.wav,6.272743764172335,0.011004059575498104,0.014490335248410702,0.15233293934501846,0.061152957029456584,139.17825971926254,71.15760548065349,-526.5935,107.981,123.80018,45.638905,-86.12782,64.39556,5.948998,18.236351,19.501398,14.460408,-41.951633,31.97352,11.391753,12.761651,18.608406,13.849772,-22.136152,16.887716,1.7234579,7.9568777,2.2405834,6.4747663,-15.36673,8.779774,2.1916344,7.25027
352,discomfort,discomfortae5a462b-5424-4b5b-82d5-07ccb61654ab-1431064345173-1.7-f-48-dc_noise283.wav,./Aug/discomfortae5a462b-5424-4b5b-82d5-07ccb61654ab-1431064345173-1.7-f-48-dc_noise283.wav,6.9,0.015952955931425095,0.021347258239984512,0.29181358798238255,0.12075944225254776,142.21425855146433,72.9295736389612,-409.496,86.149895,46.73081,37.59479,-44.384373,51.641125,-1.6406863,15.077942,5.588093,12.943792,-23.604685,26.967997,4.310561,10.491892,11.84619,12.849281,-11.375682,14.951279,-3.2917838,7.3162713,1.7561905,6.1660185,-7.201539,7.6961846,-1.9183012,6.2126412
353,discomfort,discomfortae5a462b-5424-4b5b-82d5-07ccb61654ab-1431064345173-1.7-f-48-dc_noise283.wav,./Aug/discomfortae5a462b-5424-4b5b-82d5-07ccb61654ab-1431064345173-1.7-f-48-dc_noise283.wav,6.9,0.015952955931425095,0.021347258239984512,0.29181358798238255,0.12075944225254776,142.21425855146433,72.9295736389612,-409.496,86.149895,46.73081,37.59479,-44.384373,51.641125,-1.6406863,15.077942,5.588093,12.943792,-23.604685,26.967997,4.310561,10.491892,11.84619,12.849281,-11.375682,14.951279,-3.2917838,7.3162713,1.7561905,6.1660185,-7.201539,7.6961846,-1.9183012,6.2126412
354,discomfort,discomfortae5a462b-5424-4b5b-82d5-07ccb61654ab-1431064345173-1.7-f-48-dc_noise283.wav,./Aug/discomfortae5a462b-5424-4b5b-82d5-07ccb61654ab-1431064345173-1.7-f-48-dc_noise283.wav,6.9,0.015952955931425095,0.021347258239984512,0.29181358798238255,0.12075944225254776,142.21425855146433,72.9295736389612,-409.496,86.149895,46.73081,37.59479,-44.384373,51.641125,-1.6406863,15.077942,5.588093,12.943792,-23.604685,26.967997,4.310561,10.491892,11.84619,12.849281,-11.375682,14.951279,-3.2917838,7.3162713,1.7561905,6.1660185,-7.201539,7.6961846,-1.9183012,6.2126412
355,discomfort,discomfortae5a462b-5424-4b5b-82d5-07ccb61654ab-1431064345173-1.7-f-48-dc_noise283.wav,./Aug/discomfortae5a462b-5424-4b5b-82d5-07ccb61654ab-1431064345173-1.7-f-48-dc_noise283.wav,6.9,0.015952955931425095,0.021347258239984512,0.29181358798238255,0.12075944225254776,142.21425855146433,72.9295736389612,-409.496,86.149895,46.73081,37.59479,-44.384373,51.641125,-1.6406863,15.077942,5.588093,12.943792,-23.604685,26.967997,4.310561,10.491892,11.84619,12.849281,-11.375682,14.951279,-3.2917838,7.3162713,1.7561905,6.1660185,-7.201539,7.6961846,-1.9183012,6.2126412
356,discomfort,discomfort837fd072-8704-4196-9ff1-1d2c07886e55-1432429478471-1.7-m-22-dc_pitch-2.wav,./Aug/discomfort837fd072-8704-4196-9ff1-1d2c07886e55-1432429478471-1.7-m-22-dc_pitch-2.wav,6.96,0.0031605614349246025,0.0023618179839104414,0.0558349609375,0.01996857896869866,130.85276565903462,47.58860359231732,-589.9651,48.624832,193.935,27.70262,-22.312256,22.151278,9.122904,8.89811,39.87224,8.519868,-25.419054,15.950372,-18.777903,8.377347,15.339158,8.0935135,-7.0570884,6.2944736,-10.161331,8.745861,5.6586027,5.41989,-5.7665086,5.3309402,-7.8170996,6.341698
357,discomfort,discomfort837fd072-8704-4196-9ff1-1d2c07886e55-1432429478471-1.7-m-22-dc_pitch-1.wav,./Aug/discomfort837fd072-8704-4196-9ff1-1d2c07886e55-1432429478471-1.7-m-22-dc_pitch-1.wav,6.96,0.003327994141727686,0.0023546391166746616,0.05320475260416667,0.01616519702051761,134.71610065183856,47.13325607097378,-584.4071,49.20195,194.36172,26.394653,-28.482494,21.935865,13.7896385,8.278879,33.321003,8.086811,-33.736725,16.92343,-11.114472,6.4717484,15.774085,8.441979,-12.932512,7.1758337,-6.578846,7.885592,4.125684,5.5881786,-10.892272,5.8781705,-5.6287394,6.0229335
358,discomfort,discomfort837fd072-8704-4196-9ff1-1d2c07886e55-1432429478471-1.7-m-22-dc_pitch1.wav,./Aug/discomfort837fd072-8704-4196-9ff1-1d2c07886e55-1432429478471-1.7-m-22-dc_pitch1.wav,6.96,0.003255731426179409,0.0021173974964767694,0.06024088541666667,0.017675021085557196,145.62594055873797,54.77503814655833,-583.18365,52.753235,195.5922,24.930553,-44.042004,23.789598,26.942936,8.752088,19.455631,9.555088,-43.12945,16.953222,7.410563,7.057674,7.7140284,6.1231294,-19.81513,9.2999115,2.5621915,6.4893165,-5.4666743,7.601702,-11.938235,6.32331,1.9629736,5.6477437
359,discomfort,discomfort837fd072-8704-4196-9ff1-1d2c07886e55-1432429478471-1.7-m-22-dc_pitch2.wav,./Aug/discomfort837fd072-8704-4196-9ff1-1d2c07886e55-1432429478471-1.7-m-22-dc_pitch2.wav,6.96,0.003204760141670704,0.0021387722808867693,0.06572265625,0.02480141926057594,144.66660293930155,54.60038367089663,-573.74945,54.31353,187.71744,23.732956,-44.24659,24.276423,30.757015,9.614938,9.740587,10.705112,-40.740097,15.374474,14.307992,9.1909,0.36046818,6.1098657,-18.68938,9.054746,4.449289,6.6720867,-10.297389,7.52981,-9.112516,6.8692927,1.2561849,6.672195
360,discomfort,discomfort837fd072-8704-4196-9ff1-1d2c07886e55-1432429478471-1.7-m-22-dc_speed0.9.wav,./Aug/discomfort837fd072-8704-4196-9ff1-1d2c07886e55-1432429478471-1.7-m-22-dc_speed0.9.wav,7.733333333333333,0.0034497627057135105,0.002627676585689187,0.05480152975299401,0.01889688714345248,135.9570914698548,48.720917480260624,-581.5752,50.990112,190.51231,25.775667,-33.214886,23.354424,20.426538,8.2234535,27.62614,8.366532,-37.2934,17.25244,-1.8777353,6.3586,13.41968,7.1390133,-16.544874,8.949074,-2.0783885,7.6853967,0.5270859,6.660804,-12.495378,6.8161798,-1.4327477,6.7249966
361,discomfort,discomfort837fd072-8704-4196-9ff1-1d2c07886e55-1432429478471-1.7-m-22-dc_speed1.1.wav,./Aug/discomfort837fd072-8704-4196-9ff1-1d2c07886e55-1432429478471-1.7-m-22-dc_speed1.1.wav,6.327256235827664,0.003505989210680127,0.002531864680349827,0.05522586137820513,0.021651467805922926,145.09980154418068,47.42000151669988,-580.2341,51.095146,190.52664,26.063276,-32.64581,23.01289,20.083858,8.331904,26.605093,8.908015,-37.98422,17.116198,-1.9615519,6.1371217,13.366241,6.875765,-17.146141,8.613977,-2.9685748,7.2082186,-0.047172576,6.4757915,-12.64312,6.17554,-1.3069952,6.0549045
362,discomfort,discomfort837fd072-8704-4196-9ff1-1d2c07886e55-1432429478471-1.7-m-22-dc_noise283.wav,./Aug/discomfort837fd072-8704-4196-9ff1-1d2c07886e55-1432429478471-1.7-m-22-dc_noise283.wav,6.96,0.004896597005426884,0.003410512814298272,0.0634228515625,0.024702710483780175,141.49592399708328,48.30434599111241,-489.4464,50.23861,128.11705,27.314362,0.8714384,21.461206,14.136437,8.312365,15.59332,8.565357,-22.780523,16.844374,-7.244067,5.805861,8.632235,7.3838644,-8.529329,8.16023,-7.6329336,7.077494,-0.9688253,6.45466,-7.3862386,6.33342,-6.867273,5.9216413
363,discomfort,discomfort837fd072-8704-4196-9ff1-1d2c07886e55-1432429478471-1.7-m-22-dc_noise283.wav,./Aug/discomfort837fd072-8704-4196-9ff1-1d2c07886e55-1432429478471-1.7-m-22-dc_noise283.wav,6.96,0.004896597005426884,0.003410512814298272,0.0634228515625,0.024702710483780175,141.49592399708328,48.30434599111241,-489.4464,50.23861,128.11705,27.314362,0.8714384,21.461206,14.136437,8.312365,15.59332,8.565357,-22.780523,16.844374,-7.244067,5.805861,8.632235,7.3838644,-8.529329,8.16023,-7.6329336,7.077494,-0.9688253,6.45466,-7.3862386,6.33342,-6.867273,5.9216413
364,discomfort,discomfort837fd072-8704-4196-9ff1-1d2c07886e55-1432429478471-1.7-m-22-dc_noise283.wav,./Aug/discomfort837fd072-8704-4196-9ff1-1d2c07886e55-1432429478471-1.7-m-22-dc_noise283.wav,6.96,0.004896597005426884,0.003410512814298272,0.0634228515625,0.024702710483780175,141.49592399708328,48.30434599111241,-489.4464,50.23861,128.11705,27.314362,0.8714384,21.461206,14.136437,8.312365,15.59332,8.565357,-22.780523,16.844374,-7.244067,5.805861,8.632235,7.3838644,-8.529329,8.16023,-7.6329336,7.077494,-0.9688253,6.45466,-7.3862386,6.33342,-6.867273,5.9216413
365,discomfort,discomfort837fd072-8704-4196-9ff1-1d2c07886e55-1432429478471-1.7-m-22-dc_noise283.wav,./Aug/discomfort837fd072-8704-4196-9ff1-1d2c07886e55-1432429478471-1.7-m-22-dc_noise283.wav,6.96,0.004896597005426884,0.003410512814298272,0.0634228515625,0.024702710483780175,141.49592399708328,48.30434599111241,-489.4464,50.23861,128.11705,27.314362,0.8714384,21.461206,14.136437,8.312365,15.59332,8.565357,-22.780523,16.844374,-7.244067,5.805861,8.632235,7.3838644,-8.529329,8.16023,-7.6329336,7.077494,-0.9688253,6.45466,-7.3862386,6.33342,-6.867273,5.9216413
366,discomfort,discomfort999bf14b-e417-4b44-b746-9253f81efe38-1430844979531-1.7-m-04-ch_pitch-2.wav,./Aug/discomfort999bf14b-e417-4b44-b746-9253f81efe38-1430844979531-1.7-m-04-ch_pitch-2.wav,6.9,0.008785688318312168,0.01622801460325718,0.04479898542365772,0.017580130356134198,143.63432939063105,74.63143646100518,-537.6179,78.44384,131.08076,59.60448,20.01308,24.444357,-13.279406,25.978928,2.429696,11.169167,3.2845633,11.725721,-3.9694161,15.379212,-5.7744794,10.783771,-9.502838,7.052018,-8.779585,8.247753,0.56059206,5.5275755,6.1555734,8.375604,3.8402135,6.1177287
367,discomfort,discomfort999bf14b-e417-4b44-b746-9253f81efe38-1430844979531-1.7-m-04-ch_pitch-1.wav,./Aug/discomfort999bf14b-e417-4b44-b746-9253f81efe38-1430844979531-1.7-m-04-ch_pitch-1.wav,6.9,0.009027142077684402,0.016408640891313553,0.046714424286912755,0.019005577218221097,148.94112617636105,71.7879565276742,-529.0761,79.27926,126.54399,58.719505,15.842449,26.2965,-13.261171,25.563848,3.2702837,11.633249,2.237137,12.727178,-5.1910677,14.817886,-6.837516,9.196691,-9.331627,6.9488463,-5.3180704,7.605656,4.6725597,6.7493057,6.975043,8.610308,1.3633238,6.546947
368,discomfort,discomfort999bf14b-e417-4b44-b746-9253f81efe38-1430844979531-1.7-m-04-ch_pitch1.wav,./Aug/discomfort999bf14b-e417-4b44-b746-9253f81efe38-1430844979531-1.7-m-04-ch_pitch1.wav,6.9,0.009081026539206505,0.016541052609682083,0.056011430369127514,0.026986605880755483,153.2932250068262,58.179931769841104,-526.3156,83.532524,127.44712,56.32825,5.0536833,32.545578,-14.985992,24.163696,4.5525274,11.445099,-1.7469081,14.977435,-8.729124,13.640688,-8.457709,7.4820805,-6.6315894,8.63758,2.724049,6.6678433,7.4664903,8.977757,0.11553904,7.028627,-6.877397,7.6416473
369,discomfort,discomfort999bf14b-e417-4b44-b746-9253f81efe38-1430844979531-1.7-m-04-ch_pitch2.wav,./Aug/discomfort999bf14b-e417-4b44-b746-9253f81efe38-1430844979531-1.7-m-04-ch_pitch2.wav,6.9,0.00932080764323473,0.017287665978074074,0.05712562919463087,0.02829863589856998,140.5414299959522,61.26578256461383,-515.2532,82.87676,119.2352,54.014774,3.1911392,34.188732,-13.639441,24.318533,4.001137,11.548732,-3.7821307,14.89597,-10.447559,12.088969,-8.669111,7.86208,-3.761412,8.607005,5.5271697,7.4761424,5.9968624,8.721162,-3.6704166,7.233165,-9.439203,8.040069
370,discomfort,discomfort999bf14b-e417-4b44-b746-9253f81efe38-1430844979531-1.7-m-04-ch_speed0.9.wav,./Aug/discomfort999bf14b-e417-4b44-b746-9253f81efe38-1430844979531-1.7-m-04-ch_speed0.9.wav,7.666666666666667,0.009757420048117638,0.018437977880239487,0.05138016899546828,0.025288006880092608,139.7838437327708,59.17972976763138,-513.1816,76.64305,113.828186,55.99398,13.52075,27.40867,-12.2122345,26.297647,3.0931232,11.547917,1.3832322,12.386838,-7.2135625,14.743455,-9.143479,8.438902,-8.235392,8.421857,-1.5295062,7.1247244,6.110237,7.671791,4.304698,7.166389,-2.9237325,6.8823895
371,discomfort,discomfort999bf14b-e417-4b44-b746-9253f81efe38-1430844979531-1.7-m-04-ch_speed1.1.wav,./Aug/discomfort999bf14b-e417-4b44-b746-9253f81efe38-1430844979531-1.7-m-04-ch_speed1.1.wav,6.272743764172335,0.009005642496049404,0.017019586637616158,0.049710995156826566,0.019184391717122096,144.49890578931388,64.41531235040134,-522.4471,79.760925,123.42372,56.94756,12.101759,28.56935,-13.60299,25.874214,3.638834,11.996188,0.85770744,13.2246,-7.3566284,14.387408,-9.047203,7.947344,-9.000164,7.747511,-1.5177784,6.7247653,6.925209,7.6958685,4.6800547,7.410712,-2.362483,6.706075
372,discomfort,discomfort999bf14b-e417-4b44-b746-9253f81efe38-1430844979531-1.7-m-04-ch_noise283.wav,./Aug/discomfort999bf14b-e417-4b44-b746-9253f81efe38-1430844979531-1.7-m-04-ch_noise283.wav,6.9,0.013114378787577152,0.024055669084191322,0.18084757760067113,0.1408577965758778,135.04488804029816,62.711067312352235,-424.67108,62.568142,79.3522,49.709305,14.842541,19.960014,-8.112552,24.367489,-0.18003774,12.267674,0.68090963,10.199403,-5.3080015,13.125547,-7.746704,8.752706,-6.0701914,7.3007526,-0.290327,6.053544,4.5053473,7.4569154,3.7165813,7.216588,-1.3962202,6.022697
373,discomfort,discomfort999bf14b-e417-4b44-b746-9253f81efe38-1430844979531-1.7-m-04-ch_noise283.wav,./Aug/discomfort999bf14b-e417-4b44-b746-9253f81efe38-1430844979531-1.7-m-04-ch_noise283.wav,6.9,0.013114378787577152,0.024055669084191322,0.18084757760067113,0.1408577965758778,135.04488804029816,62.711067312352235,-424.67108,62.568142,79.3522,49.709305,14.842541,19.960014,-8.112552,24.367489,-0.18003774,12.267674,0.68090963,10.199403,-5.3080015,13.125547,-7.746704,8.752706,-6.0701914,7.3007526,-0.290327,6.053544,4.5053473,7.4569154,3.7165813,7.216588,-1.3962202,6.022697
374,discomfort,discomfort999bf14b-e417-4b44-b746-9253f81efe38-1430844979531-1.7-m-04-ch_noise283.wav,./Aug/discomfort999bf14b-e417-4b44-b746-9253f81efe38-1430844979531-1.7-m-04-ch_noise283.wav,6.9,0.013114378787577152,0.024055669084191322,0.18084757760067113,0.1408577965758778,135.04488804029816,62.711067312352235,-424.67108,62.568142,79.3522,49.709305,14.842541,19.960014,-8.112552,24.367489,-0.18003774,12.267674,0.68090963,10.199403,-5.3080015,13.125547,-7.746704,8.752706,-6.0701914,7.3007526,-0.290327,6.053544,4.5053473,7.4569154,3.7165813,7.216588,-1.3962202,6.022697
375,discomfort,discomfort999bf14b-e417-4b44-b746-9253f81efe38-1430844979531-1.7-m-04-ch_noise283.wav,./Aug/discomfort999bf14b-e417-4b44-b746-9253f81efe38-1430844979531-1.7-m-04-ch_noise283.wav,6.9,0.013114378787577152,0.024055669084191322,0.18084757760067113,0.1408577965758778,135.04488804029816,62.711067312352235,-424.67108,62.568142,79.3522,49.709305,14.842541,19.960014,-8.112552,24.367489,-0.18003774,12.267674,0.68090963,10.199403,-5.3080015,13.125547,-7.746704,8.752706,-6.0701914,7.3007526,-0.290327,6.053544,4.5053473,7.4569154,3.7165813,7.216588,-1.3962202,6.022697
376,discomfort,discomfortf5b29377-7cd6-4688-942c-5a07add39dc5-1437480263225-1.7-f-26-dc_pitch-2.wav,./Aug/discomfortf5b29377-7cd6-4688-942c-5a07add39dc5-1437480263225-1.7-f-26-dc_pitch-2.wav,7.06,0.12420540302991867,0.07379774749279022,0.10361808401639344,0.03559062461676717,189.14118831579827,67.48868824621385,-261.4754,68.55613,183.62352,36.55558,-91.38216,51.198883,-44.88275,23.50799,8.333834,26.438519,-44.91197,17.65304,-15.348713,11.521602,14.188544,11.186469,-25.56826,12.257055,-10.801594,10.556071,15.79654,12.230109,-14.14864,11.631165,-13.780248,9.399386
377,discomfort,discomfortf5b29377-7cd6-4688-942c-5a07add39dc5-1437480263225-1.7-f-26-dc_pitch-1.wav,./Aug/discomfortf5b29377-7cd6-4688-942c-5a07add39dc5-1437480263225-1.7-f-26-dc_pitch-1.wav,7.06,0.12655635178089142,0.07507440447807312,0.1099913550204918,0.037885881934120715,184.98962902660924,72.64083905748178,-253.82951,69.43002,174.30002,35.155365,-99.12256,52.527466,-38.20439,23.418867,4.370061,26.15767,-47.177536,16.823063,-5.636286,12.92286,9.312814,9.462314,-29.361431,12.336723,-0.32949358,12.380927,11.279413,9.49289,-20.802988,14.715293,-4.656833,8.152222
378,discomfort,discomfortf5b29377-7cd6-4688-942c-5a07add39dc5-1437480263225-1.7-f-26-dc_pitch1.wav,./Aug/discomfortf5b29377-7cd6-4688-942c-5a07add39dc5-1437480263225-1.7-f-26-dc_pitch1.wav,7.06,0.13026252388954163,0.07951052486896515,0.12322297643442623,0.043077351099596754,203.28370159010285,73.78798723002663,-242.40471,72.95694,154.30112,35.024914,-112.57284,53.392174,-25.170395,26.412529,-6.1842093,24.9835,-43.85079,16.581146,10.6888685,14.554418,-6.248658,8.915823,-24.833866,11.435892,14.265078,13.478714,-9.301791,12.777936,-19.186253,11.703656,9.914771,13.581719
379,discomfort,discomfortf5b29377-7cd6-4688-942c-5a07add39dc5-1437480263225-1.7-f-26-dc_pitch2.wav,./Aug/discomfortf5b29377-7cd6-4688-942c-5a07add39dc5-1437480263225-1.7-f-26-dc_pitch2.wav,7.06,0.13115011155605316,0.07909904420375824,0.12900390625,0.041867416886210124,206.26078267097049,77.1535788991916,-236.10255,72.49035,143.54218,34.04702,-117.45999,52.514824,-19.551584,28.409157,-11.672317,22.79363,-39.679157,15.6733055,14.747429,14.389856,-14.915435,10.402801,-18.063293,11.272753,14.798321,12.110509,-18.49442,16.085388,-9.734279,10.244323,11.76457,15.703666
380,discomfort,discomfortf5b29377-7cd6-4688-942c-5a07add39dc5-1437480263225-1.7-f-26-dc_speed0.9.wav,./Aug/discomfortf5b29377-7cd6-4688-942c-5a07add39dc5-1437480263225-1.7-f-26-dc_speed0.9.wav,7.844444444444444,0.13076327741146088,0.07990571111440659,0.11603613859097633,0.039422498661473376,195.2113847713121,72.7728059566732,-251.08464,71.69509,166.655,35.44465,-106.66071,53.63462,-31.206587,24.139761,0.03789344,25.820223,-46.655266,16.606312,4.105115,14.153045,2.301019,8.770676,-29.597551,12.180972,8.396201,14.055567,1.6641788,9.314147,-22.911404,14.3598995,3.9139774,9.948437
381,discomfort,discomfortf5b29377-7cd6-4688-942c-5a07add39dc5-1437480263225-1.7-f-26-dc_speed1.1.wav,./Aug/discomfortf5b29377-7cd6-4688-942c-5a07add39dc5-1437480263225-1.7-f-26-dc_speed1.1.wav,6.418185941043084,0.13023684918880463,0.07732531428337097,0.11521322202166065,0.03809621293747177,197.40917413600812,70.83945653007497,-250.04,70.76015,169.79578,34.72884,-109.805504,52.119743,-32.062443,24.424314,-0.27285713,25.577425,-47.85621,16.421293,4.0383096,14.038925,2.4353309,8.772499,-29.498663,12.283527,9.348867,13.405081,1.4327141,9.28487,-23.948435,14.199287,4.152823,9.647915
382,discomfort,discomfortf5b29377-7cd6-4688-942c-5a07add39dc5-1437480263225-1.7-f-26-dc_noise283.wav,./Aug/discomfortf5b29377-7cd6-4688-942c-5a07add39dc5-1437480263225-1.7-f-26-dc_noise283.wav,7.06,0.19301855564117432,0.1185893788933754,0.15839043288934426,0.06802527009236267,208.81628335580191,61.91041085277656,-147.77332,60.710617,85.206406,32.847332,-60.527306,45.27723,-32.56313,22.460539,-9.972657,23.315578,-26.669878,14.784367,-1.9199795,11.8008375,-1.1169997,7.3467355,-16.267664,11.384314,3.6263916,10.952214,1.2341291,8.983466,-14.4015255,13.3963175,-0.67284584,9.307185
383,discomfort,discomfortf5b29377-7cd6-4688-942c-5a07add39dc5-1437480263225-1.7-f-26-dc_noise283.wav,./Aug/discomfortf5b29377-7cd6-4688-942c-5a07add39dc5-1437480263225-1.7-f-26-dc_noise283.wav,7.06,0.19301855564117432,0.1185893788933754,0.15839043288934426,0.06802527009236267,208.81628335580191,61.91041085277656,-147.77332,60.710617,85.206406,32.847332,-60.527306,45.27723,-32.56313,22.460539,-9.972657,23.315578,-26.669878,14.784367,-1.9199795,11.8008375,-1.1169997,7.3467355,-16.267664,11.384314,3.6263916,10.952214,1.2341291,8.983466,-14.4015255,13.3963175,-0.67284584,9.307185
384,discomfort,discomfortf5b29377-7cd6-4688-942c-5a07add39dc5-1437480263225-1.7-f-26-dc_noise283.wav,./Aug/discomfortf5b29377-7cd6-4688-942c-5a07add39dc5-1437480263225-1.7-f-26-dc_noise283.wav,7.06,0.19301855564117432,0.1185893788933754,0.15839043288934426,0.06802527009236267,208.81628335580191,61.91041085277656,-147.77332,60.710617,85.206406,32.847332,-60.527306,45.27723,-32.56313,22.460539,-9.972657,23.315578,-26.669878,14.784367,-1.9199795,11.8008375,-1.1169997,7.3467355,-16.267664,11.384314,3.6263916,10.952214,1.2341291,8.983466,-14.4015255,13.3963175,-0.67284584,9.307185
385,discomfort,discomfortf5b29377-7cd6-4688-942c-5a07add39dc5-1437480263225-1.7-f-26-dc_noise283.wav,./Aug/discomfortf5b29377-7cd6-4688-942c-5a07add39dc5-1437480263225-1.7-f-26-dc_noise283.wav,7.06,0.19301855564117432,0.1185893788933754,0.15839043288934426,0.06802527009236267,208.81628335580191,61.91041085277656,-147.77332,60.710617,85.206406,32.847332,-60.527306,45.27723,-32.56313,22.460539,-9.972657,23.315578,-26.669878,14.784367,-1.9199795,11.8008375,-1.1169997,7.3467355,-16.267664,11.384314,3.6263916,10.952214,1.2341291,8.983466,-14.4015255,13.3963175,-0.67284584,9.307185
386,discomfort,discomfort11417AC2-DCC9-48CD-8177-CA8665E51B2F-1436881512-1.1-m-48-dc_pitch-2.wav,./Aug/discomfort11417AC2-DCC9-48CD-8177-CA8665E51B2F-1436881512-1.1-m-48-dc_pitch-2.wav,7.0,0.01420829351991415,0.008075077086687088,0.07824141142384106,0.038825897060132834,127.67206688298157,73.83071933651252,-438.78015,46.916782,233.42131,24.61236,-67.82521,27.053053,-1.0174092,12.179593,40.305466,13.4546795,-42.969296,13.317297,-7.865726,7.70005,25.380445,12.633931,-26.079535,9.198239,-13.51715,6.9904823,7.859082,5.769777,-25.612206,7.624183,-15.366418,5.9059434
387,discomfort,discomfort11417AC2-DCC9-48CD-8177-CA8665E51B2F-1436881512-1.1-m-48-dc_pitch-1.wav,./Aug/discomfort11417AC2-DCC9-48CD-8177-CA8665E51B2F-1436881512-1.1-m-48-dc_pitch-1.wav,7.0,0.014058651402592659,0.0077397082932293415,0.0840781508692053,0.04291584780536163,122.47223445426825,59.821714108806994,-427.58334,47.899315,223.70189,23.72195,-73.45276,27.268732,7.0613837,12.725941,31.59961,11.450475,-47.538338,13.547497,2.826881,8.560836,17.466316,11.806371,-32.95693,8.914164,-5.655421,7.251139,-0.5705693,5.855456,-30.964993,8.213274,-5.84541,5.4514775
388,discomfort,discomfort11417AC2-DCC9-48CD-8177-CA8665E51B2F-1436881512-1.1-m-48-dc_pitch1.wav,./Aug/discomfort11417AC2-DCC9-48CD-8177-CA8665E51B2F-1436881512-1.1-m-48-dc_pitch1.wav,7.0,0.013141901232302189,0.008536790497601032,0.10199257553807947,0.05055043438787455,122.92584959634655,54.2748982303568,-414.25357,45.802845,206.5082,19.217669,-85.10583,26.74941,20.596447,15.934326,10.825813,9.219219,-48.086517,12.030127,21.010492,13.053671,-6.3295026,9.088869,-35.597023,8.586275,4.296321,7.5586286,-22.001945,7.4437485,-22.85385,6.6500936,3.9810464,6.687472
389,discomfort,discomfort11417AC2-DCC9-48CD-8177-CA8665E51B2F-1436881512-1.1-m-48-dc_pitch2.wav,./Aug/discomfort11417AC2-DCC9-48CD-8177-CA8665E51B2F-1436881512-1.1-m-48-dc_pitch2.wav,7.0,0.0125317657366395,0.008830036036670208,0.11161915355960265,0.050330916199358956,131.50342198591167,65.19275579455068,-412.71387,46.23439,200.32433,18.249609,-94.62552,26.296915,26.24902,17.900156,-1.5401721,8.574998,-46.47082,11.200161,25.653437,13.724301,-21.82861,8.858929,-32.685112,8.668858,4.3047376,7.204802,-30.63152,9.203081,-13.008208,5.3758526,0.33931392,6.6877513
390,discomfort,discomfort11417AC2-DCC9-48CD-8177-CA8665E51B2F-1436881512-1.1-m-48-dc_speed0.9.wav,./Aug/discomfort11417AC2-DCC9-48CD-8177-CA8665E51B2F-1436881512-1.1-m-48-dc_speed0.9.wav,7.777777777777778,0.013382542878389359,0.00914212316274643,0.09294542910447762,0.04347759132051125,122.2281671270252,67.6581028641864,-423.49194,45.385597,213.98474,20.267275,-81.41868,27.07733,13.133235,14.796634,20.69575,9.902928,-50.83862,13.034665,11.874315,11.039395,5.738378,10.245615,-37.343666,9.30777,-0.18389255,6.35604,-12.477284,6.8992095,-31.107748,8.077084,0.648977,6.290734
391,discomfort,discomfort11417AC2-DCC9-48CD-8177-CA8665E51B2F-1436881512-1.1-m-48-dc_speed1.1.wav,./Aug/discomfort11417AC2-DCC9-48CD-8177-CA8665E51B2F-1436881512-1.1-m-48-dc_speed1.1.wav,6.363628117913832,0.013430130667984486,0.007920912466943264,0.08958274147727273,0.043416567580234364,116.95789078250263,58.1949222502125,-428.97626,47.527233,223.05367,21.609566,-85.66234,27.13752,15.379951,14.722674,23.224388,10.423608,-52.219345,13.737924,13.062594,10.668479,6.5434384,10.239475,-37.617985,8.8974905,1.7141471,6.883046,-11.785863,6.4885483,-31.58623,7.98876,1.3087038,5.736283
392,discomfort,discomfort11417AC2-DCC9-48CD-8177-CA8665E51B2F-1436881512-1.1-m-48-dc_noise283.wav,./Aug/discomfort11417AC2-DCC9-48CD-8177-CA8665E51B2F-1436881512-1.1-m-48-dc_noise283.wav,7.0,0.019450576975941658,0.012452327646315098,0.10349783992135761,0.06420548689190664,138.36521869447134,75.85306819484526,-317.2199,40.67148,134.59549,19.079489,-33.573147,25.84085,2.9410815,14.320869,6.779186,10.185169,-30.95352,12.508589,2.427556,10.126596,1.2772638,10.202194,-25.72161,9.32761,-8.358151,6.3068047,-11.156098,6.268968,-23.130642,7.7169766,-6.1853285,5.6815596
393,discomfort,discomfort11417AC2-DCC9-48CD-8177-CA8665E51B2F-1436881512-1.1-m-48-dc_noise283.wav,./Aug/discomfort11417AC2-DCC9-48CD-8177-CA8665E51B2F-1436881512-1.1-m-48-dc_noise283.wav,7.0,0.019450576975941658,0.012452327646315098,0.10349783992135761,0.06420548689190664,138.36521869447134,75.85306819484526,-317.2199,40.67148,134.59549,19.079489,-33.573147,25.84085,2.9410815,14.320869,6.779186,10.185169,-30.95352,12.508589,2.427556,10.126596,1.2772638,10.202194,-25.72161,9.32761,-8.358151,6.3068047,-11.156098,6.268968,-23.130642,7.7169766,-6.1853285,5.6815596
394,discomfort,discomfort11417AC2-DCC9-48CD-8177-CA8665E51B2F-1436881512-1.1-m-48-dc_noise283.wav,./Aug/discomfort11417AC2-DCC9-48CD-8177-CA8665E51B2F-1436881512-1.1-m-48-dc_noise283.wav,7.0,0.019450576975941658,0.012452327646315098,0.10349783992135761,0.06420548689190664,138.36521869447134,75.85306819484526,-317.2199,40.67148,134.59549,19.079489,-33.573147,25.84085,2.9410815,14.320869,6.779186,10.185169,-30.95352,12.508589,2.427556,10.126596,1.2772638,10.202194,-25.72161,9.32761,-8.358151,6.3068047,-11.156098,6.268968,-23.130642,7.7169766,-6.1853285,5.6815596
395,discomfort,discomfort11417AC2-DCC9-48CD-8177-CA8665E51B2F-1436881512-1.1-m-48-dc_noise283.wav,./Aug/discomfort11417AC2-DCC9-48CD-8177-CA8665E51B2F-1436881512-1.1-m-48-dc_noise283.wav,7.0,0.019450576975941658,0.012452327646315098,0.10349783992135761,0.06420548689190664,138.36521869447134,75.85306819484526,-317.2199,40.67148,134.59549,19.079489,-33.573147,25.84085,2.9410815,14.320869,6.779186,10.185169,-30.95352,12.508589,2.427556,10.126596,1.2772638,10.202194,-25.72161,9.32761,-8.358151,6.3068047,-11.156098,6.268968,-23.130642,7.7169766,-6.1853285,5.6815596
396,discomfort,discomfortf258a8e2-92cd-4843-9da4-80ed26ec8e10-1436944996156-1.7-f-26-ch_pitch-2.wav,./Aug/discomfortf258a8e2-92cd-4843-9da4-80ed26ec8e10-1436944996156-1.7-f-26-ch_pitch-2.wav,6.66,0.0795869305729866,0.06384435296058655,0.1346992731925087,0.04275895220134319,198.5482900420189,68.77064683686041,-290.68924,76.256195,144.67514,41.43952,-90.2346,45.3819,-30.191927,14.858577,16.938814,23.170378,-42.588127,18.8725,-11.133063,11.7102375,24.606588,11.326524,-19.155512,15.452765,-14.528235,8.67986,14.368093,9.917849,-11.946774,10.445928,-18.66592,7.8388543
397,discomfort,discomfortf258a8e2-92cd-4843-9da4-80ed26ec8e10-1436944996156-1.7-f-26-ch_pitch-1.wav,./Aug/discomfortf258a8e2-92cd-4843-9da4-80ed26ec8e10-1436944996156-1.7-f-26-ch_pitch-1.wav,6.66,0.0789620503783226,0.06321946531534195,0.14551291648519163,0.04598054336962621,184.76312617276434,69.86381732442894,-287.99008,77.85292,137.79185,39.700863,-98.12905,46.39004,-22.884388,15.536765,12.424231,22.990429,-45.911316,19.717081,0.44885615,9.923418,20.713888,12.298283,-25.877657,14.813373,-4.60746,9.886921,11.468833,8.26621,-21.002972,11.826625,-10.914469,6.7478476
398,discomfort,discomfortf258a8e2-92cd-4843-9da4-80ed26ec8e10-1436944996156-1.7-f-26-ch_pitch1.wav,./Aug/discomfortf258a8e2-92cd-4843-9da4-80ed26ec8e10-1436944996156-1.7-f-26-ch_pitch1.wav,6.66,0.07975220680236816,0.0635000690817833,0.15790709385888502,0.05009379568356865,183.12417984969082,73.38556886265978,-286.72336,81.97532,128.56282,38.396595,-111.007774,46.20983,-5.8729157,21.161545,1.5624723,20.94507,-44.67908,19.682417,21.121387,11.063483,2.0615294,13.265425,-29.585535,10.8780365,11.810901,12.512745,-7.3657293,9.618995,-22.742704,9.349456,7.724312,10.6270895
399,discomfort,discomfortf258a8e2-92cd-4843-9da4-80ed26ec8e10-1436944996156-1.7-f-26-ch_pitch2.wav,./Aug/discomfortf258a8e2-92cd-4843-9da4-80ed26ec8e10-1436944996156-1.7-f-26-ch_pitch2.wav,6.66,0.07881538569927216,0.0628339946269989,0.1702230101263066,0.05566829953980747,191.41700054679214,70.6400229260745,-277.33383,81.66521,112.292465,36.386887,-110.273056,45.925,-0.3103627,24.099163,-5.973404,20.041712,-38.154823,18.09747,25.280699,12.539731,-9.788822,13.3401165,-24.183731,9.956848,13.697975,11.569659,-17.13764,12.252211,-15.006589,7.606605,10.615803,9.629808
400,discomfort,discomfortf258a8e2-92cd-4843-9da4-80ed26ec8e10-1436944996156-1.7-f-26-ch_speed0.9.wav,./Aug/discomfortf258a8e2-92cd-4843-9da4-80ed26ec8e10-1436944996156-1.7-f-26-ch_speed0.9.wav,7.4,0.07901962101459503,0.06318365782499313,0.1520850680838558,0.04867009985309165,189.19654119548161,65.65168226406759,-292.86105,80.295235,137.22884,39.165928,-107.26482,46.679657,-12.958192,17.740484,8.866926,21.98912,-47.496456,20.141731,12.335843,9.925664,12.54689,12.953273,-31.342884,13.084567,5.1399226,11.735996,3.8918376,8.063193,-25.5343,11.335012,-0.88763237,8.864614
401,discomfort,discomfortf258a8e2-92cd-4843-9da4-80ed26ec8e10-1436944996156-1.7-f-26-ch_speed1.1.wav,./Aug/discomfortf258a8e2-92cd-4843-9da4-80ed26ec8e10-1436944996156-1.7-f-26-ch_speed1.1.wav,6.054557823129252,0.07905223220586777,0.061991941183805466,0.15116701089559387,0.04854715480550595,186.2342650685399,74.4850692539697,-286.81818,79.385635,136.11288,38.701744,-105.3592,46.704937,-14.404666,17.934069,7.419802,22.106623,-47.1424,20.227688,11.989871,9.98885,12.993999,12.803092,-30.249496,12.870791,4.7354074,11.64833,3.3103352,7.523377,-25.599672,11.467599,-0.81105036,8.338822
402,discomfort,discomfortf258a8e2-92cd-4843-9da4-80ed26ec8e10-1436944996156-1.7-f-26-ch_noise283.wav,./Aug/discomfortf258a8e2-92cd-4843-9da4-80ed26ec8e10-1436944996156-1.7-f-26-ch_noise283.wav,6.66,0.11852507293224335,0.0956198126077652,0.19882914579703834,0.10161235909021911,194.26266631081583,66.66334230989887,-195.7659,68.249344,69.46291,34.263847,-64.816376,40.373783,-16.70765,16.75947,-1.1565766,20.055315,-29.77918,17.721256,5.3236413,8.794647,8.01234,11.661105,-19.912611,12.600951,-0.11815577,9.765255,2.89461,7.3168592,-17.788834,11.111521,-4.446729,7.6856055
403,discomfort,discomfortf258a8e2-92cd-4843-9da4-80ed26ec8e10-1436944996156-1.7-f-26-ch_noise283.wav,./Aug/discomfortf258a8e2-92cd-4843-9da4-80ed26ec8e10-1436944996156-1.7-f-26-ch_noise283.wav,6.66,0.11852507293224335,0.0956198126077652,0.19882914579703834,0.10161235909021911,194.26266631081583,66.66334230989887,-195.7659,68.249344,69.46291,34.263847,-64.816376,40.373783,-16.70765,16.75947,-1.1565766,20.055315,-29.77918,17.721256,5.3236413,8.794647,8.01234,11.661105,-19.912611,12.600951,-0.11815577,9.765255,2.89461,7.3168592,-17.788834,11.111521,-4.446729,7.6856055
404,discomfort,discomfortf258a8e2-92cd-4843-9da4-80ed26ec8e10-1436944996156-1.7-f-26-ch_noise283.wav,./Aug/discomfortf258a8e2-92cd-4843-9da4-80ed26ec8e10-1436944996156-1.7-f-26-ch_noise283.wav,6.66,0.11852507293224335,0.0956198126077652,0.19882914579703834,0.10161235909021911,194.26266631081583,66.66334230989887,-195.7659,68.249344,69.46291,34.263847,-64.816376,40.373783,-16.70765,16.75947,-1.1565766,20.055315,-29.77918,17.721256,5.3236413,8.794647,8.01234,11.661105,-19.912611,12.600951,-0.11815577,9.765255,2.89461,7.3168592,-17.788834,11.111521,-4.446729,7.6856055
405,discomfort,discomfortf258a8e2-92cd-4843-9da4-80ed26ec8e10-1436944996156-1.7-f-26-ch_noise283.wav,./Aug/discomfortf258a8e2-92cd-4843-9da4-80ed26ec8e10-1436944996156-1.7-f-26-ch_noise283.wav,6.66,0.11852507293224335,0.0956198126077652,0.19882914579703834,0.10161235909021911,194.26266631081583,66.66334230989887,-195.7659,68.249344,69.46291,34.263847,-64.816376,40.373783,-16.70765,16.75947,-1.1565766,20.055315,-29.77918,17.721256,5.3236413,8.794647,8.01234,11.661105,-19.912611,12.600951,-0.11815577,9.765255,2.89461,7.3168592,-17.788834,11.111521,-4.446729,7.6856055
406,discomfort,discomfort79FF400A-97E2-4701-987D-C7C850D5523C-1430089688-1.0-f-48-dc_pitch-2.wav,./Aug/discomfort79FF400A-97E2-4701-987D-C7C850D5523C-1430089688-1.0-f-48-dc_pitch-2.wav,7.0,0.04436725750565529,0.03313490375876427,0.15610771937086093,0.05331750724621894,200.26505416694266,72.93676901430484,-338.85995,70.01506,162.1038,33.9871,-93.85923,39.833,-2.1232677,16.304617,45.419796,20.600048,-37.502483,12.684707,-6.345405,9.261799,25.338976,12.765737,-22.454,11.232408,-10.186213,11.362481,9.418933,8.466633,-17.264479,11.349014,-0.34875497,9.9424095
407,discomfort,discomfort79FF400A-97E2-4701-987D-C7C850D5523C-1430089688-1.0-f-48-dc_pitch-1.wav,./Aug/discomfort79FF400A-97E2-4701-987D-C7C850D5523C-1430089688-1.0-f-48-dc_pitch-1.wav,7.0,0.045646004378795624,0.03529882803559303,0.1641498085678808,0.05809722333654828,201.0922546944557,73.94404778949136,-339.5325,72.92921,162.02574,33.440464,-101.295425,41.01831,10.276354,17.678226,41.07774,18.91393,-43.6701,14.194142,5.333901,9.892184,19.656004,11.824271,-29.796215,11.091853,-0.9484958,11.399442,5.608386,9.875803,-18.222364,10.963747,10.449242,12.523512
408,discomfort,discomfort79FF400A-97E2-4701-987D-C7C850D5523C-1430089688-1.0-f-48-dc_pitch1.wav,./Aug/discomfort79FF400A-97E2-4701-987D-C7C850D5523C-1430089688-1.0-f-48-dc_pitch1.wav,7.0,0.04526743292808533,0.03561848774552345,0.18480960264900662,0.06190224751942572,206.61575762295806,72.88209181677779,-327.95898,73.09373,139.23293,27.964098,-106.432655,40.089603,29.480602,22.763817,20.36984,13.878103,-45.16333,15.64174,22.762589,12.200459,-1.7907509,9.498337,-26.877138,10.425336,13.906515,11.869043,-8.723226,12.784175,-4.7784724,10.405192,15.662744,14.597642
409,discomfort,discomfort79FF400A-97E2-4701-987D-C7C850D5523C-1430089688-1.0-f-48-dc_pitch2.wav,./Aug/discomfort79FF400A-97E2-4701-987D-C7C850D5523C-1430089688-1.0-f-48-dc_pitch2.wav,7.0,0.04528083652257919,0.031557660549879074,0.1953319019039735,0.0673411225511871,196.2617574585256,74.89969437774417,-331.8194,75.793945,143.40536,27.698397,-113.41386,39.91065,43.810696,25.412512,11.262481,10.491812,-43.589825,15.541881,30.625982,13.818883,-15.412905,9.905709,-21.434732,10.321572,16.878935,11.86092,-15.818757,11.383747,4.5687,13.255876,7.2565465,12.657737
410,discomfort,discomfort79FF400A-97E2-4701-987D-C7C850D5523C-1430089688-1.0-f-48-dc_speed0.9.wav,./Aug/discomfort79FF400A-97E2-4701-987D-C7C850D5523C-1430089688-1.0-f-48-dc_speed0.9.wav,7.777777777777778,0.044660620391368866,0.03203656151890755,0.1731765974813433,0.06149479191102706,210.0452319587574,74.23836478201021,-336.35675,71.89792,153.52614,30.024693,-105.26454,40.737312,20.730179,19.725952,32.174435,15.626743,-45.839287,14.89085,15.305072,11.423276,8.979988,11.433,-31.551329,11.0041275,7.7468457,11.648543,-2.3180974,11.499823,-14.053562,9.75207,16.829012,14.491251
411,discomfort,discomfort79FF400A-97E2-4701-987D-C7C850D5523C-1430089688-1.0-f-48-dc_speed1.1.wav,./Aug/discomfort79FF400A-97E2-4701-987D-C7C850D5523C-1430089688-1.0-f-48-dc_speed1.1.wav,6.363628117913832,0.04367701709270477,0.03330577537417412,0.17499289772727272,0.05836485492143989,206.3665962395716,77.40150983827887,-336.5838,73.041794,154.47717,31.284721,-107.019714,39.83195,21.345333,19.801895,32.760155,15.974279,-45.96392,15.064407,15.904666,10.151518,9.649268,10.423883,-31.29352,10.665788,8.286094,11.323385,-1.9884548,11.177597,-13.764929,9.815197,17.547443,14.429082
412,discomfort,discomfort79FF400A-97E2-4701-987D-C7C850D5523C-1430089688-1.0-f-48-dc_noise283.wav,./Aug/discomfort79FF400A-97E2-4701-987D-C7C850D5523C-1430089688-1.0-f-48-dc_noise283.wav,7.0,0.0657796859741211,0.048247210681438446,0.2035890288700331,0.07918623212055396,214.6570789356846,73.37039716534909,-235.42523,62.57959,79.91606,25.467215,-59.402927,37.24525,12.4428625,17.132328,19.201572,15.021618,-27.148005,14.6274805,6.638133,10.424795,5.322572,10.548927,-19.904,9.537968,0.86686647,9.799968,-1.4363399,10.250882,-7.2729087,9.042205,9.710591,13.068426
413,discomfort,discomfort79FF400A-97E2-4701-987D-C7C850D5523C-1430089688-1.0-f-48-dc_noise283.wav,./Aug/discomfort79FF400A-97E2-4701-987D-C7C850D5523C-1430089688-1.0-f-48-dc_noise283.wav,7.0,0.0657796859741211,0.048247210681438446,0.2035890288700331,0.07918623212055396,214.6570789356846,73.37039716534909,-235.42523,62.57959,79.91606,25.467215,-59.402927,37.24525,12.4428625,17.132328,19.201572,15.021618,-27.148005,14.6274805,6.638133,10.424795,5.322572,10.548927,-19.904,9.537968,0.86686647,9.799968,-1.4363399,10.250882,-7.2729087,9.042205,9.710591,13.068426
414,discomfort,discomfort79FF400A-97E2-4701-987D-C7C850D5523C-1430089688-1.0-f-48-dc_noise283.wav,./Aug/discomfort79FF400A-97E2-4701-987D-C7C850D5523C-1430089688-1.0-f-48-dc_noise283.wav,7.0,0.0657796859741211,0.048247210681438446,0.2035890288700331,0.07918623212055396,214.6570789356846,73.37039716534909,-235.42523,62.57959,79.91606,25.467215,-59.402927,37.24525,12.4428625,17.132328,19.201572,15.021618,-27.148005,14.6274805,6.638133,10.424795,5.322572,10.548927,-19.904,9.537968,0.86686647,9.799968,-1.4363399,10.250882,-7.2729087,9.042205,9.710591,13.068426
415,discomfort,discomfort79FF400A-97E2-4701-987D-C7C850D5523C-1430089688-1.0-f-48-dc_noise283.wav,./Aug/discomfort79FF400A-97E2-4701-987D-C7C850D5523C-1430089688-1.0-f-48-dc_noise283.wav,7.0,0.0657796859741211,0.048247210681438446,0.2035890288700331,0.07918623212055396,214.6570789356846,73.37039716534909,-235.42523,62.57959,79.91606,25.467215,-59.402927,37.24525,12.4428625,17.132328,19.201572,15.021618,-27.148005,14.6274805,6.638133,10.424795,5.322572,10.548927,-19.904,9.537968,0.86686647,9.799968,-1.4363399,10.250882,-7.2729087,9.042205,9.710591,13.068426
416,discomfort,discomfort999bf14b-e417-4b44-b746-9253f81efe38-1430845018393-1.7-m-26-ch_pitch-2.wav,./Aug/discomfort999bf14b-e417-4b44-b746-9253f81efe38-1430845018393-1.7-m-26-ch_pitch-2.wav,6.9,0.01334402710199356,0.01799863763153553,0.05281630138422819,0.014759101035672245,152.04695941661348,65.92754037396251,-492.5335,75.47292,151.9436,57.052193,5.2575474,17.074154,-33.82504,18.146362,-1.5905782,9.704086,9.162166,13.424904,-0.3725078,21.926891,-5.7013803,14.753084,-9.584918,7.205916,-8.005377,6.074649,0.058396358,5.017837,2.2484138,8.38647,-1.9380016,6.043839
417,discomfort,discomfort999bf14b-e417-4b44-b746-9253f81efe38-1430845018393-1.7-m-26-ch_pitch-1.wav,./Aug/discomfort999bf14b-e417-4b44-b746-9253f81efe38-1430845018393-1.7-m-26-ch_pitch-1.wav,6.9,0.014433766715228558,0.01899263635277748,0.05396490929110738,0.01551777909841586,148.0321299214927,67.13582147985657,-491.1488,78.73388,152.6655,57.251392,-2.1510437,19.964252,-33.849846,18.493277,2.4029038,10.64333,8.581455,17.091234,-2.573397,22.51853,-7.60481,11.991848,-10.368846,5.9246354,-5.257939,5.915059,2.5358593,5.635808,0.7264812,8.121106,-3.860005,6.2108474
418,discomfort,discomfort999bf14b-e417-4b44-b746-9253f81efe38-1430845018393-1.7-m-26-ch_pitch1.wav,./Aug/discomfort999bf14b-e417-4b44-b746-9253f81efe38-1430845018393-1.7-m-26-ch_pitch1.wav,6.9,0.015920376405119896,0.023074135184288025,0.06372398018036912,0.024045304000702792,152.45796459002455,62.95818510149186,-464.77863,76.12476,129.5753,53.1968,-8.851298,22.140272,-30.45977,19.176575,5.2933464,10.818562,6.8638496,21.29491,-8.544622,21.377535,-12.582271,7.0115027,-7.855549,6.7725534,0.0646137,5.6581416,1.8353251,8.360816,-3.8938315,6.3811336,-7.3603277,8.11663
419,discomfort,discomfort999bf14b-e417-4b44-b746-9253f81efe38-1430845018393-1.7-m-26-ch_pitch2.wav,./Aug/discomfort999bf14b-e417-4b44-b746-9253f81efe38-1430845018393-1.7-m-26-ch_pitch2.wav,6.9,0.014610747806727886,0.02102082408964634,0.06816275167785235,0.025221635824702382,171.0540166544596,60.03179208194884,-463.27853,78.89374,129.09776,52.201504,-15.605303,25.243473,-29.535383,18.689833,7.5428476,11.3372965,3.8521397,23.25431,-11.0721445,18.14506,-11.987407,5.9450097,-5.3852687,6.3491535,1.5271444,5.9683204,-1.0105673,7.2592597,-8.05086,7.626082,-9.1166115,7.320149
420,discomfort,discomfort999bf14b-e417-4b44-b746-9253f81efe38-1430845018393-1.7-m-26-ch_speed0.9.wav,./Aug/discomfort999bf14b-e417-4b44-b746-9253f81efe38-1430845018393-1.7-m-26-ch_speed0.9.wav,7.666666666666667,0.013973850756883621,0.01895993947982788,0.0616709544939577,0.02379017487868574,146.0796264976216,64.13325905430851,-483.97894,79.48863,147.73201,55.11235,-8.17243,22.0396,-32.772064,17.782433,5.3383746,10.496294,7.401931,20.069527,-5.495532,22.051863,-9.429324,9.064892,-9.30002,6.5733128,-2.1486154,5.445384,3.2136068,7.9136853,-1.3802722,7.0904465,-5.878116,7.5885205
421,discomfort,discomfort999bf14b-e417-4b44-b746-9253f81efe38-1430845018393-1.7-m-26-ch_speed1.1.wav,./Aug/discomfort999bf14b-e417-4b44-b746-9253f81efe38-1430845018393-1.7-m-26-ch_speed1.1.wav,6.272743764172335,0.01445514801889658,0.019426343962550163,0.05894509628690037,0.016531694341528742,160.89458469348958,61.17471750349517,-478.2289,77.863235,142.65761,55.177742,-5.991429,20.978207,-32.800312,17.704384,3.6897218,10.029846,7.8979707,18.932882,-5.4221487,22.408445,-10.674557,9.575142,-10.185122,6.6055694,-2.8832445,5.4352465,2.7732208,7.2145348,-1.3582124,7.0520587,-6.375703,6.897999
422,discomfort,discomfort999bf14b-e417-4b44-b746-9253f81efe38-1430845018393-1.7-m-26-ch_noise283.wav,./Aug/discomfort999bf14b-e417-4b44-b746-9253f81efe38-1430845018393-1.7-m-26-ch_noise283.wav,6.9,0.02191457897424698,0.02966727316379547,0.14828675545302014,0.11151390550060501,149.26349125700852,64.6905746067869,-378.23853,62.477177,90.25744,49.88663,3.9578443,13.947811,-21.469322,20.28117,-0.8922638,10.699838,6.7441535,14.501306,-3.580872,20.3723,-10.074867,11.79547,-7.1808615,5.339971,-1.3573889,4.737268,1.0506411,6.4640565,-0.8152431,6.0999184,-4.0321784,6.079701
423,discomfort,discomfort999bf14b-e417-4b44-b746-9253f81efe38-1430845018393-1.7-m-26-ch_noise283.wav,./Aug/discomfort999bf14b-e417-4b44-b746-9253f81efe38-1430845018393-1.7-m-26-ch_noise283.wav,6.9,0.02191457897424698,0.02966727316379547,0.14828675545302014,0.11151390550060501,149.26349125700852,64.6905746067869,-378.23853,62.477177,90.25744,49.88663,3.9578443,13.947811,-21.469322,20.28117,-0.8922638,10.699838,6.7441535,14.501306,-3.580872,20.3723,-10.074867,11.79547,-7.1808615,5.339971,-1.3573889,4.737268,1.0506411,6.4640565,-0.8152431,6.0999184,-4.0321784,6.079701
424,discomfort,discomfort999bf14b-e417-4b44-b746-9253f81efe38-1430845018393-1.7-m-26-ch_noise283.wav,./Aug/discomfort999bf14b-e417-4b44-b746-9253f81efe38-1430845018393-1.7-m-26-ch_noise283.wav,6.9,0.02191457897424698,0.02966727316379547,0.14828675545302014,0.11151390550060501,149.26349125700852,64.6905746067869,-378.23853,62.477177,90.25744,49.88663,3.9578443,13.947811,-21.469322,20.28117,-0.8922638,10.699838,6.7441535,14.501306,-3.580872,20.3723,-10.074867,11.79547,-7.1808615,5.339971,-1.3573889,4.737268,1.0506411,6.4640565,-0.8152431,6.0999184,-4.0321784,6.079701
425,discomfort,discomfort999bf14b-e417-4b44-b746-9253f81efe38-1430845018393-1.7-m-26-ch_noise283.wav,./Aug/discomfort999bf14b-e417-4b44-b746-9253f81efe38-1430845018393-1.7-m-26-ch_noise283.wav,6.9,0.02191457897424698,0.02966727316379547,0.14828675545302014,0.11151390550060501,149.26349125700852,64.6905746067869,-378.23853,62.477177,90.25744,49.88663,3.9578443,13.947811,-21.469322,20.28117,-0.8922638,10.699838,6.7441535,14.501306,-3.580872,20.3723,-10.074867,11.79547,-7.1808615,5.339971,-1.3573889,4.737268,1.0506411,6.4640565,-0.8152431,6.0999184,-4.0321784,6.079701
426,discomfort,discomfort665BDF6D-2897-49F9-8AD0-978B3B2A0468-1430530218-1.0-m-26-dc_pitch-2.wav,./Aug/discomfort665BDF6D-2897-49F9-8AD0-978B3B2A0468-1430530218-1.0-m-26-dc_pitch-2.wav,7.0,0.004099992103874683,0.0042672534473240376,0.08678148282284769,0.026535425406545743,148.43505170367675,70.75975529651193,-541.3986,68.709015,194.02295,43.503204,-62.05179,26.610558,-13.943941,16.5309,29.360357,12.365517,-36.299477,13.028669,-18.743574,10.995171,12.2778,5.9319177,-16.390375,9.256613,-7.3591695,7.530074,6.6320443,8.948315,-16.196917,7.9352393,-8.827869,7.1371393
427,discomfort,discomfort665BDF6D-2897-49F9-8AD0-978B3B2A0468-1430530218-1.0-m-26-dc_pitch-1.wav,./Aug/discomfort665BDF6D-2897-49F9-8AD0-978B3B2A0468-1430530218-1.0-m-26-dc_pitch-1.wav,7.0,0.004187482874840498,0.0043686204589903355,0.09209275403559603,0.029275256931063903,158.27727307175923,67.6250434275634,-536.69434,71.775154,191.30415,42.962334,-71.1577,28.46335,-7.2708006,16.400785,24.558798,11.447063,-42.11685,13.631397,-9.577444,9.5623,10.497175,6.520487,-20.12765,9.745839,-0.9556822,9.072157,1.386781,6.5036216,-20.098242,9.800963,-2.3668802,6.464332
428,discomfort,discomfort665BDF6D-2897-49F9-8AD0-978B3B2A0468-1430530218-1.0-m-26-dc_pitch1.wav,./Aug/discomfort665BDF6D-2897-49F9-8AD0-978B3B2A0468-1430530218-1.0-m-26-dc_pitch1.wav,7.0,0.004254844971001148,0.004277769476175308,0.10299177359271523,0.03215986554660174,165.94560376283314,76.99237620080832,-525.98785,75.64242,181.82262,40.65019,-82.80144,31.80126,7.767482,16.36467,9.570241,10.557831,-47.41023,14.316608,7.2942524,7.131027,-0.3322648,8.868633,-19.993294,8.320994,6.3001823,10.385951,-14.633171,8.495692,-15.308798,7.8982058,1.6387718,6.730391
429,discomfort,discomfort665BDF6D-2897-49F9-8AD0-978B3B2A0468-1430530218-1.0-m-26-dc_pitch2.wav,./Aug/discomfort665BDF6D-2897-49F9-8AD0-978B3B2A0468-1430530218-1.0-m-26-dc_pitch2.wav,7.0,0.00420260289683938,0.004249332007020712,0.10862155939569536,0.033156024623313594,164.80956116256374,83.31916961656582,-521.9506,77.00402,174.6586,38.7228,-87.70134,33.27422,14.267892,17.425615,0.79522693,10.448452,-45.116573,13.724226,13.83497,7.3405066,-8.816741,9.420941,-17.911577,8.845784,4.505121,9.083243,-21.49242,11.0835495,-9.141402,6.144476,-2.44684,7.1966453
430,discomfort,discomfort665BDF6D-2897-49F9-8AD0-978B3B2A0468-1430530218-1.0-m-26-dc_speed0.9.wav,./Aug/discomfort665BDF6D-2897-49F9-8AD0-978B3B2A0468-1430530218-1.0-m-26-dc_speed0.9.wav,7.777777777777778,0.004186729900538921,0.00440259138122201,0.09789674673507463,0.029914701329978574,158.84588676570178,76.52710161181051,-534.8603,74.39,187.55724,42.17405,-77.5412,30.488976,1.0280439,16.405693,18.599154,11.3382,-45.67158,14.691437,-0.6649425,9.027201,5.6607823,7.1046853,-21.637215,8.92944,4.0749636,10.509524,-6.238335,6.6298,-19.588171,9.5696945,1.5951942,5.6451287
431,discomfort,discomfort665BDF6D-2897-49F9-8AD0-978B3B2A0468-1430530218-1.0-m-26-dc_speed1.1.wav,./Aug/discomfort665BDF6D-2897-49F9-8AD0-978B3B2A0468-1430530218-1.0-m-26-dc_speed1.1.wav,6.363628117913832,0.00411692401394248,0.004146477673202753,0.0962890625,0.03078931223190859,157.38633063175075,75.59571347406468,-531.2418,72.94826,186.13686,41.73909,-76.14171,29.455605,0.16434392,16.135246,17.589937,11.110415,-45.342834,14.3279,-0.8780812,8.650952,5.8042884,6.915068,-21.497318,8.701078,3.1058946,10.164779,-6.6618,6.401085,-19.43258,9.862021,1.4089613,6.5613937
432,discomfort,discomfort665BDF6D-2897-49F9-8AD0-978B3B2A0468-1430530218-1.0-m-26-dc_noise283.wav,./Aug/discomfort665BDF6D-2897-49F9-8AD0-978B3B2A0468-1430530218-1.0-m-26-dc_noise283.wav,7.0,0.006083122920244932,0.0064414688386023045,0.12004928083609272,0.06322443499594703,160.77792919446566,76.06442221127597,-437.26526,65.05304,117.5848,37.627132,-36.469334,28.640516,-6.3851438,16.58897,6.948318,10.645497,-28.347437,13.541893,-8.303074,8.657525,1.668032,6.876258,-11.75307,8.411961,-3.090257,10.138704,-6.50003,6.402458,-13.484506,9.379304,-4.4676666,5.858075
433,discomfort,discomfort665BDF6D-2897-49F9-8AD0-978B3B2A0468-1430530218-1.0-m-26-dc_noise283.wav,./Aug/discomfort665BDF6D-2897-49F9-8AD0-978B3B2A0468-1430530218-1.0-m-26-dc_noise283.wav,7.0,0.006083122920244932,0.0064414688386023045,0.12004928083609272,0.06322443499594703,160.77792919446566,76.06442221127597,-437.26526,65.05304,117.5848,37.627132,-36.469334,28.640516,-6.3851438,16.58897,6.948318,10.645497,-28.347437,13.541893,-8.303074,8.657525,1.668032,6.876258,-11.75307,8.411961,-3.090257,10.138704,-6.50003,6.402458,-13.484506,9.379304,-4.4676666,5.858075
434,discomfort,discomfort665BDF6D-2897-49F9-8AD0-978B3B2A0468-1430530218-1.0-m-26-dc_noise283.wav,./Aug/discomfort665BDF6D-2897-49F9-8AD0-978B3B2A0468-1430530218-1.0-m-26-dc_noise283.wav,7.0,0.006083122920244932,0.0064414688386023045,0.12004928083609272,0.06322443499594703,160.77792919446566,76.06442221127597,-437.26526,65.05304,117.5848,37.627132,-36.469334,28.640516,-6.3851438,16.58897,6.948318,10.645497,-28.347437,13.541893,-8.303074,8.657525,1.668032,6.876258,-11.75307,8.411961,-3.090257,10.138704,-6.50003,6.402458,-13.484506,9.379304,-4.4676666,5.858075
435,discomfort,discomfort665BDF6D-2897-49F9-8AD0-978B3B2A0468-1430530218-1.0-m-26-dc_noise283.wav,./Aug/discomfort665BDF6D-2897-49F9-8AD0-978B3B2A0468-1430530218-1.0-m-26-dc_noise283.wav,7.0,0.006083122920244932,0.0064414688386023045,0.12004928083609272,0.06322443499594703,160.77792919446566,76.06442221127597,-437.26526,65.05304,117.5848,37.627132,-36.469334,28.640516,-6.3851438,16.58897,6.948318,10.645497,-28.347437,13.541893,-8.303074,8.657525,1.668032,6.876258,-11.75307,8.411961,-3.090257,10.138704,-6.50003,6.402458,-13.484506,9.379304,-4.4676666,5.858075
436,discomfort,discomfort1309B82C-F146-46F0-A723-45345AFA6EA8-1430703937-1.0-f-48-dc_pitch-2.wav,./Aug/discomfort1309B82C-F146-46F0-A723-45345AFA6EA8-1430703937-1.0-f-48-dc_pitch-2.wav,7.0,0.06903588026762009,0.06358551234006882,0.12905338110513245,0.03877041560132224,171.1293815314374,58.1685887401899,-321.18497,102.97301,143.9528,49.140984,-81.11666,50.370697,-11.995561,11.238025,29.41059,22.27584,-36.382954,14.753176,-8.0341,10.7269125,21.641932,15.922138,-16.879766,11.206414,-6.1190944,6.6874723,10.805611,10.835992,-16.609276,8.9257765,-6.988105,6.373099
437,discomfort,discomfort1309B82C-F146-46F0-A723-45345AFA6EA8-1430703937-1.0-f-48-dc_pitch-1.wav,./Aug/discomfort1309B82C-F146-46F0-A723-45345AFA6EA8-1430703937-1.0-f-48-dc_pitch-1.wav,7.0,0.06877141445875168,0.06340134143829346,0.13905344577814568,0.041818485538373855,171.39049127972714,57.41474746310311,-316.03644,104.23021,135.5363,45.687687,-85.78848,51.8635,-3.0022125,12.329188,24.809103,20.759903,-38.797394,15.990499,2.5351923,12.368203,16.953403,12.338573,-21.776276,12.4289875,0.98422796,8.819231,4.6202726,7.2643847,-19.827515,9.678073,3.021265,10.067277
438,discomfort,discomfort1309B82C-F146-46F0-A723-45345AFA6EA8-1430703937-1.0-f-48-dc_pitch1.wav,./Aug/discomfort1309B82C-F146-46F0-A723-45345AFA6EA8-1430703937-1.0-f-48-dc_pitch1.wav,7.0,0.06853312253952026,0.06183222308754921,0.154772221647351,0.050150893911476396,193.8465496424118,57.48524431558153,-312.94736,110.419205,124.791504,41.017445,-94.20408,53.20571,13.612007,19.50256,11.162611,16.219456,-39.075294,16.025543,19.605646,17.184198,0.1307222,8.092177,-21.631826,10.489749,11.459636,13.01546,-12.170269,6.9041805,-12.108531,7.4828696,11.108269,11.8174715
439,discomfort,discomfort1309B82C-F146-46F0-A723-45345AFA6EA8-1430703937-1.0-f-48-dc_pitch2.wav,./Aug/discomfort1309B82C-F146-46F0-A723-45345AFA6EA8-1430703937-1.0-f-48-dc_pitch2.wav,7.0,0.0691755935549736,0.06189785152673721,0.16259927307533112,0.05072549330291369,189.08739137454802,63.766088936076734,-312.3586,111.77793,121.2178,37.059853,-98.56117,53.16082,22.257977,24.061892,2.7580974,13.722176,-36.631203,14.300853,26.108627,18.835081,-9.339528,9.080763,-16.635403,8.231113,12.410344,12.868147,-18.543224,9.226308,-2.8455052,8.655643,7.1348495,9.104285
440,discomfort,discomfort1309B82C-F146-46F0-A723-45345AFA6EA8-1430703937-1.0-f-48-dc_speed0.9.wav,./Aug/discomfort1309B82C-F146-46F0-A723-45345AFA6EA8-1430703937-1.0-f-48-dc_speed0.9.wav,7.777777777777778,0.06955408304929733,0.0613522008061409,0.1438505713619403,0.04499973913895026,182.05779987688643,56.910138667184704,-325.1138,108.88668,140.68285,44.29866,-96.37583,53.030373,6.595588,15.572931,19.852886,19.055285,-43.34921,16.188364,13.226414,15.945597,10.4963875,9.551047,-24.90453,11.686485,8.75411,11.808607,-2.8270314,5.859759,-18.39488,8.215455,10.9817,12.890876
441,discomfort,discomfort1309B82C-F146-46F0-A723-45345AFA6EA8-1430703937-1.0-f-48-dc_speed1.1.wav,./Aug/discomfort1309B82C-F146-46F0-A723-45345AFA6EA8-1430703937-1.0-f-48-dc_speed1.1.wav,6.363628117913832,0.06901001930236816,0.06299696117639542,0.1454669744318182,0.04586537997056246,181.2157588561639,61.56737538324845,-309.63013,105.61908,127.264404,42.290874,-88.75399,52.80448,4.6835933,14.847792,17.848589,18.703249,-39.621357,15.784885,11.656101,15.646887,9.48885,9.507075,-23.627077,12.043797,7.097397,11.282079,-2.3514292,5.4600863,-17.056084,8.066693,9.801592,12.2001295
442,discomfort,discomfort1309B82C-F146-46F0-A723-45345AFA6EA8-1430703937-1.0-f-48-dc_noise283.wav,./Aug/discomfort1309B82C-F146-46F0-A723-45345AFA6EA8-1430703937-1.0-f-48-dc_noise283.wav,7.0,0.10463188588619232,0.09320135414600372,0.2387501293460265,0.12718753333950378,168.73109666867134,65.48575324119051,-210.25659,84.23301,66.39169,36.473923,-53.927555,40.573822,0.6983425,12.086063,9.673845,15.455285,-24.211464,13.219847,6.539466,10.616964,6.5516605,7.7535834,-14.228393,10.302328,2.8352306,7.829652,-1.927874,4.08415,-11.12909,7.7842207,5.5042677,8.989112
443,discomfort,discomfort1309B82C-F146-46F0-A723-45345AFA6EA8-1430703937-1.0-f-48-dc_noise283.wav,./Aug/discomfort1309B82C-F146-46F0-A723-45345AFA6EA8-1430703937-1.0-f-48-dc_noise283.wav,7.0,0.10463188588619232,0.09320135414600372,0.2387501293460265,0.12718753333950378,168.73109666867134,65.48575324119051,-210.25659,84.23301,66.39169,36.473923,-53.927555,40.573822,0.6983425,12.086063,9.673845,15.455285,-24.211464,13.219847,6.539466,10.616964,6.5516605,7.7535834,-14.228393,10.302328,2.8352306,7.829652,-1.927874,4.08415,-11.12909,7.7842207,5.5042677,8.989112
444,discomfort,discomfort1309B82C-F146-46F0-A723-45345AFA6EA8-1430703937-1.0-f-48-dc_noise283.wav,./Aug/discomfort1309B82C-F146-46F0-A723-45345AFA6EA8-1430703937-1.0-f-48-dc_noise283.wav,7.0,0.10463188588619232,0.09320135414600372,0.2387501293460265,0.12718753333950378,168.73109666867134,65.48575324119051,-210.25659,84.23301,66.39169,36.473923,-53.927555,40.573822,0.6983425,12.086063,9.673845,15.455285,-24.211464,13.219847,6.539466,10.616964,6.5516605,7.7535834,-14.228393,10.302328,2.8352306,7.829652,-1.927874,4.08415,-11.12909,7.7842207,5.5042677,8.989112
445,discomfort,discomfort1309B82C-F146-46F0-A723-45345AFA6EA8-1430703937-1.0-f-48-dc_noise283.wav,./Aug/discomfort1309B82C-F146-46F0-A723-45345AFA6EA8-1430703937-1.0-f-48-dc_noise283.wav,7.0,0.10463188588619232,0.09320135414600372,0.2387501293460265,0.12718753333950378,168.73109666867134,65.48575324119051,-210.25659,84.23301,66.39169,36.473923,-53.927555,40.573822,0.6983425,12.086063,9.673845,15.455285,-24.211464,13.219847,6.539466,10.616964,6.5516605,7.7535834,-14.228393,10.302328,2.8352306,7.829652,-1.927874,4.08415,-11.12909,7.7842207,5.5042677,8.989112
446,discomfort,discomfort999bf14b-e417-4b44-b746-9253f81efe38-1430845035663-1.7-m-26-ch_pitch-2.wav,./Aug/discomfort999bf14b-e417-4b44-b746-9253f81efe38-1430845035663-1.7-m-26-ch_pitch-2.wav,6.9,0.03411808982491493,0.03103603422641754,0.04693234846895973,0.011639521844076923,176.47988876723932,71.33833301300122,-411.88998,64.66096,184.55542,51.72375,0.6277309,15.243401,-38.660988,17.260008,-0.06902769,10.353572,-3.6593108,10.610257,-24.88107,12.989248,-22.83428,12.548139,-11.865436,8.232715,-3.8916688,6.3636756,-2.7791054,6.4727697,-6.3648715,8.4789505,-2.118414,6.7462797
447,discomfort,discomfort999bf14b-e417-4b44-b746-9253f81efe38-1430845035663-1.7-m-26-ch_pitch-1.wav,./Aug/discomfort999bf14b-e417-4b44-b746-9253f81efe38-1430845035663-1.7-m-26-ch_pitch-1.wav,6.9,0.03354685381054878,0.03312000632286072,0.05229361105285235,0.011919396521738318,180.7298466990473,74.40174688023033,-397.4362,63.90005,174.41032,50.26618,-4.079739,16.718967,-38.15727,17.732973,-0.32747716,10.022899,-6.9863763,11.615009,-27.574934,13.95797,-21.269514,12.051426,-6.867254,6.673797,-1.0261325,6.964623,-3.3547785,6.2142277,-4.5680456,7.903598,0.97000325,7.1332483
448,discomfort,discomfort999bf14b-e417-4b44-b746-9253f81efe38-1430845035663-1.7-m-26-ch_pitch1.wav,./Aug/discomfort999bf14b-e417-4b44-b746-9253f81efe38-1430845035663-1.7-m-26-ch_pitch1.wav,6.9,0.036426812410354614,0.033919576555490494,0.05922949874161074,0.020341546138442995,173.3947531372728,61.12512657472666,-393.08038,68.44409,174.07146,49.29525,-21.586542,19.449247,-36.680763,17.223614,1.4447886,10.061381,-18.724253,14.020188,-30.71274,14.148641,-13.14887,9.448589,-1.2069025,6.3471828,-1.0042288,7.3662977,-4.099573,8.705703,-1.5948029,7.7848325,-0.3520604,9.665622
449,discomfort,discomfort999bf14b-e417-4b44-b746-9253f81efe38-1430845035663-1.7-m-26-ch_pitch2.wav,./Aug/discomfort999bf14b-e417-4b44-b746-9253f81efe38-1430845035663-1.7-m-26-ch_pitch2.wav,6.9,0.034171368926763535,0.03155767545104027,0.0637616663171141,0.02172542066182675,169.676165317199,60.11513152047708,-392.13794,72.70657,175.53076,49.897045,-32.167305,21.549612,-34.9031,16.994623,1.7428018,10.260714,-24.232742,15.152027,-28.92432,13.700541,-8.440862,8.051868,0.2873547,7.597409,-2.0686998,7.5145807,-5.969004,9.040445,-2.0743728,9.372726,-3.265988,9.983055
450,discomfort,discomfort999bf14b-e417-4b44-b746-9253f81efe38-1430845035663-1.7-m-26-ch_speed0.9.wav,./Aug/discomfort999bf14b-e417-4b44-b746-9253f81efe38-1430845035663-1.7-m-26-ch_speed0.9.wav,7.666666666666667,0.03525261953473091,0.03445722907781601,0.056209875377643506,0.020247485725816843,179.52048454714506,69.25627321557228,-388.14917,63.716015,165.2957,48.706905,-9.9606,17.791927,-37.500683,17.292458,-0.4758236,9.70151,-11.434002,12.120687,-30.211657,14.675903,-19.035017,11.200229,-3.5536692,6.1233015,-0.8831291,6.6888857,-4.7297664,7.0941615,-3.3957553,7.8364105,1.257793,8.567088
451,discomfort,discomfort999bf14b-e417-4b44-b746-9253f81efe38-1430845035663-1.7-m-26-ch_speed1.1.wav,./Aug/discomfort999bf14b-e417-4b44-b746-9253f81efe38-1430845035663-1.7-m-26-ch_speed1.1.wav,6.272743764172335,0.0343291275203228,0.030699998140335083,0.05547127248616236,0.012062894162346472,178.62886556965526,68.44758563937837,-393.05112,65.178,172.82716,49.140247,-11.954664,18.123482,-37.588154,17.625036,0.8893935,10.119985,-11.97963,12.894986,-29.904411,14.638061,-18.5771,11.144278,-4.4753084,5.866146,-0.9881497,7.550559,-4.075306,7.3276157,-3.3446157,7.725216,0.9862797,8.907541
452,discomfort,discomfort999bf14b-e417-4b44-b746-9253f81efe38-1430845035663-1.7-m-26-ch_noise283.wav,./Aug/discomfort999bf14b-e417-4b44-b746-9253f81efe38-1430845035663-1.7-m-26-ch_noise283.wav,6.9,0.05163052678108215,0.046828288584947586,0.09857218697567115,0.1016754735435858,181.3961615243875,68.81268998599965,-292.12955,50.65606,111.64605,42.491684,6.1082854,14.289752,-27.086916,17.0074,-8.903923,9.80972,-9.905226,9.9628935,-24.399345,14.144435,-19.073944,10.046647,-3.7228372,5.1035113,0.19267759,5.4265876,-3.7793722,6.761683,-2.5205293,6.719713,0.8971539,7.5378647
453,discomfort,discomfort999bf14b-e417-4b44-b746-9253f81efe38-1430845035663-1.7-m-26-ch_noise283.wav,./Aug/discomfort999bf14b-e417-4b44-b746-9253f81efe38-1430845035663-1.7-m-26-ch_noise283.wav,6.9,0.05163052678108215,0.046828288584947586,0.09857218697567115,0.1016754735435858,181.3961615243875,68.81268998599965,-292.12955,50.65606,111.64605,42.491684,6.1082854,14.289752,-27.086916,17.0074,-8.903923,9.80972,-9.905226,9.9628935,-24.399345,14.144435,-19.073944,10.046647,-3.7228372,5.1035113,0.19267759,5.4265876,-3.7793722,6.761683,-2.5205293,6.719713,0.8971539,7.5378647
454,discomfort,discomfort999bf14b-e417-4b44-b746-9253f81efe38-1430845035663-1.7-m-26-ch_noise283.wav,./Aug/discomfort999bf14b-e417-4b44-b746-9253f81efe38-1430845035663-1.7-m-26-ch_noise283.wav,6.9,0.05163052678108215,0.046828288584947586,0.09857218697567115,0.1016754735435858,181.3961615243875,68.81268998599965,-292.12955,50.65606,111.64605,42.491684,6.1082854,14.289752,-27.086916,17.0074,-8.903923,9.80972,-9.905226,9.9628935,-24.399345,14.144435,-19.073944,10.046647,-3.7228372,5.1035113,0.19267759,5.4265876,-3.7793722,6.761683,-2.5205293,6.719713,0.8971539,7.5378647
455,discomfort,discomfort999bf14b-e417-4b44-b746-9253f81efe38-1430845035663-1.7-m-26-ch_noise283.wav,./Aug/discomfort999bf14b-e417-4b44-b746-9253f81efe38-1430845035663-1.7-m-26-ch_noise283.wav,6.9,0.05163052678108215,0.046828288584947586,0.09857218697567115,0.1016754735435858,181.3961615243875,68.81268998599965,-292.12955,50.65606,111.64605,42.491684,6.1082854,14.289752,-27.086916,17.0074,-8.903923,9.80972,-9.905226,9.9628935,-24.399345,14.144435,-19.073944,10.046647,-3.7228372,5.1035113,0.19267759,5.4265876,-3.7793722,6.761683,-2.5205293,6.719713,0.8971539,7.5378647
456,discomfort,discomfort10A40438-09AA-4A21-83B4-8119F03F7A11-1430925142-1.0-f-26-dc_pitch-2.wav,./Aug/discomfort10A40438-09AA-4A21-83B4-8119F03F7A11-1430925142-1.0-f-26-dc_pitch-2.wav,7.0,0.09937353432178497,0.08204034715890884,0.079332768522351,0.023223698203230683,201.54118439288038,64.9529761167041,-270.7387,75.732895,155.66792,38.565582,-63.56611,40.626736,-25.568602,16.85209,8.394208,17.211296,-41.2617,17.725273,-16.2135,15.413784,8.928091,18.802069,-21.083694,9.715369,-9.579959,9.391472,6.4669914,11.967534,-16.97777,11.369877,-12.716634,10.113298
457,discomfort,discomfort10A40438-09AA-4A21-83B4-8119F03F7A11-1430925142-1.0-f-26-dc_pitch-1.wav,./Aug/discomfort10A40438-09AA-4A21-83B4-8119F03F7A11-1430925142-1.0-f-26-dc_pitch-1.wav,7.0,0.0980517789721489,0.08116646111011505,0.08580168667218543,0.025067199865888706,203.3497475630214,71.15546553633538,-264.92554,76.838776,148.27507,36.192944,-68.60742,42.19592,-20.369839,16.319038,3.4192395,17.296507,-43.33765,17.95205,-7.499806,18.026436,5.9084687,15.138863,-23.522406,11.4602,-2.390439,10.897654,1.9535296,10.3033,-20.812119,12.157134,-6.010848,12.269022
458,discomfort,discomfort10A40438-09AA-4A21-83B4-8119F03F7A11-1430925142-1.0-f-26-dc_pitch1.wav,./Aug/discomfort10A40438-09AA-4A21-83B4-8119F03F7A11-1430925142-1.0-f-26-dc_pitch1.wav,7.0,0.09970418363809586,0.08074817806482315,0.0959165459437086,0.029170088177430567,209.34517854850398,70.67363458689682,-265.22827,81.66686,143.97221,33.143272,-85.07902,42.82516,-9.759508,19.0959,-7.262107,18.338814,-44.477158,16.178167,8.251802,22.680286,-5.8341627,9.646064,-22.360607,12.289081,6.34841,13.9058485,-14.893013,10.839002,-15.807721,13.50476,7.6875615,20.127106
459,discomfort,discomfort10A40438-09AA-4A21-83B4-8119F03F7A11-1430925142-1.0-f-26-dc_pitch2.wav,./Aug/discomfort10A40438-09AA-4A21-83B4-8119F03F7A11-1430925142-1.0-f-26-dc_pitch2.wav,7.0,0.09937409311532974,0.07830193638801575,0.10033047909768211,0.029953009877360177,210.25401244163518,76.18458489843387,-262.3336,83.14099,140.34781,31.743088,-90.751526,43.298656,-4.0588818,21.018606,-13.991198,18.438904,-41.392273,14.790669,13.413482,22.99069,-14.356274,11.3952465,-18.507282,11.562226,5.864774,14.083487,-21.342508,13.50208,-6.3544035,15.71202,9.208646,20.249832
460,discomfort,discomfort10A40438-09AA-4A21-83B4-8119F03F7A11-1430925142-1.0-f-26-dc_speed0.9.wav,./Aug/discomfort10A40438-09AA-4A21-83B4-8119F03F7A11-1430925142-1.0-f-26-dc_speed0.9.wav,7.777777777777778,0.10006190836429596,0.08400334417819977,0.09132462686567164,0.028213516534742807,205.5152853468167,72.14127528279678,-263.64697,80.018715,142.8371,34.927883,-74.967255,42.776672,-15.546834,17.60345,-2.1562102,18.027952,-44.41461,17.532461,0.06864979,20.074728,0.6807032,10.8201475,-23.91297,12.423079,2.5600696,12.76264,-6.367925,9.66321,-20.937452,12.6839695,1.3407394,16.412931
461,discomfort,discomfort10A40438-09AA-4A21-83B4-8119F03F7A11-1430925142-1.0-f-26-dc_speed1.1.wav,./Aug/discomfort10A40438-09AA-4A21-83B4-8119F03F7A11-1430925142-1.0-f-26-dc_speed1.1.wav,6.363628117913832,0.09663748741149902,0.07825062423944473,0.09016867897727272,0.024502524778716603,201.63552879510976,72.09455307422414,-269.35034,80.18685,153.20085,35.371124,-81.70404,42.778305,-14.653716,17.016684,-0.07340543,17.787918,-46.582195,17.33003,1.9753668,20.859905,1.8188283,11.615118,-25.318598,12.81953,3.6179998,12.691373,-6.3300037,8.864962,-21.839497,12.487214,2.3817098,16.750088
462,discomfort,discomfort10A40438-09AA-4A21-83B4-8119F03F7A11-1430925142-1.0-f-26-dc_noise283.wav,./Aug/discomfort10A40438-09AA-4A21-83B4-8119F03F7A11-1430925142-1.0-f-26-dc_noise283.wav,7.0,0.15127652883529663,0.12374206632375717,0.14400739859271522,0.0991205776283462,214.11497002644782,63.436518598578395,-175.82214,65.565704,82.96227,30.553608,-39.80462,37.000725,-15.730727,15.929718,-8.130672,15.507036,-28.460497,14.99273,-2.8219929,17.00426,-0.46970454,10.371379,-14.277163,11.568375,-0.67941546,10.593288,-4.879405,9.001475,-14.790241,12.086288,-2.0721354,14.994274
463,discomfort,discomfort10A40438-09AA-4A21-83B4-8119F03F7A11-1430925142-1.0-f-26-dc_noise283.wav,./Aug/discomfort10A40438-09AA-4A21-83B4-8119F03F7A11-1430925142-1.0-f-26-dc_noise283.wav,7.0,0.15127652883529663,0.12374206632375717,0.14400739859271522,0.0991205776283462,214.11497002644782,63.436518598578395,-175.82214,65.565704,82.96227,30.553608,-39.80462,37.000725,-15.730727,15.929718,-8.130672,15.507036,-28.460497,14.99273,-2.8219929,17.00426,-0.46970454,10.371379,-14.277163,11.568375,-0.67941546,10.593288,-4.879405,9.001475,-14.790241,12.086288,-2.0721354,14.994274
464,discomfort,discomfort10A40438-09AA-4A21-83B4-8119F03F7A11-1430925142-1.0-f-26-dc_noise283.wav,./Aug/discomfort10A40438-09AA-4A21-83B4-8119F03F7A11-1430925142-1.0-f-26-dc_noise283.wav,7.0,0.15127652883529663,0.12374206632375717,0.14400739859271522,0.0991205776283462,214.11497002644782,63.436518598578395,-175.82214,65.565704,82.96227,30.553608,-39.80462,37.000725,-15.730727,15.929718,-8.130672,15.507036,-28.460497,14.99273,-2.8219929,17.00426,-0.46970454,10.371379,-14.277163,11.568375,-0.67941546,10.593288,-4.879405,9.001475,-14.790241,12.086288,-2.0721354,14.994274
465,discomfort,discomfort10A40438-09AA-4A21-83B4-8119F03F7A11-1430925142-1.0-f-26-dc_noise283.wav,./Aug/discomfort10A40438-09AA-4A21-83B4-8119F03F7A11-1430925142-1.0-f-26-dc_noise283.wav,7.0,0.15127652883529663,0.12374206632375717,0.14400739859271522,0.0991205776283462,214.11497002644782,63.436518598578395,-175.82214,65.565704,82.96227,30.553608,-39.80462,37.000725,-15.730727,15.929718,-8.130672,15.507036,-28.460497,14.99273,-2.8219929,17.00426,-0.46970454,10.371379,-14.277163,11.568375,-0.67941546,10.593288,-4.879405,9.001475,-14.790241,12.086288,-2.0721354,14.994274
466,discomfort,discomfort999bf14b-e417-4b44-b746-9253f81efe38-1430844994519-1.7-m-04-ch_pitch-2.wav,./Aug/discomfort999bf14b-e417-4b44-b746-9253f81efe38-1430844994519-1.7-m-04-ch_pitch-2.wav,6.9,0.03173082321882248,0.03760353475809097,0.05274092911073826,0.016129855279336747,183.59484783995836,69.59729707871286,-421.6324,73.51876,148.88992,57.533203,2.5487635,19.858328,-32.17904,22.129656,-1.363593,8.869453,-2.7296536,12.651146,-22.431274,16.314596,-21.998915,12.844351,-10.989336,8.379522,-4.7522135,5.6005187,-4.4152303,6.4081407,-4.872279,7.5489526,-0.94575757,6.6845345
467,discomfort,discomfort999bf14b-e417-4b44-b746-9253f81efe38-1430844994519-1.7-m-04-ch_pitch-1.wav,./Aug/discomfort999bf14b-e417-4b44-b746-9253f81efe38-1430844994519-1.7-m-04-ch_pitch-1.wav,6.9,0.03341972827911377,0.038616571575403214,0.05170865666946309,0.015878628137866585,182.7184019986147,71.07854230989788,-414.56476,74.62751,144.6429,56.578674,-3.7758527,21.90039,-32.180466,22.037191,-0.9749673,9.27183,-7.42428,13.29954,-25.765135,16.878052,-20.515522,11.935387,-8.172447,7.139049,-4.185514,6.127427,-5.9740915,6.3545303,-4.9689713,8.754993,0.18482982,7.365988
468,discomfort,discomfort999bf14b-e417-4b44-b746-9253f81efe38-1430844994519-1.7-m-04-ch_pitch1.wav,./Aug/discomfort999bf14b-e417-4b44-b746-9253f81efe38-1430844994519-1.7-m-04-ch_pitch1.wav,6.9,0.03188694640994072,0.037837788462638855,0.06448589555369127,0.02324831701792414,180.32158324781918,54.49615057952037,-411.02866,79.49744,142.40413,54.919422,-19.220476,26.257593,-32.213074,20.377302,0.5816616,11.545732,-16.638702,17.324368,-28.926798,15.521864,-13.424603,7.7373033,-2.3141663,6.628822,-2.8329422,7.154042,-4.437232,8.528352,-1.7870104,8.02724,-2.5520384,9.619135
469,discomfort,discomfort999bf14b-e417-4b44-b746-9253f81efe38-1430844994519-1.7-m-04-ch_pitch2.wav,./Aug/discomfort999bf14b-e417-4b44-b746-9253f81efe38-1430844994519-1.7-m-04-ch_pitch2.wav,6.9,0.03053468093276024,0.037655893713235855,0.06927858903104027,0.02536106528508626,188.4454492734341,59.25113369286117,-416.32547,83.98803,147.1503,54.96489,-29.582104,28.818125,-31.1398,18.901075,0.60995054,12.39061,-22.81793,19.00811,-27.672915,13.901029,-9.101456,7.623554,-1.7920065,7.1553454,-3.400819,7.874443,-4.8990426,9.555413,-3.1487095,7.8153605,-6.320962,8.818016
470,discomfort,discomfort999bf14b-e417-4b44-b746-9253f81efe38-1430844994519-1.7-m-04-ch_speed0.9.wav,./Aug/discomfort999bf14b-e417-4b44-b746-9253f81efe38-1430844994519-1.7-m-04-ch_speed0.9.wav,7.666666666666667,0.03286860138177872,0.03974272683262825,0.05993172913519638,0.02289379616268445,179.91854183377163,57.046412732129916,-409.88736,76.60762,142.13615,56.015972,-10.226924,23.463377,-32.627407,21.09187,-0.8916763,9.946877,-11.32092,15.5374975,-27.118767,16.964579,-17.427204,9.839084,-5.2213373,6.065228,-3.130401,6.500615,-4.698973,7.424981,-2.4369128,8.633105,-0.01809167,8.0176935
471,discomfort,discomfort999bf14b-e417-4b44-b746-9253f81efe38-1430844994519-1.7-m-04-ch_speed1.1.wav,./Aug/discomfort999bf14b-e417-4b44-b746-9253f81efe38-1430844994519-1.7-m-04-ch_speed1.1.wav,6.272743764172335,0.03223082795739174,0.0384109728038311,0.05764061058579336,0.016223342657832235,179.718552422358,59.38489323395888,-415.3768,78.296036,147.74855,56.95949,-11.225155,24.004635,-32.431717,21.155214,0.22852035,10.240493,-12.314303,15.480141,-28.052517,16.232138,-17.349058,9.680834,-5.398953,6.4190907,-3.33541,6.2351675,-4.738586,6.8486533,-2.5268188,8.032501,0.117337726,7.9862123
472,discomfort,discomfort999bf14b-e417-4b44-b746-9253f81efe38-1430844994519-1.7-m-04-ch_noise283.wav,./Aug/discomfort999bf14b-e417-4b44-b746-9253f81efe38-1430844994519-1.7-m-04-ch_noise283.wav,6.9,0.05069270730018616,0.0604422464966774,0.13670236472315436,0.12750637101410536,171.75807674981752,66.05110676547422,-305.45224,58.068935,87.356255,48.314533,2.7772138,15.036707,-22.037527,18.654228,-7.9671206,10.405804,-10.928688,12.730734,-21.96551,16.043703,-17.16265,10.580015,-4.524115,5.689317,-1.7640672,5.094503,-3.941768,6.2557707,-2.1788738,7.112988,0.19284447,7.4291897
473,discomfort,discomfort999bf14b-e417-4b44-b746-9253f81efe38-1430844994519-1.7-m-04-ch_noise283.wav,./Aug/discomfort999bf14b-e417-4b44-b746-9253f81efe38-1430844994519-1.7-m-04-ch_noise283.wav,6.9,0.05069270730018616,0.0604422464966774,0.13670236472315436,0.12750637101410536,171.75807674981752,66.05110676547422,-305.45224,58.068935,87.356255,48.314533,2.7772138,15.036707,-22.037527,18.654228,-7.9671206,10.405804,-10.928688,12.730734,-21.96551,16.043703,-17.16265,10.580015,-4.524115,5.689317,-1.7640672,5.094503,-3.941768,6.2557707,-2.1788738,7.112988,0.19284447,7.4291897
474,discomfort,discomfort999bf14b-e417-4b44-b746-9253f81efe38-1430844994519-1.7-m-04-ch_noise283.wav,./Aug/discomfort999bf14b-e417-4b44-b746-9253f81efe38-1430844994519-1.7-m-04-ch_noise283.wav,6.9,0.05069270730018616,0.0604422464966774,0.13670236472315436,0.12750637101410536,171.75807674981752,66.05110676547422,-305.45224,58.068935,87.356255,48.314533,2.7772138,15.036707,-22.037527,18.654228,-7.9671206,10.405804,-10.928688,12.730734,-21.96551,16.043703,-17.16265,10.580015,-4.524115,5.689317,-1.7640672,5.094503,-3.941768,6.2557707,-2.1788738,7.112988,0.19284447,7.4291897
475,discomfort,discomfort999bf14b-e417-4b44-b746-9253f81efe38-1430844994519-1.7-m-04-ch_noise283.wav,./Aug/discomfort999bf14b-e417-4b44-b746-9253f81efe38-1430844994519-1.7-m-04-ch_noise283.wav,6.9,0.05069270730018616,0.0604422464966774,0.13670236472315436,0.12750637101410536,171.75807674981752,66.05110676547422,-305.45224,58.068935,87.356255,48.314533,2.7772138,15.036707,-22.037527,18.654228,-7.9671206,10.405804,-10.928688,12.730734,-21.96551,16.043703,-17.16265,10.580015,-4.524115,5.689317,-1.7640672,5.094503,-3.941768,6.2557707,-2.1788738,7.112988,0.19284447,7.4291897
476,discomfort,discomfort7b0e160e-0505-459e-8ecb-304d7afae9d2-1437486974312-1.7-m-04-dc_pitch-2.wav,./Aug/discomfort7b0e160e-0505-459e-8ecb-304d7afae9d2-1437486974312-1.7-m-04-dc_pitch-2.wav,6.9,0.030189212411642075,0.021890996024012566,0.043904349307885907,0.021890081374494788,144.3473320949421,46.391291157237994,-373.59723,66.3319,175.26674,46.43252,4.831372,28.310442,3.4218514,10.930619,25.223068,12.183481,-12.165691,15.273888,-11.659098,8.739024,7.607382,8.92259,-8.51282,8.705547,-7.7144237,6.287836,11.277275,7.5904183,2.138551,7.5835643,-5.8609047,7.5129175
477,discomfort,discomfort7b0e160e-0505-459e-8ecb-304d7afae9d2-1437486974312-1.7-m-04-dc_pitch-1.wav,./Aug/discomfort7b0e160e-0505-459e-8ecb-304d7afae9d2-1437486974312-1.7-m-04-dc_pitch-1.wav,6.9,0.03158770874142647,0.021615229547023773,0.045424902999161076,0.02304584062473423,156.9810822341482,44.030736143418466,-380.7501,72.19174,186.5426,48.431362,-7.0325894,29.113268,6.4445176,10.062307,25.159883,11.462051,-20.542044,15.866296,-8.863176,7.1764255,7.741599,9.103895,-13.06493,9.515217,-1.5989769,5.4454284,12.207636,7.0817213,-5.7049813,9.122238,-4.3160753,6.1552916
478,discomfort,discomfort7b0e160e-0505-459e-8ecb-304d7afae9d2-1437486974312-1.7-m-04-dc_pitch1.wav,./Aug/discomfort7b0e160e-0505-459e-8ecb-304d7afae9d2-1437486974312-1.7-m-04-dc_pitch1.wav,6.9,0.028986845165491104,0.017067162320017815,0.053016201761744965,0.03173813913680057,156.16533755246365,53.45007222782989,-389.9787,83.436615,203.87914,50.720463,-28.720644,31.387943,16.119747,11.383073,18.782406,11.276531,-30.070932,15.761604,6.1643806,8.395944,3.3704247,8.10136,-14.94738,8.513298,13.927662,8.386837,3.8665257,8.384283,-10.797652,8.010294,6.6603703,8.506011
479,discomfort,discomfort7b0e160e-0505-459e-8ecb-304d7afae9d2-1437486974312-1.7-m-04-dc_pitch2.wav,./Aug/discomfort7b0e160e-0505-459e-8ecb-304d7afae9d2-1437486974312-1.7-m-04-dc_pitch2.wav,6.9,0.029730841517448425,0.020590681582689285,0.05589509490352349,0.03151625660652768,175.03823143165357,57.24849312493926,-357.67014,73.30021,173.28795,43.820713,-16.48043,30.728516,12.2381525,11.856675,7.7907166,10.461197,-24.738747,13.7562065,4.8540254,10.171543,-1.9384491,7.9999366,-9.776989,7.612546,11.315851,8.661743,-3.5689566,8.633086,-9.398993,6.7493596,4.1434975,9.758318
480,discomfort,discomfort7b0e160e-0505-459e-8ecb-304d7afae9d2-1437486974312-1.7-m-04-dc_speed0.9.wav,./Aug/discomfort7b0e160e-0505-459e-8ecb-304d7afae9d2-1437486974312-1.7-m-04-dc_speed0.9.wav,7.666666666666667,0.02984321489930153,0.020498739555478096,0.05058652756797583,0.03021131382922232,153.9588890620272,51.80905472001375,-371.93378,70.89314,181.93727,45.78268,-9.332036,30.289465,8.927732,11.104317,19.76613,11.393731,-22.17404,16.18954,-2.3489466,6.936767,6.0278196,8.04501,-13.488252,10.009183,5.294316,6.471596,10.39388,7.9633236,-8.417818,10.017865,0.00817991,5.732523
481,discomfort,discomfort7b0e160e-0505-459e-8ecb-304d7afae9d2-1437486974312-1.7-m-04-dc_speed1.1.wav,./Aug/discomfort7b0e160e-0505-459e-8ecb-304d7afae9d2-1437486974312-1.7-m-04-dc_speed1.1.wav,6.272743764172335,0.030357662588357925,0.018957631662487984,0.046633562038745385,0.023417066118377114,161.38424074227552,43.28273689813357,-380.09213,76.07986,190.95506,48.881275,-14.524463,29.460665,10.018037,10.114533,22.029541,11.242283,-23.627441,15.88215,-0.74457353,6.9972954,7.5632386,7.799072,-13.879531,8.858436,6.2724853,6.8835287,10.2912035,7.818323,-8.73167,9.767513,1.5501862,6.6394873
482,discomfort,discomfort7b0e160e-0505-459e-8ecb-304d7afae9d2-1437486974312-1.7-m-04-dc_noise283.wav,./Aug/discomfort7b0e160e-0505-459e-8ecb-304d7afae9d2-1437486974312-1.7-m-04-dc_noise283.wav,6.9,0.04505866765975952,0.029619144275784492,0.07807912122483221,0.10290314991530532,152.9766799842999,45.4154569654678,-283.5981,55.5727,133.04343,37.45898,16.019003,27.635761,7.812854,10.378344,10.37576,10.185803,-12.086001,13.971216,-4.295749,6.571381,1.3944914,8.154944,-7.077807,8.152682,3.195645,6.0892353,7.232894,7.031614,-4.138929,8.700847,-1.2461185,6.1566834
483,discomfort,discomfort7b0e160e-0505-459e-8ecb-304d7afae9d2-1437486974312-1.7-m-04-dc_noise283.wav,./Aug/discomfort7b0e160e-0505-459e-8ecb-304d7afae9d2-1437486974312-1.7-m-04-dc_noise283.wav,6.9,0.04505866765975952,0.029619144275784492,0.07807912122483221,0.10290314991530532,152.9766799842999,45.4154569654678,-283.5981,55.5727,133.04343,37.45898,16.019003,27.635761,7.812854,10.378344,10.37576,10.185803,-12.086001,13.971216,-4.295749,6.571381,1.3944914,8.154944,-7.077807,8.152682,3.195645,6.0892353,7.232894,7.031614,-4.138929,8.700847,-1.2461185,6.1566834
484,discomfort,discomfort7b0e160e-0505-459e-8ecb-304d7afae9d2-1437486974312-1.7-m-04-dc_noise283.wav,./Aug/discomfort7b0e160e-0505-459e-8ecb-304d7afae9d2-1437486974312-1.7-m-04-dc_noise283.wav,6.9,0.04505866765975952,0.029619144275784492,0.07807912122483221,0.10290314991530532,152.9766799842999,45.4154569654678,-283.5981,55.5727,133.04343,37.45898,16.019003,27.635761,7.812854,10.378344,10.37576,10.185803,-12.086001,13.971216,-4.295749,6.571381,1.3944914,8.154944,-7.077807,8.152682,3.195645,6.0892353,7.232894,7.031614,-4.138929,8.700847,-1.2461185,6.1566834
485,discomfort,discomfort7b0e160e-0505-459e-8ecb-304d7afae9d2-1437486974312-1.7-m-04-dc_noise283.wav,./Aug/discomfort7b0e160e-0505-459e-8ecb-304d7afae9d2-1437486974312-1.7-m-04-dc_noise283.wav,6.9,0.04505866765975952,0.029619144275784492,0.07807912122483221,0.10290314991530532,152.9766799842999,45.4154569654678,-283.5981,55.5727,133.04343,37.45898,16.019003,27.635761,7.812854,10.378344,10.37576,10.185803,-12.086001,13.971216,-4.295749,6.571381,1.3944914,8.154944,-7.077807,8.152682,3.195645,6.0892353,7.232894,7.031614,-4.138929,8.700847,-1.2461185,6.1566834
486,discomfort,discomfortd6cda191-4962-4308-9a36-46d5648a95ed-1431086262776-1.7-m-04-ch_pitch-2.wav,./Aug/discomfortd6cda191-4962-4308-9a36-46d5648a95ed-1431086262776-1.7-m-04-ch_pitch-2.wav,6.84,0.03923046961426735,0.03434670716524124,0.1433792372881356,0.03385956312208066,160.82721448751045,66.05458701630774,-367.7642,100.46366,127.72374,55.630154,-94.576904,45.102955,-36.163063,15.453394,19.79254,21.177162,-35.271328,17.824522,-14.645857,12.745315,25.351063,11.562201,-9.000851,13.693323,-16.15949,10.1144705,10.014321,7.7922277,1.4451358,8.003096,-6.7790275,7.836791
487,discomfort,discomfortd6cda191-4962-4308-9a36-46d5648a95ed-1431086262776-1.7-m-04-ch_pitch-1.wav,./Aug/discomfortd6cda191-4962-4308-9a36-46d5648a95ed-1431086262776-1.7-m-04-ch_pitch-1.wav,6.84,0.03950183093547821,0.03125801682472229,0.15110732256355933,0.0378839721285424,163.86459634021543,60.309596322891764,-383.18903,105.01571,142.32349,54.53947,-112.77601,46.307327,-26.708113,14.2501545,22.000694,20.542753,-43.511105,19.88999,-2.373039,11.112197,26.25296,10.939195,-20.517048,14.654699,-8.612714,8.49147,13.794745,7.9027314,-6.263454,8.600101,-5.9840326,7.964653
488,discomfort,discomfortd6cda191-4962-4308-9a36-46d5648a95ed-1431086262776-1.7-m-04-ch_pitch1.wav,./Aug/discomfortd6cda191-4962-4308-9a36-46d5648a95ed-1431086262776-1.7-m-04-ch_pitch1.wav,6.84,0.03900419920682907,0.030708983540534973,0.17303859904661018,0.04330971801451487,168.88123146386184,68.2691230802603,-377.60846,109.62365,125.641,49.987026,-123.74431,48.79531,-7.4137745,18.135874,10.721286,16.26538,-44.974747,21.386143,18.861984,11.931161,10.575396,11.137642,-27.146645,13.005331,8.910902,9.388065,3.8153386,8.413363,-14.6929455,7.618109,-3.1617568,7.3753605
489,discomfort,discomfortd6cda191-4962-4308-9a36-46d5648a95ed-1431086262776-1.7-m-04-ch_pitch2.wav,./Aug/discomfortd6cda191-4962-4308-9a36-46d5648a95ed-1431086262776-1.7-m-04-ch_pitch2.wav,6.84,0.040632136166095734,0.034372273832559586,0.18258077330508474,0.04242733014212611,175.89263114265316,73.17360534382064,-364.56482,110.45525,103.63399,46.531082,-119.511055,50.866283,-0.55479735,20.364264,3.0247483,14.933628,-38.15251,20.950495,24.621964,12.578677,-0.52474993,11.81907,-24.092075,11.316832,12.895235,9.786671,-3.857122,9.538313,-14.302957,8.634314,-2.3172252,7.3473535
490,discomfort,discomfortd6cda191-4962-4308-9a36-46d5648a95ed-1431086262776-1.7-m-04-ch_speed0.9.wav,./Aug/discomfortd6cda191-4962-4308-9a36-46d5648a95ed-1431086262776-1.7-m-04-ch_speed0.9.wav,7.6,0.03898533806204796,0.03169318661093712,0.16374392625762196,0.04138100928732678,167.77273002592145,66.84325795781315,-373.97095,107.02251,123.39105,52.508404,-112.41449,48.3861,-17.469704,15.753543,15.331079,18.618965,-43.423443,21.040083,7.42589,11.253025,19.185377,10.7304945,-24.486382,14.664183,-0.74073356,7.9842267,10.406083,7.910106,-11.225283,8.360643,-6.3384295,7.7410774
491,discomfort,discomfortd6cda191-4962-4308-9a36-46d5648a95ed-1431086262776-1.7-m-04-ch_speed1.1.wav,./Aug/discomfortd6cda191-4962-4308-9a36-46d5648a95ed-1431086262776-1.7-m-04-ch_speed1.1.wav,6.2181859410430835,0.040157902985811234,0.03346015512943268,0.16374730352145522,0.03783905004195914,170.1028974310488,67.94585575245257,-365.48245,105.53221,117.41081,51.10188,-109.96995,48.809765,-18.975613,15.587871,13.972587,18.950407,-41.738194,20.661364,6.998005,11.328887,18.789385,10.514282,-22.83428,13.8245325,0.022872526,7.82726,10.92082,7.964005,-10.1592455,8.517648,-5.769115,7.3960004
492,discomfort,discomfortd6cda191-4962-4308-9a36-46d5648a95ed-1431086262776-1.7-m-04-ch_noise283.wav,./Aug/discomfortd6cda191-4962-4308-9a36-46d5648a95ed-1431086262776-1.7-m-04-ch_noise283.wav,6.84,0.058323901146650314,0.04877050966024399,0.23244008209745762,0.12740990169862276,166.02901439697746,71.74419818848791,-268.33887,83.426796,63.34115,40.054676,-72.69982,43.921604,-19.068369,15.558675,5.9820294,17.27166,-27.222809,17.120955,1.7748084,10.89941,13.085922,10.268016,-15.282953,12.202393,-4.2694745,7.4320483,8.739282,8.319992,-5.073686,7.289966,-8.036545,7.32126
493,discomfort,discomfortd6cda191-4962-4308-9a36-46d5648a95ed-1431086262776-1.7-m-04-ch_noise283.wav,./Aug/discomfortd6cda191-4962-4308-9a36-46d5648a95ed-1431086262776-1.7-m-04-ch_noise283.wav,6.84,0.058323901146650314,0.04877050966024399,0.23244008209745762,0.12740990169862276,166.02901439697746,71.74419818848791,-268.33887,83.426796,63.34115,40.054676,-72.69982,43.921604,-19.068369,15.558675,5.9820294,17.27166,-27.222809,17.120955,1.7748084,10.89941,13.085922,10.268016,-15.282953,12.202393,-4.2694745,7.4320483,8.739282,8.319992,-5.073686,7.289966,-8.036545,7.32126
494,discomfort,discomfortd6cda191-4962-4308-9a36-46d5648a95ed-1431086262776-1.7-m-04-ch_noise283.wav,./Aug/discomfortd6cda191-4962-4308-9a36-46d5648a95ed-1431086262776-1.7-m-04-ch_noise283.wav,6.84,0.058323901146650314,0.04877050966024399,0.23244008209745762,0.12740990169862276,166.02901439697746,71.74419818848791,-268.33887,83.426796,63.34115,40.054676,-72.69982,43.921604,-19.068369,15.558675,5.9820294,17.27166,-27.222809,17.120955,1.7748084,10.89941,13.085922,10.268016,-15.282953,12.202393,-4.2694745,7.4320483,8.739282,8.319992,-5.073686,7.289966,-8.036545,7.32126
495,discomfort,discomfortd6cda191-4962-4308-9a36-46d5648a95ed-1431086262776-1.7-m-04-ch_noise283.wav,./Aug/discomfortd6cda191-4962-4308-9a36-46d5648a95ed-1431086262776-1.7-m-04-ch_noise283.wav,6.84,0.058323901146650314,0.04877050966024399,0.23244008209745762,0.12740990169862276,166.02901439697746,71.74419818848791,-268.33887,83.426796,63.34115,40.054676,-72.69982,43.921604,-19.068369,15.558675,5.9820294,17.27166,-27.222809,17.120955,1.7748084,10.89941,13.085922,10.268016,-15.282953,12.202393,-4.2694745,7.4320483,8.739282,8.319992,-5.073686,7.289966,-8.036545,7.32126
496,discomfort,discomfort1309B82C-F146-46F0-A723-45345AFA6EA8-1430704008-1.0-f-48-dc_pitch-2.wav,./Aug/discomfort1309B82C-F146-46F0-A723-45345AFA6EA8-1430704008-1.0-f-48-dc_pitch-2.wav,7.0,0.022554880008101463,0.03295362368226051,0.10968704728890728,0.04872273701365407,157.99066259535917,57.363246277407264,-426.99533,85.92159,149.97539,39.2893,-57.703514,48.028915,-6.662551,11.302845,27.090971,19.516638,-34.48825,17.356268,-17.028677,9.164941,10.653479,17.824123,-17.073149,11.121144,-8.914486,7.949385,3.6168654,8.871779,-18.065683,7.5103755,-9.709061,7.356701
497,discomfort,discomfort1309B82C-F146-46F0-A723-45345AFA6EA8-1430704008-1.0-f-48-dc_pitch-1.wav,./Aug/discomfort1309B82C-F146-46F0-A723-45345AFA6EA8-1430704008-1.0-f-48-dc_pitch-1.wav,7.0,0.02243729867041111,0.03264334797859192,0.11491262675910596,0.0521475699695666,157.989070342771,56.54022339516759,-424.5692,87.403015,148.43243,37.354763,-64.61275,49.240177,-0.26187375,12.726302,22.040682,17.435307,-40.269783,17.621822,-8.707442,12.6291485,8.213549,16.09074,-21.34901,11.62939,-2.7985468,9.323494,-0.7578212,7.130064,-21.073614,7.137817,-1.6223241,10.038292
498,discomfort,discomfort1309B82C-F146-46F0-A723-45345AFA6EA8-1430704008-1.0-f-48-dc_pitch1.wav,./Aug/discomfort1309B82C-F146-46F0-A723-45345AFA6EA8-1430704008-1.0-f-48-dc_pitch1.wav,7.0,0.022196460515260696,0.032319262623786926,0.1312732822847682,0.06427868208876632,177.3755104902057,63.92700494082005,-423.52847,89.87441,146.24304,31.47037,-76.652,49.867287,14.228525,19.094425,8.109969,12.846749,-45.50801,16.400314,7.7307696,18.47826,-3.6627958,11.577219,-22.628895,10.522316,5.0921645,12.828138,-14.944119,6.4874835,-14.247911,5.8698297,4.8764834,10.526273
499,discomfort,discomfort1309B82C-F146-46F0-A723-45345AFA6EA8-1430704008-1.0-f-48-dc_pitch2.wav,./Aug/discomfort1309B82C-F146-46F0-A723-45345AFA6EA8-1430704008-1.0-f-48-dc_pitch2.wav,7.0,0.02218875102698803,0.03231864795088768,0.13777130329056292,0.06521722281151571,176.04933816373622,69.69767486842848,-410.95804,90.37329,128.53748,29.423527,-72.75842,48.823288,16.423319,22.235758,-2.331267,11.860233,-41.859272,13.019205,10.149833,21.441702,-10.507238,10.587626,-17.822369,8.773222,2.3922071,12.093026,-20.514803,7.9732933,-7.422203,8.018456,1.0489942,8.704842
500,discomfort,discomfort1309B82C-F146-46F0-A723-45345AFA6EA8-1430704008-1.0-f-48-dc_speed0.9.wav,./Aug/discomfort1309B82C-F146-46F0-A723-45345AFA6EA8-1430704008-1.0-f-48-dc_speed0.9.wav,7.777777777777778,0.022819168865680695,0.03324209526181221,0.12163013059701493,0.05543453402927975,169.03705125554617,67.52314926095548,-425.2701,89.2322,147.57816,35.103756,-70.30562,48.631363,6.50885,15.163132,15.3282795,14.640281,-44.516914,17.375343,-0.6950797,16.04161,3.453707,14.160387,-23.018227,12.216279,2.0829651,10.765409,-7.817714,6.215855,-20.286238,6.4662094,3.0862238,11.347348
501,discomfort,discomfort1309B82C-F146-46F0-A723-45345AFA6EA8-1430704008-1.0-f-48-dc_speed1.1.wav,./Aug/discomfort1309B82C-F146-46F0-A723-45345AFA6EA8-1430704008-1.0-f-48-dc_speed1.1.wav,6.363628117913832,0.022289317101240158,0.03202379494905472,0.1223721590909091,0.056333729313026056,168.69102133384783,63.59037474835955,-424.4037,88.9238,149.23764,34.99203,-71.1602,49.097427,6.373681,15.3754,14.947987,14.616169,-45.095207,17.0806,-0.5188601,16.014065,3.132668,14.189573,-23.910046,11.579004,2.0683384,11.006488,-7.3783746,5.720615,-19.895264,6.2531137,4.0011387,11.84413
502,discomfort,discomfort1309B82C-F146-46F0-A723-45345AFA6EA8-1430704008-1.0-f-48-dc_noise283.wav,./Aug/discomfort1309B82C-F146-46F0-A723-45345AFA6EA8-1430704008-1.0-f-48-dc_noise283.wav,7.0,0.03325401619076729,0.0481913723051548,0.21082108857615894,0.07747771470604486,169.77862132133936,64.47629846037853,-314.37958,77.75889,70.82792,31.45447,-28.164917,44.615555,1.8741643,13.0423765,4.500571,13.732886,-24.353691,16.60429,-4.6501265,12.327683,0.38334423,12.957953,-12.022793,10.865596,-2.6233516,8.345878,-6.0231457,5.1250057,-11.657978,6.3130183,-0.6968808,9.286282
503,discomfort,discomfort1309B82C-F146-46F0-A723-45345AFA6EA8-1430704008-1.0-f-48-dc_noise283.wav,./Aug/discomfort1309B82C-F146-46F0-A723-45345AFA6EA8-1430704008-1.0-f-48-dc_noise283.wav,7.0,0.03325401619076729,0.0481913723051548,0.21082108857615894,0.07747771470604486,169.77862132133936,64.47629846037853,-314.37958,77.75889,70.82792,31.45447,-28.164917,44.615555,1.8741643,13.0423765,4.500571,13.732886,-24.353691,16.60429,-4.6501265,12.327683,0.38334423,12.957953,-12.022793,10.865596,-2.6233516,8.345878,-6.0231457,5.1250057,-11.657978,6.3130183,-0.6968808,9.286282
504,discomfort,discomfort1309B82C-F146-46F0-A723-45345AFA6EA8-1430704008-1.0-f-48-dc_noise283.wav,./Aug/discomfort1309B82C-F146-46F0-A723-45345AFA6EA8-1430704008-1.0-f-48-dc_noise283.wav,7.0,0.03325401619076729,0.0481913723051548,0.21082108857615894,0.07747771470604486,169.77862132133936,64.47629846037853,-314.37958,77.75889,70.82792,31.45447,-28.164917,44.615555,1.8741643,13.0423765,4.500571,13.732886,-24.353691,16.60429,-4.6501265,12.327683,0.38334423,12.957953,-12.022793,10.865596,-2.6233516,8.345878,-6.0231457,5.1250057,-11.657978,6.3130183,-0.6968808,9.286282
505,discomfort,discomfort1309B82C-F146-46F0-A723-45345AFA6EA8-1430704008-1.0-f-48-dc_noise283.wav,./Aug/discomfort1309B82C-F146-46F0-A723-45345AFA6EA8-1430704008-1.0-f-48-dc_noise283.wav,7.0,0.03325401619076729,0.0481913723051548,0.21082108857615894,0.07747771470604486,169.77862132133936,64.47629846037853,-314.37958,77.75889,70.82792,31.45447,-28.164917,44.615555,1.8741643,13.0423765,4.500571,13.732886,-24.353691,16.60429,-4.6501265,12.327683,0.38334423,12.957953,-12.022793,10.865596,-2.6233516,8.345878,-6.0231457,5.1250057,-11.657978,6.3130183,-0.6968808,9.286282
506,discomfort,discomfort1309B82C-F146-46F0-A723-45345AFA6EA8-1432801703-1.1-f-26-dc_pitch-2.wav,./Aug/discomfort1309B82C-F146-46F0-A723-45345AFA6EA8-1432801703-1.1-f-26-dc_pitch-2.wav,7.0,0.11016535013914108,0.06165163964033127,0.1091809809602649,0.029543618704399432,169.32366940272513,63.95406494600696,-262.9911,82.50634,196.2255,43.939075,-100.06487,39.217983,-24.234886,14.220915,28.251093,17.501553,-55.068516,15.118104,-21.687765,19.498766,24.909267,16.359959,-18.754543,13.7214365,-13.37654,10.0454855,10.781816,9.737836,-14.00887,6.119918,-8.565837,6.2447147
507,discomfort,discomfort1309B82C-F146-46F0-A723-45345AFA6EA8-1432801703-1.1-f-26-dc_pitch-1.wav,./Aug/discomfort1309B82C-F146-46F0-A723-45345AFA6EA8-1432801703-1.1-f-26-dc_pitch-1.wav,7.0,0.11252208799123764,0.06518392264842987,0.11566606736341059,0.03162985510672156,163.5566800434342,58.66380349455451,-250.94382,83.9547,181.87074,41.632,-103.746666,40.75624,-14.453832,13.919199,20.300129,18.11617,-59.031715,15.450118,-7.9621305,20.616926,21.603354,11.61749,-24.697731,16.433886,-5.2251415,7.1158085,6.517891,11.036639,-17.83924,6.114218,0.46519762,8.679158
508,discomfort,discomfort1309B82C-F146-46F0-A723-45345AFA6EA8-1432801703-1.1-f-26-dc_pitch1.wav,./Aug/discomfort1309B82C-F146-46F0-A723-45345AFA6EA8-1432801703-1.1-f-26-dc_pitch1.wav,7.0,0.11035265773534775,0.060745250433683395,0.13022234581953643,0.03538279601265651,184.64263331828516,59.67322581903813,-246.54636,87.38261,170.0623,37.459156,-119.30853,42.91593,3.0884564,17.309628,2.4051878,18.95004,-61.165504,16.563953,17.356516,20.186413,4.766166,8.829685,-29.182093,14.331196,9.751208,13.278347,-7.2636333,8.852739,-12.56245,7.9783483,10.799059,10.431283
509,discomfort,discomfort1309B82C-F146-46F0-A723-45345AFA6EA8-1432801703-1.1-f-26-dc_pitch2.wav,./Aug/discomfort1309B82C-F146-46F0-A723-45345AFA6EA8-1432801703-1.1-f-26-dc_pitch2.wav,7.0,0.10891574621200562,0.06044955551624298,0.1384212670736755,0.036882747040390185,188.24693721957146,67.13524570724303,-238.4321,89.63963,157.47969,35.798203,-121.45209,43.6262,9.779446,19.66036,-7.612566,18.553106,-54.339935,15.861595,26.021124,18.172731,-6.1941056,12.788111,-23.432985,9.567096,13.035037,16.532337,-14.08262,7.711698,-4.7631855,9.243559,9.198968,9.604621
510,discomfort,discomfort1309B82C-F146-46F0-A723-45345AFA6EA8-1432801703-1.1-f-26-dc_speed0.9.wav,./Aug/discomfort1309B82C-F146-46F0-A723-45345AFA6EA8-1432801703-1.1-f-26-dc_speed0.9.wav,7.777777777777778,0.10980401933193207,0.06086360663175583,0.12274953358208955,0.03311690765441452,173.00809872541996,57.56883285249982,-247.58647,86.31962,171.88133,40.171894,-109.473564,42.003952,-6.661461,15.375837,11.156607,18.620115,-60.631523,15.972855,4.5798087,20.578875,14.259736,8.03923,-28.2875,16.497492,2.978261,9.501363,0.6486463,10.924133,-17.411186,6.7815876,6.516,9.649224
511,discomfort,discomfort1309B82C-F146-46F0-A723-45345AFA6EA8-1432801703-1.1-f-26-dc_speed1.1.wav,./Aug/discomfort1309B82C-F146-46F0-A723-45345AFA6EA8-1432801703-1.1-f-26-dc_speed1.1.wav,6.363628117913832,0.11299975216388702,0.06394000351428986,0.12268465909090909,0.03333065140919438,170.8961839902873,52.7250488069778,-247.9875,85.794174,177.55542,40.066082,-111.873085,41.927063,-6.1293554,15.188606,12.071655,18.438704,-61.07725,16.069555,5.7548146,21.51539,14.552983,8.026289,-29.027174,17.01991,3.8098376,9.181848,1.2493511,10.969226,-17.56728,6.6745353,6.603475,9.773928
512,discomfort,discomfort1309B82C-F146-46F0-A723-45345AFA6EA8-1432801703-1.1-f-26-dc_noise283.wav,./Aug/discomfort1309B82C-F146-46F0-A723-45345AFA6EA8-1432801703-1.1-f-26-dc_noise283.wav,7.0,0.1628008931875229,0.08987517654895782,0.17196069174254966,0.10691564363167022,179.68836094517405,59.151227969801525,-143.25438,77.58015,94.49496,39.908943,-64.63549,36.652008,-13.594915,15.654811,0.23640664,16.83052,-38.133183,17.314096,-0.7009261,17.294302,10.3691225,8.75321,-17.603302,15.93755,-3.299073,7.308999,1.8744996,10.183202,-9.778975,6.736881,0.6166971,7.7449408
513,discomfort,discomfort1309B82C-F146-46F0-A723-45345AFA6EA8-1432801703-1.1-f-26-dc_noise283.wav,./Aug/discomfort1309B82C-F146-46F0-A723-45345AFA6EA8-1432801703-1.1-f-26-dc_noise283.wav,7.0,0.1628008931875229,0.08987517654895782,0.17196069174254966,0.10691564363167022,179.68836094517405,59.151227969801525,-143.25438,77.58015,94.49496,39.908943,-64.63549,36.652008,-13.594915,15.654811,0.23640664,16.83052,-38.133183,17.314096,-0.7009261,17.294302,10.3691225,8.75321,-17.603302,15.93755,-3.299073,7.308999,1.8744996,10.183202,-9.778975,6.736881,0.6166971,7.7449408
514,discomfort,discomfort1309B82C-F146-46F0-A723-45345AFA6EA8-1432801703-1.1-f-26-dc_noise283.wav,./Aug/discomfort1309B82C-F146-46F0-A723-45345AFA6EA8-1432801703-1.1-f-26-dc_noise283.wav,7.0,0.1628008931875229,0.08987517654895782,0.17196069174254966,0.10691564363167022,179.68836094517405,59.151227969801525,-143.25438,77.58015,94.49496,39.908943,-64.63549,36.652008,-13.594915,15.654811,0.23640664,16.83052,-38.133183,17.314096,-0.7009261,17.294302,10.3691225,8.75321,-17.603302,15.93755,-3.299073,7.308999,1.8744996,10.183202,-9.778975,6.736881,0.6166971,7.7449408
515,discomfort,discomfort1309B82C-F146-46F0-A723-45345AFA6EA8-1432801703-1.1-f-26-dc_noise283.wav,./Aug/discomfort1309B82C-F146-46F0-A723-45345AFA6EA8-1432801703-1.1-f-26-dc_noise283.wav,7.0,0.1628008931875229,0.08987517654895782,0.17196069174254966,0.10691564363167022,179.68836094517405,59.151227969801525,-143.25438,77.58015,94.49496,39.908943,-64.63549,36.652008,-13.594915,15.654811,0.23640664,16.83052,-38.133183,17.314096,-0.7009261,17.294302,10.3691225,8.75321,-17.603302,15.93755,-3.299073,7.308999,1.8744996,10.183202,-9.778975,6.736881,0.6166971,7.7449408
516,discomfort,discomfort1309B82C-F146-46F0-A723-45345AFA6EA8-1432801693-1.1-f-26-dc_pitch-2.wav,./Aug/discomfort1309B82C-F146-46F0-A723-45345AFA6EA8-1432801693-1.1-f-26-dc_pitch-2.wav,7.0,0.07720234245061874,0.06636755168437958,0.09678316432119205,0.035053706420637154,165.26529818889009,64.63268062779407,-321.58774,104.65021,174.85094,53.742996,-71.542564,51.02711,-17.102936,15.664155,19.320997,16.924896,-51.773533,20.254366,-23.551289,19.302376,17.95975,18.053268,-16.402897,15.372568,-13.275488,10.0248995,6.607474,10.22601,-12.39846,7.109518,-8.352777,6.7375455
517,discomfort,discomfort1309B82C-F146-46F0-A723-45345AFA6EA8-1432801693-1.1-f-26-dc_pitch-1.wav,./Aug/discomfort1309B82C-F146-46F0-A723-45345AFA6EA8-1432801693-1.1-f-26-dc_pitch-1.wav,7.0,0.08134904503822327,0.07179500162601471,0.1000911889486755,0.03596073464997554,169.70068873838858,62.3356663185111,-310.5281,107.30012,163.3321,51.12282,-74.56108,53.35319,-10.681174,13.408356,10.991732,16.868967,-55.254616,22.187704,-11.567061,20.506496,16.12976,13.129384,-20.759983,17.744242,-6.2690706,7.3153205,3.6005638,10.368769,-15.555247,7.841064,-2.271148,8.265119
518,discomfort,discomfort1309B82C-F146-46F0-A723-45345AFA6EA8-1432801693-1.1-f-26-dc_pitch1.wav,./Aug/discomfort1309B82C-F146-46F0-A723-45345AFA6EA8-1432801693-1.1-f-26-dc_pitch1.wav,7.0,0.07855656743049622,0.06746463477611542,0.1161042270281457,0.04273303521751597,176.25986050027672,71.01456797877468,-302.27127,110.916374,151.3162,44.943226,-86.21047,55.830982,-0.07990866,15.120053,-6.533372,17.490086,-56.587574,22.494728,10.100977,21.266676,3.7246094,9.658252,-24.772972,15.326529,4.7716765,14.2532625,-7.1205916,9.159953,-12.016869,7.5510473,4.780406,12.004856
519,discomfort,discomfort1309B82C-F146-46F0-A723-45345AFA6EA8-1432801693-1.1-f-26-dc_pitch2.wav,./Aug/discomfort1309B82C-F146-46F0-A723-45345AFA6EA8-1432801693-1.1-f-26-dc_pitch2.wav,7.0,0.07953421771526337,0.06805723905563354,0.11986981322433775,0.04324249475738347,189.12237821477072,74.29530077333824,-304.28818,113.71896,152.29802,42.74128,-96.12936,56.286045,6.325682,17.513445,-15.385875,17.750849,-53.965733,21.613203,20.1416,20.510996,-6.53009,13.414198,-23.250456,11.189096,7.5661445,17.110617,-14.536944,8.649617,-6.379661,8.879191,4.923237,11.10443
520,discomfort,discomfort1309B82C-F146-46F0-A723-45345AFA6EA8-1432801693-1.1-f-26-dc_speed0.9.wav,./Aug/discomfort1309B82C-F146-46F0-A723-45345AFA6EA8-1432801693-1.1-f-26-dc_speed0.9.wav,7.777777777777778,0.07851647585630417,0.0675923302769661,0.10947119869402985,0.04218805161566185,178.76812757717744,66.64588690617065,-296.3586,107.126335,144.83138,47.68105,-72.85776,54.196728,-6.400901,13.642617,0.50768644,17.216639,-54.596153,22.92654,-2.2283313,20.783962,10.146622,9.66301,-22.380445,17.816675,-1.4140079,9.823617,-1.5965266,10.729561,-14.783363,7.891008,1.375427,10.393811
521,discomfort,discomfort1309B82C-F146-46F0-A723-45345AFA6EA8-1432801693-1.1-f-26-dc_speed1.1.wav,./Aug/discomfort1309B82C-F146-46F0-A723-45345AFA6EA8-1432801693-1.1-f-26-dc_speed1.1.wav,6.363628117913832,0.07891041040420532,0.06956416368484497,0.10623757102272727,0.03827195456261654,172.01089717235732,68.04592302176808,-309.28864,108.80379,162.26918,47.77434,-83.401855,54.50792,-5.2907343,13.169834,3.1153567,17.003805,-58.61372,22.734203,-0.114200994,21.317188,10.801572,9.600544,-25.408865,18.28409,0.082557425,9.751566,-1.4308637,9.974504,-15.968705,7.525525,3.3510985,10.793412
522,discomfort,discomfort1309B82C-F146-46F0-A723-45345AFA6EA8-1432801693-1.1-f-26-dc_noise283.wav,./Aug/discomfort1309B82C-F146-46F0-A723-45345AFA6EA8-1432801693-1.1-f-26-dc_noise283.wav,7.0,0.11508674919605255,0.09663806110620499,0.1948355365273179,0.12469445976061606,170.59926904512722,71.3489120088282,-197.761,91.318886,82.70069,44.78402,-42.021324,44.304382,-10.080211,13.977012,-5.7895184,15.702179,-36.36081,21.038744,-4.1280923,17.874983,6.645617,9.0714245,-14.033649,16.926424,-3.6942842,7.155815,0.2352786,9.096548,-8.70361,7.641797,-2.1335232,8.56071
523,discomfort,discomfort1309B82C-F146-46F0-A723-45345AFA6EA8-1432801693-1.1-f-26-dc_noise283.wav,./Aug/discomfort1309B82C-F146-46F0-A723-45345AFA6EA8-1432801693-1.1-f-26-dc_noise283.wav,7.0,0.11508674919605255,0.09663806110620499,0.1948355365273179,0.12469445976061606,170.59926904512722,71.3489120088282,-197.761,91.318886,82.70069,44.78402,-42.021324,44.304382,-10.080211,13.977012,-5.7895184,15.702179,-36.36081,21.038744,-4.1280923,17.874983,6.645617,9.0714245,-14.033649,16.926424,-3.6942842,7.155815,0.2352786,9.096548,-8.70361,7.641797,-2.1335232,8.56071
524,discomfort,discomfort1309B82C-F146-46F0-A723-45345AFA6EA8-1432801693-1.1-f-26-dc_noise283.wav,./Aug/discomfort1309B82C-F146-46F0-A723-45345AFA6EA8-1432801693-1.1-f-26-dc_noise283.wav,7.0,0.11508674919605255,0.09663806110620499,0.1948355365273179,0.12469445976061606,170.59926904512722,71.3489120088282,-197.761,91.318886,82.70069,44.78402,-42.021324,44.304382,-10.080211,13.977012,-5.7895184,15.702179,-36.36081,21.038744,-4.1280923,17.874983,6.645617,9.0714245,-14.033649,16.926424,-3.6942842,7.155815,0.2352786,9.096548,-8.70361,7.641797,-2.1335232,8.56071
525,discomfort,discomfort1309B82C-F146-46F0-A723-45345AFA6EA8-1432801693-1.1-f-26-dc_noise283.wav,./Aug/discomfort1309B82C-F146-46F0-A723-45345AFA6EA8-1432801693-1.1-f-26-dc_noise283.wav,7.0,0.11508674919605255,0.09663806110620499,0.1948355365273179,0.12469445976061606,170.59926904512722,71.3489120088282,-197.761,91.318886,82.70069,44.78402,-42.021324,44.304382,-10.080211,13.977012,-5.7895184,15.702179,-36.36081,21.038744,-4.1280923,17.874983,6.645617,9.0714245,-14.033649,16.926424,-3.6942842,7.155815,0.2352786,9.096548,-8.70361,7.641797,-2.1335232,8.56071
526,discomfort,discomfortd6cda191-4962-4308-9a36-46d5648a95ed-1426942891562-1.4-f-48-dc_pitch-2.wav,./Aug/discomfortd6cda191-4962-4308-9a36-46d5648a95ed-1426942891562-1.4-f-48-dc_pitch-2.wav,6.82,0.0020960525143891573,0.00333762401714921,0.07548761692176871,0.03976853501107374,114.81986396281238,55.16278706566336,-623.67285,48.125504,143.13873,39.573063,-25.895319,21.041866,5.624643,12.890769,39.805096,12.168922,-6.077092,10.273635,-2.6837149,11.662493,18.257896,10.763599,-3.156934,11.076695,-4.19747,9.61484,9.1739645,7.4459605,-2.2661493,6.355636,-2.786657,6.586593
527,discomfort,discomfortd6cda191-4962-4308-9a36-46d5648a95ed-1426942891562-1.4-f-48-dc_pitch-1.wav,./Aug/discomfortd6cda191-4962-4308-9a36-46d5648a95ed-1426942891562-1.4-f-48-dc_pitch-1.wav,6.82,0.002229244913905859,0.0037223342806100845,0.07896205357142858,0.04020740342440555,120.16460907681399,55.305941365058864,-615.26636,50.62682,135.54042,40.714462,-26.76631,21.115915,11.548631,12.714989,36.052353,12.124048,-9.797129,10.859767,2.660155,11.385927,17.407902,11.642447,-5.49044,11.291643,0.60256296,9.075947,8.09683,6.464886,-5.809442,6.2124705,-0.8178617,6.34785
528,discomfort,discomfortd6cda191-4962-4308-9a36-46d5648a95ed-1426942891562-1.4-f-48-dc_pitch1.wav,./Aug/discomfortd6cda191-4962-4308-9a36-46d5648a95ed-1426942891562-1.4-f-48-dc_pitch1.wav,6.82,0.0021689212881028652,0.0035573074128478765,0.0888937606292517,0.0475923241486672,132.84588434188723,59.47795783522723,-607.6825,52.233997,128.23116,39.626102,-30.663986,21.524261,22.657413,12.618799,28.147493,11.719549,-14.387232,13.930326,11.913035,13.422034,9.667989,12.730518,-9.100876,10.279031,6.681147,7.40808,0.036872707,7.071048,-7.442645,6.9552326,2.8014069,6.233139
529,discomfort,discomfortd6cda191-4962-4308-9a36-46d5648a95ed-1426942891562-1.4-f-48-dc_pitch2.wav,./Aug/discomfortd6cda191-4962-4308-9a36-46d5648a95ed-1426942891562-1.4-f-48-dc_pitch2.wav,6.82,0.0019872491247951984,0.003074266714975238,0.09541912468112244,0.05155658378007279,135.96950092554326,65.0813185111187,-615.78094,53.854458,136.96869,39.480186,-40.534607,21.932247,31.57956,12.699665,24.274334,11.62196,-17.52194,14.361622,18.650288,13.396993,3.6274889,12.937066,-9.38774,10.242554,9.652867,7.1182246,-5.5494275,7.5297904,-4.2561474,6.9303675,3.8688242,6.0467396
530,discomfort,discomfortd6cda191-4962-4308-9a36-46d5648a95ed-1426942891562-1.4-f-48-dc_speed0.9.wav,./Aug/discomfortd6cda191-4962-4308-9a36-46d5648a95ed-1426942891562-1.4-f-48-dc_speed0.9.wav,7.5777777777777775,0.002115495502948761,0.0034507373347878456,0.08600021502293578,0.047077287693528175,127.92546755676578,58.8105130829986,-617.99414,51.439518,137.72433,40.058205,-33.26129,21.561235,17.644346,12.421535,34.15374,12.208898,-13.91629,11.931029,8.10976,12.251507,14.5404005,12.630583,-9.326339,11.364725,4.361614,8.480928,5.0875607,6.9211965,-7.4889507,6.882356,2.429629,6.813706
531,discomfort,discomfortd6cda191-4962-4308-9a36-46d5648a95ed-1426942891562-1.4-f-48-dc_speed1.1.wav,./Aug/discomfortd6cda191-4962-4308-9a36-46d5648a95ed-1426942891562-1.4-f-48-dc_speed1.1.wav,6.2,0.002149679232388735,0.0034178311470896006,0.08475141382929105,0.046815651031617785,123.46045112892459,57.73013488505977,-613.766,51.34041,135.30574,40.009125,-30.729383,21.152285,17.817602,12.257487,33.80468,12.42306,-13.045052,12.522499,7.655956,12.282304,14.01082,12.339681,-8.956941,11.324332,4.2380724,8.903579,5.155588,6.531608,-7.234531,7.160832,2.0960412,6.2954526
532,discomfort,discomfortd6cda191-4962-4308-9a36-46d5648a95ed-1426942891562-1.4-f-48-dc_noise283.wav,./Aug/discomfortd6cda191-4962-4308-9a36-46d5648a95ed-1426942891562-1.4-f-48-dc_noise283.wav,6.82,0.0030852879863232374,0.0051864455454051495,0.12108876753826531,0.061206756603010636,124.40451945031306,59.806690939058896,-536.5731,49.097805,86.80369,38.606346,-6.3554897,21.262993,13.1000805,12.839085,23.732399,12.08948,-2.7575414,11.504824,4.235327,11.806662,10.391939,12.098971,-2.5639207,10.983547,0.93945086,8.41559,3.3455305,6.6701603,-2.930853,6.697865,-1.1266152,6.3966503
533,discomfort,discomfortd6cda191-4962-4308-9a36-46d5648a95ed-1426942891562-1.4-f-48-dc_noise283.wav,./Aug/discomfortd6cda191-4962-4308-9a36-46d5648a95ed-1426942891562-1.4-f-48-dc_noise283.wav,6.82,0.0030852879863232374,0.0051864455454051495,0.12108876753826531,0.061206756603010636,124.40451945031306,59.806690939058896,-536.5731,49.097805,86.80369,38.606346,-6.3554897,21.262993,13.1000805,12.839085,23.732399,12.08948,-2.7575414,11.504824,4.235327,11.806662,10.391939,12.098971,-2.5639207,10.983547,0.93945086,8.41559,3.3455305,6.6701603,-2.930853,6.697865,-1.1266152,6.3966503
534,discomfort,discomfortd6cda191-4962-4308-9a36-46d5648a95ed-1426942891562-1.4-f-48-dc_noise283.wav,./Aug/discomfortd6cda191-4962-4308-9a36-46d5648a95ed-1426942891562-1.4-f-48-dc_noise283.wav,6.82,0.0030852879863232374,0.0051864455454051495,0.12108876753826531,0.061206756603010636,124.40451945031306,59.806690939058896,-536.5731,49.097805,86.80369,38.606346,-6.3554897,21.262993,13.1000805,12.839085,23.732399,12.08948,-2.7575414,11.504824,4.235327,11.806662,10.391939,12.098971,-2.5639207,10.983547,0.93945086,8.41559,3.3455305,6.6701603,-2.930853,6.697865,-1.1266152,6.3966503
535,discomfort,discomfortd6cda191-4962-4308-9a36-46d5648a95ed-1426942891562-1.4-f-48-dc_noise283.wav,./Aug/discomfortd6cda191-4962-4308-9a36-46d5648a95ed-1426942891562-1.4-f-48-dc_noise283.wav,6.82,0.0030852879863232374,0.0051864455454051495,0.12108876753826531,0.061206756603010636,124.40451945031306,59.806690939058896,-536.5731,49.097805,86.80369,38.606346,-6.3554897,21.262993,13.1000805,12.839085,23.732399,12.08948,-2.7575414,11.504824,4.235327,11.806662,10.391939,12.098971,-2.5639207,10.983547,0.93945086,8.41559,3.3455305,6.6701603,-2.930853,6.697865,-1.1266152,6.3966503
536,discomfort,discomfortD1CB71F9-EF76-49B3-A703-41D557444D21-1436863419-1.1-f-26-dc_pitch-2.wav,./Aug/discomfortD1CB71F9-EF76-49B3-A703-41D557444D21-1436863419-1.1-f-26-dc_pitch-2.wav,7.0,0.06267354637384415,0.05787058547139168,0.07799080349751655,0.02593644076209434,183.8794458502278,64.70607682498749,-335.59805,68.23034,146.15375,33.636955,-42.9538,41.335777,-15.662721,15.141599,10.308384,15.549031,-38.271645,19.345736,-19.152798,15.1557255,12.854782,11.784044,-8.545179,12.882529,-7.5921454,8.0979395,4.975801,10.588879,-9.743675,9.110391,-8.38923,7.303673
537,discomfort,discomfortD1CB71F9-EF76-49B3-A703-41D557444D21-1436863419-1.1-f-26-dc_pitch-1.wav,./Aug/discomfortD1CB71F9-EF76-49B3-A703-41D557444D21-1436863419-1.1-f-26-dc_pitch-1.wav,7.0,0.06376928091049194,0.06086084246635437,0.08209915666390728,0.02464351379655987,174.83690982520653,53.56741274512963,-329.51608,69.61257,139.96767,32.1425,-46.912975,42.43965,-11.524495,13.868269,5.2290273,15.513601,-40.99138,19.260141,-10.376839,15.179645,12.248247,9.344548,-12.515039,13.001852,-3.8393629,9.180798,2.1722279,8.04294,-12.838953,11.01105,-4.5595703,8.195691
538,discomfort,discomfortD1CB71F9-EF76-49B3-A703-41D557444D21-1436863419-1.1-f-26-dc_pitch1.wav,./Aug/discomfortD1CB71F9-EF76-49B3-A703-41D557444D21-1436863419-1.1-f-26-dc_pitch1.wav,7.0,0.06397663056850433,0.06055423989892006,0.09087528456125828,0.02678771432174877,185.41153493759884,55.01084529519136,-330.41562,71.2757,139.48085,27.803627,-63.55294,43.956474,-4.156135,15.063983,-5.1920786,17.973083,-43.047672,19.369783,7.857796,15.589768,5.0521593,9.790744,-16.874071,10.136137,3.8245623,13.367013,-7.2850294,9.4370575,-12.953977,7.8596315,-1.5188236,12.590073
539,discomfort,discomfortD1CB71F9-EF76-49B3-A703-41D557444D21-1436863419-1.1-f-26-dc_pitch2.wav,./Aug/discomfortD1CB71F9-EF76-49B3-A703-41D557444D21-1436863419-1.1-f-26-dc_pitch2.wav,7.0,0.06541663408279419,0.06104746088385582,0.0970547909768212,0.029914615529201268,199.65107236007626,56.70203300133475,-324.79593,71.686615,130.84778,26.47561,-65.48485,44.148212,-0.34505215,17.498533,-12.348312,18.734003,-39.45356,18.03308,14.554506,14.624948,-1.2990057,11.658676,-15.791713,7.591616,3.2769995,13.668101,-13.516228,11.4874735,-10.36363,7.644374,-3.8204288,11.651944
540,discomfort,discomfortD1CB71F9-EF76-49B3-A703-41D557444D21-1436863419-1.1-f-26-dc_speed0.9.wav,./Aug/discomfortD1CB71F9-EF76-49B3-A703-41D557444D21-1436863419-1.1-f-26-dc_speed0.9.wav,7.777777777777778,0.06619221717119217,0.06289220601320267,0.0851300139925373,0.02617595682873032,175.96336519222706,52.86854576607806,-323.42517,69.75485,130.17873,30.00012,-50.232044,43.5497,-8.368115,14.086536,-0.98763657,17.017233,-40.932255,19.708174,-1.7051911,15.269369,9.27448,8.466694,-14.90233,12.209387,-0.5727764,11.715859,-1.8631588,7.422649,-13.121174,9.846484,-2.0167618,10.399167
541,discomfort,discomfortD1CB71F9-EF76-49B3-A703-41D557444D21-1436863419-1.1-f-26-dc_speed1.1.wav,./Aug/discomfortD1CB71F9-EF76-49B3-A703-41D557444D21-1436863419-1.1-f-26-dc_speed1.1.wav,6.363628117913832,0.06487108767032623,0.06223007291555405,0.08555752840909091,0.024743786754262607,169.72900871384138,57.12060157667578,-319.20587,69.39757,130.44199,30.108528,-49.449764,42.698784,-9.397666,13.888876,-2.3797889,16.427095,-41.534977,19.583868,-2.239085,15.4955435,8.932895,8.310227,-15.430508,12.792813,-1.739997,11.110584,-2.832273,7.3752885,-13.80054,9.783466,-2.5861163,10.419515
542,discomfort,discomfortD1CB71F9-EF76-49B3-A703-41D557444D21-1436863419-1.1-f-26-dc_noise283.wav,./Aug/discomfortD1CB71F9-EF76-49B3-A703-41D557444D21-1436863419-1.1-f-26-dc_noise283.wav,7.0,0.09460529685020447,0.08806772530078888,0.16274640418046357,0.09923313286867112,176.57804256572544,54.60866946595565,-238.11879,60.409164,75.84585,30.103329,-23.78187,35.183113,-8.323372,14.763698,-6.084331,15.979777,-26.329739,17.270603,-2.7370455,11.713191,5.7936306,7.2695713,-7.950078,9.941929,-1.7588531,7.7547593,-1.5263561,6.5538363,-9.176214,8.831212,-4.4844823,7.9210854
543,discomfort,discomfortD1CB71F9-EF76-49B3-A703-41D557444D21-1436863419-1.1-f-26-dc_noise283.wav,./Aug/discomfortD1CB71F9-EF76-49B3-A703-41D557444D21-1436863419-1.1-f-26-dc_noise283.wav,7.0,0.09460529685020447,0.08806772530078888,0.16274640418046357,0.09923313286867112,176.57804256572544,54.60866946595565,-238.11879,60.409164,75.84585,30.103329,-23.78187,35.183113,-8.323372,14.763698,-6.084331,15.979777,-26.329739,17.270603,-2.7370455,11.713191,5.7936306,7.2695713,-7.950078,9.941929,-1.7588531,7.7547593,-1.5263561,6.5538363,-9.176214,8.831212,-4.4844823,7.9210854
544,discomfort,discomfortD1CB71F9-EF76-49B3-A703-41D557444D21-1436863419-1.1-f-26-dc_noise283.wav,./Aug/discomfortD1CB71F9-EF76-49B3-A703-41D557444D21-1436863419-1.1-f-26-dc_noise283.wav,7.0,0.09460529685020447,0.08806772530078888,0.16274640418046357,0.09923313286867112,176.57804256572544,54.60866946595565,-238.11879,60.409164,75.84585,30.103329,-23.78187,35.183113,-8.323372,14.763698,-6.084331,15.979777,-26.329739,17.270603,-2.7370455,11.713191,5.7936306,7.2695713,-7.950078,9.941929,-1.7588531,7.7547593,-1.5263561,6.5538363,-9.176214,8.831212,-4.4844823,7.9210854
545,discomfort,discomfortD1CB71F9-EF76-49B3-A703-41D557444D21-1436863419-1.1-f-26-dc_noise283.wav,./Aug/discomfortD1CB71F9-EF76-49B3-A703-41D557444D21-1436863419-1.1-f-26-dc_noise283.wav,7.0,0.09460529685020447,0.08806772530078888,0.16274640418046357,0.09923313286867112,176.57804256572544,54.60866946595565,-238.11879,60.409164,75.84585,30.103329,-23.78187,35.183113,-8.323372,14.763698,-6.084331,15.979777,-26.329739,17.270603,-2.7370455,11.713191,5.7936306,7.2695713,-7.950078,9.941929,-1.7588531,7.7547593,-1.5263561,6.5538363,-9.176214,8.831212,-4.4844823,7.9210854
546,discomfort,discomfortd6cda191-4962-4308-9a36-46d5648a95ed-1431161889263-1.7-m-04-dc_pitch-2.wav,./Aug/discomfortd6cda191-4962-4308-9a36-46d5648a95ed-1431161889263-1.7-m-04-dc_pitch-2.wav,6.84,0.008526609279215336,0.011419299989938736,0.09198887711864406,0.03945551744045066,183.10638125570983,81.95001184290565,-529.40857,65.4769,155.28369,50.635124,-40.860466,26.059736,-17.185822,20.43583,19.314758,15.729025,-28.21569,16.447649,-20.409845,11.414158,13.585791,7.3998704,-2.925636,7.7908425,-7.6988845,10.33896,5.859958,7.850188,-4.744383,6.25587,-8.986621,6.2933793
547,discomfort,discomfortd6cda191-4962-4308-9a36-46d5648a95ed-1431161889263-1.7-m-04-dc_pitch-1.wav,./Aug/discomfortd6cda191-4962-4308-9a36-46d5648a95ed-1431161889263-1.7-m-04-dc_pitch-1.wav,6.84,0.009111086837947369,0.01310172863304615,0.09907309322033898,0.04142603094377996,175.18910516794145,76.64172437359336,-513.6495,68.712296,138.70706,51.082382,-40.08552,27.439535,-13.51036,20.561752,12.305799,16.47005,-30.58452,16.491247,-12.712484,10.436754,14.051404,7.0479054,-6.1505065,9.251283,-5.6370006,9.817137,4.302784,6.1349688,-7.639228,6.130514,-7.3026953,6.823234
548,discomfort,discomfortd6cda191-4962-4308-9a36-46d5648a95ed-1431161889263-1.7-m-04-dc_pitch1.wav,./Aug/discomfortd6cda191-4962-4308-9a36-46d5648a95ed-1431161889263-1.7-m-04-dc_pitch1.wav,6.84,0.008439118973910809,0.01164032518863678,0.11197530455508474,0.04551264248187658,175.210261150824,68.12025532205556,-506.76282,70.5624,130.29544,48.42746,-50.16673,30.296078,-6.2682524,21.464365,4.2186522,17.681337,-33.49324,15.556955,2.303541,8.654864,10.415895,7.334761,-12.398793,11.14602,-0.20210902,8.314399,-2.1285925,6.971004,-11.86731,7.4352503,-4.4526024,8.166202
549,discomfort,discomfortd6cda191-4962-4308-9a36-46d5648a95ed-1431161889263-1.7-m-04-dc_pitch2.wav,./Aug/discomfortd6cda191-4962-4308-9a36-46d5648a95ed-1431161889263-1.7-m-04-dc_pitch2.wav,6.84,0.0083125289529562,0.01110727246850729,0.11892710540254238,0.04802237218091459,175.73587733674967,70.80944918479102,-504.77548,72.04944,125.84931,47.564056,-55.035553,32.059677,-3.3706222,22.062525,-1.2102032,17.895607,-32.546005,14.499119,9.182478,8.127786,6.0425463,8.538589,-13.339353,11.359817,0.77479994,7.916104,-8.388053,7.632121,-12.423682,8.410396,-3.6808689,7.333518
550,discomfort,discomfortd6cda191-4962-4308-9a36-46d5648a95ed-1431161889263-1.7-m-04-dc_speed0.9.wav,./Aug/discomfortd6cda191-4962-4308-9a36-46d5648a95ed-1431161889263-1.7-m-04-dc_speed0.9.wav,7.6,0.008623355999588966,0.011923362500965595,0.10437458317454268,0.0425576206749796,170.27766819126185,74.746598189724,-510.11423,68.543564,131.7024,49.269917,-44.463356,29.362494,-10.287054,21.016521,8.217765,17.262249,-32.127842,16.837954,-5.18744,9.192659,13.256214,7.018273,-9.472607,10.852346,-3.2855277,9.20623,1.1533811,6.0581217,-10.92405,6.8124223,-6.136391,7.8641033
551,discomfort,discomfortd6cda191-4962-4308-9a36-46d5648a95ed-1431161889263-1.7-m-04-dc_speed1.1.wav,./Aug/discomfortd6cda191-4962-4308-9a36-46d5648a95ed-1431161889263-1.7-m-04-dc_speed1.1.wav,6.2181859410430835,0.008982676081359386,0.012772684916853905,0.10288705398787314,0.0433243269350717,172.04437631316526,71.2859390468857,-513.44727,69.64159,139.8946,49.766,-48.22959,28.946033,-10.3856535,20.951017,8.97957,17.08981,-34.09195,16.012861,-4.9665375,9.107365,13.344077,7.122886,-10.921439,10.307711,-3.0718138,8.979472,1.1550535,6.055087,-11.651812,7.1987553,-5.529602,8.24437
552,discomfort,discomfortd6cda191-4962-4308-9a36-46d5648a95ed-1431161889263-1.7-m-04-dc_noise283.wav,./Aug/discomfortd6cda191-4962-4308-9a36-46d5648a95ed-1431161889263-1.7-m-04-dc_noise283.wav,6.84,0.012744947336614132,0.01780962571501732,0.20933362023305085,0.10831530342291808,172.6383880251369,76.03847114086128,-425.27887,64.25406,74.95422,47.363136,-15.959464,26.02775,-11.054065,20.575037,-0.8744124,16.190905,-18.423796,15.780117,-6.618189,8.748309,7.7373385,6.686662,-3.279604,9.227229,-5.280368,8.847813,-0.6915207,5.728212,-5.4543314,6.6374354,-6.641341,7.6929874
553,discomfort,discomfortd6cda191-4962-4308-9a36-46d5648a95ed-1431161889263-1.7-m-04-dc_noise283.wav,./Aug/discomfortd6cda191-4962-4308-9a36-46d5648a95ed-1431161889263-1.7-m-04-dc_noise283.wav,6.84,0.012744947336614132,0.01780962571501732,0.20933362023305085,0.10831530342291808,172.6383880251369,76.03847114086128,-425.27887,64.25406,74.95422,47.363136,-15.959464,26.02775,-11.054065,20.575037,-0.8744124,16.190905,-18.423796,15.780117,-6.618189,8.748309,7.7373385,6.686662,-3.279604,9.227229,-5.280368,8.847813,-0.6915207,5.728212,-5.4543314,6.6374354,-6.641341,7.6929874
554,discomfort,discomfortd6cda191-4962-4308-9a36-46d5648a95ed-1431161889263-1.7-m-04-dc_noise283.wav,./Aug/discomfortd6cda191-4962-4308-9a36-46d5648a95ed-1431161889263-1.7-m-04-dc_noise283.wav,6.84,0.012744947336614132,0.01780962571501732,0.20933362023305085,0.10831530342291808,172.6383880251369,76.03847114086128,-425.27887,64.25406,74.95422,47.363136,-15.959464,26.02775,-11.054065,20.575037,-0.8744124,16.190905,-18.423796,15.780117,-6.618189,8.748309,7.7373385,6.686662,-3.279604,9.227229,-5.280368,8.847813,-0.6915207,5.728212,-5.4543314,6.6374354,-6.641341,7.6929874
555,discomfort,discomfortd6cda191-4962-4308-9a36-46d5648a95ed-1431161889263-1.7-m-04-dc_noise283.wav,./Aug/discomfortd6cda191-4962-4308-9a36-46d5648a95ed-1431161889263-1.7-m-04-dc_noise283.wav,6.84,0.012744947336614132,0.01780962571501732,0.20933362023305085,0.10831530342291808,172.6383880251369,76.03847114086128,-425.27887,64.25406,74.95422,47.363136,-15.959464,26.02775,-11.054065,20.575037,-0.8744124,16.190905,-18.423796,15.780117,-6.618189,8.748309,7.7373385,6.686662,-3.279604,9.227229,-5.280368,8.847813,-0.6915207,5.728212,-5.4543314,6.6374354,-6.641341,7.6929874
556,discomfort,discomfort64acb345-a61e-4ef3-a5a6-cf83c04b83f1-1430059012473-1.7-m-72-dc_pitch-2.wav,./Aug/discomfort64acb345-a61e-4ef3-a5a6-cf83c04b83f1-1430059012473-1.7-m-72-dc_pitch-2.wav,6.68,0.22132481634616852,0.13676398992538452,0.10442097981770833,0.026238932114859618,220.30231302538076,57.28424033520662,-235.39763,61.103844,136.19763,32.40499,-84.449745,38.017765,-44.887756,21.973787,13.87883,17.895067,-22.800743,13.680825,-13.1069145,11.900152,15.77063,9.552177,-6.4386964,10.920282,-12.995156,7.997249,-2.4043872,8.402919,-8.532671,9.5959215,-2.829938,12.496224
557,discomfort,discomfort64acb345-a61e-4ef3-a5a6-cf83c04b83f1-1430059012473-1.7-m-72-dc_pitch-1.wav,./Aug/discomfort64acb345-a61e-4ef3-a5a6-cf83c04b83f1-1430059012473-1.7-m-72-dc_pitch-1.wav,6.68,0.22056390345096588,0.13824060559272766,0.1116146511501736,0.02692067608490442,218.56563414927473,67.3572125948098,-230.99403,59.92954,129.9404,30.323343,-91.64214,39.95621,-38.60809,21.185358,13.93255,18.18341,-26.69577,12.155527,-6.2544107,12.174188,14.508579,8.629409,-13.425253,10.887812,-11.56082,8.755064,-2.2319145,9.349208,-8.124393,11.376288,2.0346978,12.514148
558,discomfort,discomfort64acb345-a61e-4ef3-a5a6-cf83c04b83f1-1430059012473-1.7-m-72-dc_pitch1.wav,./Aug/discomfort64acb345-a61e-4ef3-a5a6-cf83c04b83f1-1430059012473-1.7-m-72-dc_pitch1.wav,6.68,0.23298007249832153,0.14751462638378143,0.12506612141927084,0.03212328096324076,229.49216865546754,68.88431963491561,-225.51971,62.708775,114.38124,28.53476,-102.65755,42.08432,-22.439894,20.65815,10.167061,17.806509,-28.54562,12.669518,6.126755,11.90939,4.113132,9.332313,-21.685448,9.865727,-4.371748,11.199397,-2.8796568,11.287754,-2.012376,11.88853,6.3081455,13.764187
559,discomfort,discomfort64acb345-a61e-4ef3-a5a6-cf83c04b83f1-1430059012473-1.7-m-72-dc_pitch2.wav,./Aug/discomfort64acb345-a61e-4ef3-a5a6-cf83c04b83f1-1430059012473-1.7-m-72-dc_pitch2.wav,6.68,0.23349884152412415,0.15209312736988068,0.1303863525390625,0.03153854143194021,230.62406328281466,75.07810436174601,-222.42986,64.79151,104.55295,27.917322,-106.39042,41.866634,-14.446184,20.29339,7.477857,16.785723,-26.197,12.143657,11.120147,11.217388,-2.6233957,10.104225,-21.20712,9.823499,-0.68507344,12.69129,-3.226765,12.4649935,1.3157761,13.215852,4.3214245,14.512223
560,discomfort,discomfort64acb345-a61e-4ef3-a5a6-cf83c04b83f1-1430059012473-1.7-m-72-dc_speed0.9.wav,./Aug/discomfort64acb345-a61e-4ef3-a5a6-cf83c04b83f1-1430059012473-1.7-m-72-dc_speed0.9.wav,7.4222222222222225,0.2401987761259079,0.16861918568611145,0.11839141845703124,0.028671060777622513,224.26451292582814,66.27381474570605,-221.52164,62.65745,113.161354,31.09308,-92.3256,41.06722,-30.721027,20.739056,11.132849,18.317282,-24.933178,14.084415,-0.26236096,11.000704,10.272593,8.726888,-16.381056,10.190816,-8.608123,9.210583,-2.9768183,10.648294,-5.169506,12.976842,4.8338943,12.687636
561,discomfort,discomfort64acb345-a61e-4ef3-a5a6-cf83c04b83f1-1430059012473-1.7-m-72-dc_speed1.1.wav,./Aug/discomfort64acb345-a61e-4ef3-a5a6-cf83c04b83f1-1430059012473-1.7-m-72-dc_speed1.1.wav,6.072743764172335,0.2272671014070511,0.14762602746486664,0.11818642652671756,0.02950359456357491,224.74597929517745,63.927627754127336,-226.89108,60.157997,121.24431,28.894197,-96.70397,41.480217,-30.644361,20.496119,12.47005,18.000507,-28.083838,11.467906,0.37116084,11.9724455,10.499843,8.379955,-18.259981,10.712683,-8.559274,9.620058,-2.8194318,10.480507,-5.758911,11.485582,5.505453,12.932553
562,discomfort,discomfort64acb345-a61e-4ef3-a5a6-cf83c04b83f1-1430059012473-1.7-m-72-dc_noise283.wav,./Aug/discomfort64acb345-a61e-4ef3-a5a6-cf83c04b83f1-1430059012473-1.7-m-72-dc_noise283.wav,6.68,0.34951889514923096,0.21534624695777893,0.15541246202256945,0.08995585727733961,219.97421627372754,72.21194565084666,-127.98831,44.451553,57.088608,21.358307,-55.97576,34.285057,-30.482191,19.982052,1.7008337,16.687906,-10.743901,10.43057,-1.5874871,10.561766,7.2578793,7.928133,-7.9133334,9.577826,-10.276393,8.989421,-2.8523984,10.004226,0.54791856,11.920065,2.5350287,11.792209
563,discomfort,discomfort64acb345-a61e-4ef3-a5a6-cf83c04b83f1-1430059012473-1.7-m-72-dc_noise283.wav,./Aug/discomfort64acb345-a61e-4ef3-a5a6-cf83c04b83f1-1430059012473-1.7-m-72-dc_noise283.wav,6.68,0.34951889514923096,0.21534624695777893,0.15541246202256945,0.08995585727733961,219.97421627372754,72.21194565084666,-127.98831,44.451553,57.088608,21.358307,-55.97576,34.285057,-30.482191,19.982052,1.7008337,16.687906,-10.743901,10.43057,-1.5874871,10.561766,7.2578793,7.928133,-7.9133334,9.577826,-10.276393,8.989421,-2.8523984,10.004226,0.54791856,11.920065,2.5350287,11.792209
564,discomfort,discomfort64acb345-a61e-4ef3-a5a6-cf83c04b83f1-1430059012473-1.7-m-72-dc_noise283.wav,./Aug/discomfort64acb345-a61e-4ef3-a5a6-cf83c04b83f1-1430059012473-1.7-m-72-dc_noise283.wav,6.68,0.34951889514923096,0.21534624695777893,0.15541246202256945,0.08995585727733961,219.97421627372754,72.21194565084666,-127.98831,44.451553,57.088608,21.358307,-55.97576,34.285057,-30.482191,19.982052,1.7008337,16.687906,-10.743901,10.43057,-1.5874871,10.561766,7.2578793,7.928133,-7.9133334,9.577826,-10.276393,8.989421,-2.8523984,10.004226,0.54791856,11.920065,2.5350287,11.792209
565,discomfort,discomfort64acb345-a61e-4ef3-a5a6-cf83c04b83f1-1430059012473-1.7-m-72-dc_noise283.wav,./Aug/discomfort64acb345-a61e-4ef3-a5a6-cf83c04b83f1-1430059012473-1.7-m-72-dc_noise283.wav,6.68,0.34951889514923096,0.21534624695777893,0.15541246202256945,0.08995585727733961,219.97421627372754,72.21194565084666,-127.98831,44.451553,57.088608,21.358307,-55.97576,34.285057,-30.482191,19.982052,1.7008337,16.687906,-10.743901,10.43057,-1.5874871,10.561766,7.2578793,7.928133,-7.9133334,9.577826,-10.276393,8.989421,-2.8523984,10.004226,0.54791856,11.920065,2.5350287,11.792209
566,tired,tired5B416CE8-2591-4531-9ADC-86D085B5D48B-1430144827-1.0-m-48-ti_pitch-2.wav,./Aug/tired5B416CE8-2591-4531-9ADC-86D085B5D48B-1430144827-1.0-m-48-ti_pitch-2.wav,7.0,0.012732092291116714,0.01497217733412981,0.06174170891970199,0.012911453348327898,160.06667444457887,68.66288838884248,-425.86682,41.73118,174.984,24.09823,-30.158358,19.469084,-22.495605,12.368308,13.60196,7.4814043,-19.89648,10.19104,-16.375187,9.4556,-3.7843163,7.129037,-22.126337,8.536821,-13.401693,5.288579,-0.1363198,5.680067,-14.07953,4.7709093,-9.748681,4.917814
567,tired,tired5B416CE8-2591-4531-9ADC-86D085B5D48B-1430144827-1.0-m-48-ti_pitch-1.wav,./Aug/tired5B416CE8-2591-4531-9ADC-86D085B5D48B-1430144827-1.0-m-48-ti_pitch-1.wav,7.0,0.01238794345408678,0.013083738274872303,0.06572071605960265,0.013799662831080082,154.50091937612268,66.73436115897981,-438.4133,43.286858,192.7537,23.857155,-48.371452,20.03164,-18.327177,10.619294,16.389738,8.005706,-28.44074,11.184984,-12.585375,8.893201,-4.3004894,7.3968873,-27.313812,7.6651177,-7.9763927,5.2057834,-2.2309256,5.228357,-19.437494,4.964209,-3.6947558,4.8990808
568,tired,tired5B416CE8-2591-4531-9ADC-86D085B5D48B-1430144827-1.0-m-48-ti_pitch1.wav,./Aug/tired5B416CE8-2591-4531-9ADC-86D085B5D48B-1430144827-1.0-m-48-ti_pitch1.wav,7.0,0.012587192468345165,0.014669705182313919,0.07365771161009933,0.014349681512857374,153.24499555263966,74.29401453817002,-414.15894,44.51391,166.7516,21.365002,-50.747303,21.939392,-11.212268,9.727663,4.611902,7.545674,-31.018154,11.443351,-9.082754,7.7652206,-14.651002,7.2870803,-21.194498,6.6817746,0.14024323,6.2341304,-12.515721,4.7698965,-14.377425,4.6535487,0.09662755,5.3447447
569,tired,tired5B416CE8-2591-4531-9ADC-86D085B5D48B-1430144827-1.0-m-48-ti_pitch2.wav,./Aug/tired5B416CE8-2591-4531-9ADC-86D085B5D48B-1430144827-1.0-m-48-ti_pitch2.wav,7.0,0.012439047917723656,0.01404737401753664,0.07850980442880795,0.01694706921224139,154.0042169383246,72.11789634514855,-408.63065,44.079685,160.689,18.654346,-55.703114,23.602884,-8.331724,8.817443,-0.6694506,7.717293,-31.921127,12.034919,-7.7283006,7.9674,-19.188408,7.9121695,-17.911741,5.8452263,0.06978299,7.0331492,-16.51412,4.8586044,-9.644989,5.143816,-2.8738794,4.705023
570,tired,tired5B416CE8-2591-4531-9ADC-86D085B5D48B-1430144827-1.0-m-48-ti_speed0.9.wav,./Aug/tired5B416CE8-2591-4531-9ADC-86D085B5D48B-1430144827-1.0-m-48-ti_speed0.9.wav,7.777777777777778,0.012901440262794495,0.01440164353698492,0.06882433535447761,0.015390237758319275,156.51959818009138,71.47071115888315,-419.93793,42.084557,171.33311,21.109089,-45.468723,21.437578,-15.3117695,10.526519,9.126444,7.783455,-28.170351,11.829909,-11.126086,8.772969,-10.906258,7.2594895,-24.733685,7.1542416,-3.149959,5.7942414,-6.9331923,5.3825917,-17.076073,5.261673,-0.53687555,5.4258323
571,tired,tired5B416CE8-2591-4531-9ADC-86D085B5D48B-1430144827-1.0-m-48-ti_speed1.1.wav,./Aug/tired5B416CE8-2591-4531-9ADC-86D085B5D48B-1430144827-1.0-m-48-ti_speed1.1.wav,6.363628117913832,0.01231214590370655,0.01315517257899046,0.06900568181818181,0.014072428467553123,155.6316221098541,73.50168979911265,-425.46158,43.57753,179.4998,22.021723,-50.27683,21.177132,-14.340038,9.933558,10.3948555,7.4702754,-30.67565,11.487026,-10.438221,8.556274,-10.109726,6.8722563,-25.752748,6.484035,-2.9480124,5.7699966,-7.578678,4.9673376,-17.843761,4.620414,0.04916415,5.055315
572,tired,tired5B416CE8-2591-4531-9ADC-86D085B5D48B-1430144827-1.0-m-48-ti_noise286.wav,./Aug/tired5B416CE8-2591-4531-9ADC-86D085B5D48B-1430144827-1.0-m-48-ti_noise286.wav,7.0,0.0182956475764513,0.020552009344100952,0.08379520643625828,0.022694473658704754,155.8587381536682,69.97166477955327,-340.2752,40.44897,124.297226,21.266865,-18.225689,20.50731,-18.336706,10.773231,0.4581789,7.394885,-16.79727,11.481864,-13.980238,8.841729,-12.886989,6.703675,-17.053007,7.0831857,-6.639991,5.4614844,-7.11127,4.8935905,-11.884254,4.657053,-3.6847918,4.8773093
573,tired,tired5B416CE8-2591-4531-9ADC-86D085B5D48B-1430144827-1.0-m-48-ti_noise286.wav,./Aug/tired5B416CE8-2591-4531-9ADC-86D085B5D48B-1430144827-1.0-m-48-ti_noise286.wav,7.0,0.0182956475764513,0.020552009344100952,0.08379520643625828,0.022694473658704754,155.8587381536682,69.97166477955327,-340.2752,40.44897,124.297226,21.266865,-18.225689,20.50731,-18.336706,10.773231,0.4581789,7.394885,-16.79727,11.481864,-13.980238,8.841729,-12.886989,6.703675,-17.053007,7.0831857,-6.639991,5.4614844,-7.11127,4.8935905,-11.884254,4.657053,-3.6847918,4.8773093
574,tired,tired5B416CE8-2591-4531-9ADC-86D085B5D48B-1430144827-1.0-m-48-ti_noise286.wav,./Aug/tired5B416CE8-2591-4531-9ADC-86D085B5D48B-1430144827-1.0-m-48-ti_noise286.wav,7.0,0.0182956475764513,0.020552009344100952,0.08379520643625828,0.022694473658704754,155.8587381536682,69.97166477955327,-340.2752,40.44897,124.297226,21.266865,-18.225689,20.50731,-18.336706,10.773231,0.4581789,7.394885,-16.79727,11.481864,-13.980238,8.841729,-12.886989,6.703675,-17.053007,7.0831857,-6.639991,5.4614844,-7.11127,4.8935905,-11.884254,4.657053,-3.6847918,4.8773093
575,tired,tired5B416CE8-2591-4531-9ADC-86D085B5D48B-1430144827-1.0-m-48-ti_noise286.wav,./Aug/tired5B416CE8-2591-4531-9ADC-86D085B5D48B-1430144827-1.0-m-48-ti_noise286.wav,7.0,0.0182956475764513,0.020552009344100952,0.08379520643625828,0.022694473658704754,155.8587381536682,69.97166477955327,-340.2752,40.44897,124.297226,21.266865,-18.225689,20.50731,-18.336706,10.773231,0.4581789,7.394885,-16.79727,11.481864,-13.980238,8.841729,-12.886989,6.703675,-17.053007,7.0831857,-6.639991,5.4614844,-7.11127,4.8935905,-11.884254,4.657053,-3.6847918,4.8773093
576,tired,tiredca7d8d54-13cb-4060-8db4-90651b60c078-1434674792223-1.7-f-26-ti_pitch-2.wav,./Aug/tiredca7d8d54-13cb-4060-8db4-90651b60c078-1434674792223-1.7-f-26-ti_pitch-2.wav,6.78,0.028583794832229614,0.03218095377087593,0.0856365047089041,0.04846106145484444,178.54272728082296,69.14839207777908,-452.1414,81.03921,106.60991,53.411995,-29.607021,33.16417,-14.542267,18.532581,14.925189,12.171278,-23.275673,16.549349,-31.18525,19.82464,-2.5983908,17.928988,0.79116327,9.5157385,-6.7826624,7.3255687,-8.573236,8.544424,-11.644421,10.454526,-5.8555994,8.845225
577,tired,tiredca7d8d54-13cb-4060-8db4-90651b60c078-1434674792223-1.7-f-26-ti_pitch-1.wav,./Aug/tiredca7d8d54-13cb-4060-8db4-90651b60c078-1434674792223-1.7-f-26-ti_pitch-1.wav,6.78,0.028751373291015625,0.032724689692258835,0.0894808834546233,0.05266130310412378,184.3151093514333,72.66476382108078,-440.28943,79.87144,94.44843,50.480324,-30.30618,33.813515,-11.751979,18.3082,9.449252,11.429744,-27.948978,18.63532,-26.390146,19.370848,1.5483123,16.140911,-0.59092265,8.108772,-9.745765,8.219876,-10.990792,10.143989,-9.063238,10.709063,-0.98590964,9.441588
578,tired,tiredca7d8d54-13cb-4060-8db4-90651b60c078-1434674792223-1.7-f-26-ti_pitch1.wav,./Aug/tiredca7d8d54-13cb-4060-8db4-90651b60c078-1434674792223-1.7-f-26-ti_pitch1.wav,6.78,0.034720275551080704,0.04900018498301506,0.10354906892123288,0.06048230344315847,190.09130392736745,83.02266603295092,-414.2234,75.8208,68.965996,45.441303,-27.686066,32.744286,-8.036236,17.16241,-1.2593225,11.436552,-31.03045,20.701824,-16.515926,18.738136,4.908312,11.643347,-5.084698,9.306534,-13.554149,10.990136,-8.8220825,11.452176,0.57907516,10.140328,6.0151334,12.272319
579,tired,tiredca7d8d54-13cb-4060-8db4-90651b60c078-1434674792223-1.7-f-26-ti_pitch2.wav,./Aug/tiredca7d8d54-13cb-4060-8db4-90651b60c078-1434674792223-1.7-f-26-ti_pitch2.wav,6.78,0.031552087515592575,0.04561629146337509,0.1080740314640411,0.06315957876122044,204.67998669961077,86.48478027588284,-415.9966,78.27611,67.91794,43.62512,-31.38805,34.947414,-6.478137,17.562765,-5.141881,11.597018,-32.50837,21.612793,-9.787923,17.81848,5.30703,9.416089,-10.073722,10.753973,-13.742944,11.999063,-4.5974646,10.78447,4.799711,11.80237,6.907121,12.374999
580,tired,tiredca7d8d54-13cb-4060-8db4-90651b60c078-1434674792223-1.7-f-26-ti_speed0.9.wav,./Aug/tiredca7d8d54-13cb-4060-8db4-90651b60c078-1434674792223-1.7-f-26-ti_speed0.9.wav,7.533333333333333,0.02966972440481186,0.040685467422008514,0.09784705528846153,0.05681282477296228,187.62646717989387,71.84118583079822,-425.47018,77.35543,79.05379,47.28853,-27.879835,33.33025,-9.345831,17.536219,3.6617346,11.0516,-29.298552,19.758327,-20.860209,19.280874,4.06553,14.077286,-1.7245884,8.447837,-11.595107,9.353875,-11.319253,11.247459,-5.0994406,10.390983,2.2504163,10.989458
581,tired,tiredca7d8d54-13cb-4060-8db4-90651b60c078-1434674792223-1.7-f-26-ti_speed1.1.wav,./Aug/tiredca7d8d54-13cb-4060-8db4-90651b60c078-1434674792223-1.7-f-26-ti_speed1.1.wav,6.163628117913833,0.027257435023784637,0.031129462644457817,0.0938472891212406,0.05540853437519585,185.9320699130389,75.35191584920828,-445.79337,84.510086,100.88999,50.27475,-37.44025,36.448254,-9.256616,17.604553,6.977227,10.655213,-34.45192,20.698322,-20.983715,18.890257,5.6839275,13.273086,-4.8188376,8.814566,-12.049922,8.921811,-11.080667,11.162045,-6.994768,10.3519945,2.7976315,10.944545
582,tired,tiredca7d8d54-13cb-4060-8db4-90651b60c078-1434674792223-1.7-f-26-ti_noise286.wav,./Aug/tiredca7d8d54-13cb-4060-8db4-90651b60c078-1434674792223-1.7-f-26-ti_noise286.wav,6.78,0.04669994115829468,0.05659479647874832,0.2252882866010274,0.17753440175142615,167.32500028653277,84.39443585126452,-339.5012,58.977097,48.618397,38.96859,-15.247602,23.877619,-8.00157,14.574891,-1.0082353,10.603061,-22.015882,16.679794,-18.229134,16.333324,-0.036770966,12.345116,-1.3104845,6.8782005,-9.356032,8.785074,-9.385503,10.85357,-2.898317,9.456586,2.4151082,10.705554
583,tired,tiredca7d8d54-13cb-4060-8db4-90651b60c078-1434674792223-1.7-f-26-ti_noise286.wav,./Aug/tiredca7d8d54-13cb-4060-8db4-90651b60c078-1434674792223-1.7-f-26-ti_noise286.wav,6.78,0.04669994115829468,0.05659479647874832,0.2252882866010274,0.17753440175142615,167.32500028653277,84.39443585126452,-339.5012,58.977097,48.618397,38.96859,-15.247602,23.877619,-8.00157,14.574891,-1.0082353,10.603061,-22.015882,16.679794,-18.229134,16.333324,-0.036770966,12.345116,-1.3104845,6.8782005,-9.356032,8.785074,-9.385503,10.85357,-2.898317,9.456586,2.4151082,10.705554
584,tired,tiredca7d8d54-13cb-4060-8db4-90651b60c078-1434674792223-1.7-f-26-ti_noise286.wav,./Aug/tiredca7d8d54-13cb-4060-8db4-90651b60c078-1434674792223-1.7-f-26-ti_noise286.wav,6.78,0.04669994115829468,0.05659479647874832,0.2252882866010274,0.17753440175142615,167.32500028653277,84.39443585126452,-339.5012,58.977097,48.618397,38.96859,-15.247602,23.877619,-8.00157,14.574891,-1.0082353,10.603061,-22.015882,16.679794,-18.229134,16.333324,-0.036770966,12.345116,-1.3104845,6.8782005,-9.356032,8.785074,-9.385503,10.85357,-2.898317,9.456586,2.4151082,10.705554
585,tired,tiredca7d8d54-13cb-4060-8db4-90651b60c078-1434674792223-1.7-f-26-ti_noise286.wav,./Aug/tiredca7d8d54-13cb-4060-8db4-90651b60c078-1434674792223-1.7-f-26-ti_noise286.wav,6.78,0.04669994115829468,0.05659479647874832,0.2252882866010274,0.17753440175142615,167.32500028653277,84.39443585126452,-339.5012,58.977097,48.618397,38.96859,-15.247602,23.877619,-8.00157,14.574891,-1.0082353,10.603061,-22.015882,16.679794,-18.229134,16.333324,-0.036770966,12.345116,-1.3104845,6.8782005,-9.356032,8.785074,-9.385503,10.85357,-2.898317,9.456586,2.4151082,10.705554
586,tired,tired06c4cfa2-7fa6-4fda-91a1-ea186a4acc64-1430029221058-1.7-f-26-ti_pitch-2.wav,./Aug/tired06c4cfa2-7fa6-4fda-91a1-ea186a4acc64-1430029221058-1.7-f-26-ti_pitch-2.wav,6.68,0.01443751621991396,0.029072824865579605,0.11476304796006945,0.04381874274154488,164.05383750851797,68.79120319159024,-501.41287,83.22656,102.200356,38.90042,-50.039326,47.658375,-25.308836,16.845068,10.713589,27.518404,-23.506765,16.76247,-21.720108,11.14985,0.46021578,11.963534,-8.833637,13.043611,-6.660183,6.93978,3.7744625,9.629253,-6.763814,9.799596,-9.480245,7.2437267
587,tired,tired06c4cfa2-7fa6-4fda-91a1-ea186a4acc64-1430029221058-1.7-f-26-ti_pitch-1.wav,./Aug/tired06c4cfa2-7fa6-4fda-91a1-ea186a4acc64-1430029221058-1.7-f-26-ti_pitch-1.wav,6.68,0.014102619141340256,0.028277229517698288,0.12045966254340278,0.04778221034783957,166.8757204119722,68.8299705643833,-503.5063,84.98523,102.865265,37.26267,-57.64308,47.103058,-21.5887,21.258966,9.5423355,24.136818,-28.840511,20.052528,-17.324123,10.658949,2.0290918,9.822317,-11.390678,13.861292,-4.002001,7.971973,2.1952057,7.575114,-10.878103,11.295414,-6.799033,7.1960196
588,tired,tired06c4cfa2-7fa6-4fda-91a1-ea186a4acc64-1430029221058-1.7-f-26-ti_pitch1.wav,./Aug/tired06c4cfa2-7fa6-4fda-91a1-ea186a4acc64-1430029221058-1.7-f-26-ti_pitch1.wav,6.68,0.014634860679507256,0.02929384633898735,0.1364627414279514,0.05314949933861234,179.40378443459292,72.29482707362422,-496.3434,87.10999,88.831894,33.68979,-63.896797,46.235252,-13.728377,28.716724,1.4407128,16.078716,-32.462406,22.869308,-6.433715,12.549208,0.28776062,9.394046,-10.927647,12.567427,1.5760827,11.510989,-5.547352,7.447147,-11.564203,7.291722,1.2087008,13.343528
589,tired,tired06c4cfa2-7fa6-4fda-91a1-ea186a4acc64-1430029221058-1.7-f-26-ti_pitch2.wav,./Aug/tired06c4cfa2-7fa6-4fda-91a1-ea186a4acc64-1430029221058-1.7-f-26-ti_pitch2.wav,6.68,0.01495875883847475,0.0299896951764822,0.14375135633680555,0.05658423351760853,181.38603776601283,70.93641706036993,-496.34152,89.26789,83.73698,32.72604,-68.1958,44.671326,-9.02919,33.977215,-3.1083689,13.260655,-33.828655,21.616838,-1.8858056,14.068572,-2.4385402,11.564321,-10.312071,10.10366,1.9453778,11.405156,-9.2639265,9.5492115,-7.5128307,8.100201,3.940858,12.839858
590,tired,tired06c4cfa2-7fa6-4fda-91a1-ea186a4acc64-1430029221058-1.7-f-26-ti_speed0.9.wav,./Aug/tired06c4cfa2-7fa6-4fda-91a1-ea186a4acc64-1430029221058-1.7-f-26-ti_speed0.9.wav,7.4222222222222225,0.014308346435427666,0.02912777103483677,0.1297149658203125,0.0501199073343377,178.26975052236494,69.68958095226624,-491.37872,84.6537,84.99504,34.808647,-55.256977,47.174797,-17.810572,23.960447,4.0917306,20.519444,-28.52293,21.67224,-12.489891,11.124676,0.34979075,8.617268,-9.886922,14.4643955,-0.2864355,10.028045,-1.1829693,6.508924,-11.423748,9.903075,-3.3467057,10.118418
591,tired,tired06c4cfa2-7fa6-4fda-91a1-ea186a4acc64-1430029221058-1.7-f-26-ti_speed1.1.wav,./Aug/tired06c4cfa2-7fa6-4fda-91a1-ea186a4acc64-1430029221058-1.7-f-26-ti_speed1.1.wav,6.072743764172335,0.01404673233628273,0.028129344806075096,0.1281924648139313,0.050269740970897606,177.54673699894673,72.70399006179093,-489.44357,85.11326,86.14359,34.623726,-55.6132,46.36864,-18.002567,25.225412,3.7332222,20.872292,-29.276058,21.430126,-12.686999,11.482597,0.58607566,10.119284,-10.100838,13.869334,-0.8817621,9.829413,-1.8158361,6.2502675,-12.01985,9.565938,-3.5603623,10.123855
592,tired,tired06c4cfa2-7fa6-4fda-91a1-ea186a4acc64-1430029221058-1.7-f-26-ti_noise286.wav,./Aug/tired06c4cfa2-7fa6-4fda-91a1-ea186a4acc64-1430029221058-1.7-f-26-ti_noise286.wav,6.68,0.021748602390289307,0.04308510571718216,0.2882792154947917,0.11277727171061586,160.73719221278373,74.6185747437756,-383.33862,66.23694,36.184002,26.387377,-28.273598,40.13052,-9.095532,17.231398,-0.36136967,18.337019,-17.381367,18.912596,-7.9233756,8.350252,-0.402655,7.6966815,-4.812795,11.642704,0.25372675,6.832763,-1.2208242,6.0037227,-6.8270636,8.431869,-2.1221044,7.464975
593,tired,tired06c4cfa2-7fa6-4fda-91a1-ea186a4acc64-1430029221058-1.7-f-26-ti_noise286.wav,./Aug/tired06c4cfa2-7fa6-4fda-91a1-ea186a4acc64-1430029221058-1.7-f-26-ti_noise286.wav,6.68,0.021748602390289307,0.04308510571718216,0.2882792154947917,0.11277727171061586,160.73719221278373,74.6185747437756,-383.33862,66.23694,36.184002,26.387377,-28.273598,40.13052,-9.095532,17.231398,-0.36136967,18.337019,-17.381367,18.912596,-7.9233756,8.350252,-0.402655,7.6966815,-4.812795,11.642704,0.25372675,6.832763,-1.2208242,6.0037227,-6.8270636,8.431869,-2.1221044,7.464975
594,tired,tired06c4cfa2-7fa6-4fda-91a1-ea186a4acc64-1430029221058-1.7-f-26-ti_noise286.wav,./Aug/tired06c4cfa2-7fa6-4fda-91a1-ea186a4acc64-1430029221058-1.7-f-26-ti_noise286.wav,6.68,0.021748602390289307,0.04308510571718216,0.2882792154947917,0.11277727171061586,160.73719221278373,74.6185747437756,-383.33862,66.23694,36.184002,26.387377,-28.273598,40.13052,-9.095532,17.231398,-0.36136967,18.337019,-17.381367,18.912596,-7.9233756,8.350252,-0.402655,7.6966815,-4.812795,11.642704,0.25372675,6.832763,-1.2208242,6.0037227,-6.8270636,8.431869,-2.1221044,7.464975
595,tired,tired06c4cfa2-7fa6-4fda-91a1-ea186a4acc64-1430029221058-1.7-f-26-ti_noise286.wav,./Aug/tired06c4cfa2-7fa6-4fda-91a1-ea186a4acc64-1430029221058-1.7-f-26-ti_noise286.wav,6.68,0.021748602390289307,0.04308510571718216,0.2882792154947917,0.11277727171061586,160.73719221278373,74.6185747437756,-383.33862,66.23694,36.184002,26.387377,-28.273598,40.13052,-9.095532,17.231398,-0.36136967,18.337019,-17.381367,18.912596,-7.9233756,8.350252,-0.402655,7.6966815,-4.812795,11.642704,0.25372675,6.832763,-1.2208242,6.0037227,-6.8270636,8.431869,-2.1221044,7.464975
596,tired,tiredC421C6FE-DFEE-4080-8AEA-848E7CE4756B-1430548384-1.0-m-26-ti_pitch-2.wav,./Aug/tiredC421C6FE-DFEE-4080-8AEA-848E7CE4756B-1430548384-1.0-m-26-ti_pitch-2.wav,7.0,0.027653852477669716,0.023650381714105606,0.07778546668046357,0.030655388775500923,165.401364229113,73.49144882567934,-368.87253,61.607998,188.77957,39.234104,-55.53421,24.268066,-15.803009,15.777895,18.255472,14.782625,-37.293404,13.388287,-10.284824,10.050821,9.9519,12.100306,-31.124218,10.688847,-17.741013,8.395991,3.542331,8.159375,-21.604334,6.7519693,-17.028591,7.2654576
597,tired,tiredC421C6FE-DFEE-4080-8AEA-848E7CE4756B-1430548384-1.0-m-26-ti_pitch-1.wav,./Aug/tiredC421C6FE-DFEE-4080-8AEA-848E7CE4756B-1430548384-1.0-m-26-ti_pitch-1.wav,7.0,0.025940464809536934,0.020986709743738174,0.08443223561672185,0.0326588214157365,161.51514062052965,71.41769632606092,-369.89478,62.262653,190.91414,37.303173,-67.412346,25.958971,-9.773613,16.217037,14.782475,13.929301,-42.59224,13.124675,-2.3722725,11.791499,3.781862,10.876616,-36.687164,11.722192,-8.168743,8.015567,-1.3418078,8.152388,-27.98837,7.3205266,-8.966258,7.567911
598,tired,tiredC421C6FE-DFEE-4080-8AEA-848E7CE4756B-1430548384-1.0-m-26-ti_pitch1.wav,./Aug/tiredC421C6FE-DFEE-4080-8AEA-848E7CE4756B-1430548384-1.0-m-26-ti_pitch1.wav,7.0,0.028077179566025734,0.025378594174981117,0.09367400920943708,0.03490948827193509,171.56273704457703,70.21515269813084,-351.85825,67.042854,168.77113,36.41184,-73.52102,27.925838,0.15580204,17.825342,-0.2421965,12.520963,-40.83148,14.147282,7.1849318,13.59407,-16.902103,9.210551,-34.178394,11.916096,2.0329206,8.811603,-18.524841,6.8464694,-21.703009,8.566816,1.5513022,7.3306355
599,tired,tiredC421C6FE-DFEE-4080-8AEA-848E7CE4756B-1430548384-1.0-m-26-ti_pitch2.wav,./Aug/tiredC421C6FE-DFEE-4080-8AEA-848E7CE4756B-1430548384-1.0-m-26-ti_pitch2.wav,7.0,0.027612686157226562,0.023678313940763474,0.09869263503725166,0.03903697074574799,179.29902201910465,71.29905850564658,-349.6607,68.33007,165.89233,35.198112,-80.440834,28.30737,4.9406395,17.798208,-8.0781,11.9891,-38.56631,13.764813,10.49767,13.901373,-27.274517,10.758227,-28.584845,10.621772,3.273523,9.615769,-25.691725,8.028671,-12.68568,8.498867,1.3914238,7.2324977
600,tired,tiredC421C6FE-DFEE-4080-8AEA-848E7CE4756B-1430548384-1.0-m-26-ti_speed0.9.wav,./Aug/tiredC421C6FE-DFEE-4080-8AEA-848E7CE4756B-1430548384-1.0-m-26-ti_speed0.9.wav,7.777777777777778,0.027640653774142265,0.025018038228154182,0.08860774253731343,0.03476397723584705,165.0010646051992,66.38927878200134,-347.09103,65.47715,161.5913,37.299503,-59.982765,26.859955,-6.450094,17.356121,4.706838,13.437111,-37.414074,14.000785,1.6415294,13.018089,-7.7955284,9.443063,-35.083797,12.260769,-3.4450054,8.462325,-9.5962,7.4027863,-25.225128,8.164327,-3.395903,7.494698
601,tired,tiredC421C6FE-DFEE-4080-8AEA-848E7CE4756B-1430548384-1.0-m-26-ti_speed1.1.wav,./Aug/tiredC421C6FE-DFEE-4080-8AEA-848E7CE4756B-1430548384-1.0-m-26-ti_speed1.1.wav,6.363628117913832,0.027476750314235687,0.02329939603805542,0.08622869318181818,0.03351846460358137,162.80119750026418,69.4004505549667,-348.00836,64.24404,166.9217,36.899185,-62.219746,26.272688,-5.9335732,16.217047,5.309452,13.2170725,-39.170094,13.223795,1.5917481,13.226248,-7.4259553,9.140886,-35.935265,11.77406,-3.818568,8.200872,-9.821182,6.819775,-25.26306,7.9745383,-3.083925,7.5637455
602,tired,tiredC421C6FE-DFEE-4080-8AEA-848E7CE4756B-1430548384-1.0-m-26-ti_noise286.wav,./Aug/tiredC421C6FE-DFEE-4080-8AEA-848E7CE4756B-1430548384-1.0-m-26-ti_noise286.wav,7.0,0.04036535322666168,0.03547581285238266,0.11492879501241722,0.06812627436062316,166.75779380425297,67.75214587663982,-270.1847,63.318428,112.97404,37.246708,-31.420721,27.023598,-10.990166,16.878843,-2.9596293,13.181784,-25.073286,14.4494705,-2.5867903,12.39748,-8.922175,9.051409,-26.713957,12.504731,-7.089268,8.412086,-8.554462,7.330846,-19.62611,8.105819,-6.5005484,7.5493755
603,tired,tiredC421C6FE-DFEE-4080-8AEA-848E7CE4756B-1430548384-1.0-m-26-ti_noise286.wav,./Aug/tiredC421C6FE-DFEE-4080-8AEA-848E7CE4756B-1430548384-1.0-m-26-ti_noise286.wav,7.0,0.04036535322666168,0.03547581285238266,0.11492879501241722,0.06812627436062316,166.75779380425297,67.75214587663982,-270.1847,63.318428,112.97404,37.246708,-31.420721,27.023598,-10.990166,16.878843,-2.9596293,13.181784,-25.073286,14.4494705,-2.5867903,12.39748,-8.922175,9.051409,-26.713957,12.504731,-7.089268,8.412086,-8.554462,7.330846,-19.62611,8.105819,-6.5005484,7.5493755
604,tired,tiredC421C6FE-DFEE-4080-8AEA-848E7CE4756B-1430548384-1.0-m-26-ti_noise286.wav,./Aug/tiredC421C6FE-DFEE-4080-8AEA-848E7CE4756B-1430548384-1.0-m-26-ti_noise286.wav,7.0,0.04036535322666168,0.03547581285238266,0.11492879501241722,0.06812627436062316,166.75779380425297,67.75214587663982,-270.1847,63.318428,112.97404,37.246708,-31.420721,27.023598,-10.990166,16.878843,-2.9596293,13.181784,-25.073286,14.4494705,-2.5867903,12.39748,-8.922175,9.051409,-26.713957,12.504731,-7.089268,8.412086,-8.554462,7.330846,-19.62611,8.105819,-6.5005484,7.5493755
605,tired,tiredC421C6FE-DFEE-4080-8AEA-848E7CE4756B-1430548384-1.0-m-26-ti_noise286.wav,./Aug/tiredC421C6FE-DFEE-4080-8AEA-848E7CE4756B-1430548384-1.0-m-26-ti_noise286.wav,7.0,0.04036535322666168,0.03547581285238266,0.11492879501241722,0.06812627436062316,166.75779380425297,67.75214587663982,-270.1847,63.318428,112.97404,37.246708,-31.420721,27.023598,-10.990166,16.878843,-2.9596293,13.181784,-25.073286,14.4494705,-2.5867903,12.39748,-8.922175,9.051409,-26.713957,12.504731,-7.089268,8.412086,-8.554462,7.330846,-19.62611,8.105819,-6.5005484,7.5493755
606,tired,tired06c4cfa2-7fa6-4fda-91a1-ea186a4acc64-1430029246453-1.7-f-26-ti_pitch-2.wav,./Aug/tired06c4cfa2-7fa6-4fda-91a1-ea186a4acc64-1430029246453-1.7-f-26-ti_pitch-2.wav,6.52,0.015781451016664505,0.025907214730978012,0.0879114768683274,0.05327901642501958,165.44826868780368,66.20104096480365,-477.71793,78.003845,135.18066,33.128624,-36.99282,58.614204,-11.507616,17.223366,25.801544,20.112757,-15.303947,16.840214,-14.273839,12.060777,7.302307,8.273156,-9.46582,12.950869,-10.63549,8.150558,1.4030905,11.545961,-10.796192,7.8041673,-15.257622,7.337003
607,tired,tired06c4cfa2-7fa6-4fda-91a1-ea186a4acc64-1430029246453-1.7-f-26-ti_pitch-1.wav,./Aug/tired06c4cfa2-7fa6-4fda-91a1-ea186a4acc64-1430029246453-1.7-f-26-ti_pitch-1.wav,6.52,0.016439558938145638,0.026860998943448067,0.09175343360765124,0.053684730226691964,171.26619437123168,68.74925859075587,-471.7467,78.95919,130.52106,30.78985,-40.708782,59.829483,-6.981531,15.927638,23.210026,18.417517,-19.205404,19.549902,-10.0170965,10.849262,6.0591383,7.6405215,-12.879439,14.105333,-8.042399,9.243359,-2.345952,10.112859,-17.162674,8.861195,-13.914959,9.748463
608,tired,tired06c4cfa2-7fa6-4fda-91a1-ea186a4acc64-1430029246453-1.7-f-26-ti_pitch1.wav,./Aug/tired06c4cfa2-7fa6-4fda-91a1-ea186a4acc64-1430029246453-1.7-f-26-ti_pitch1.wav,6.52,0.016343461349606514,0.027312608435750008,0.10336618661032028,0.05936871438170236,185.37614393224186,78.2394364352238,-471.8983,80.99097,128.499,27.793734,-52.02562,60.39722,4.4974747,17.95661,16.270182,13.259105,-27.842041,22.730453,-0.8794465,9.300607,-0.9126756,8.700981,-18.997772,9.422391,-3.3967824,13.943555,-11.776972,8.714963,-19.758173,9.354566,-5.093137,14.366807
609,tired,tired06c4cfa2-7fa6-4fda-91a1-ea186a4acc64-1430029246453-1.7-f-26-ti_pitch2.wav,./Aug/tired06c4cfa2-7fa6-4fda-91a1-ea186a4acc64-1430029246453-1.7-f-26-ti_pitch2.wav,6.52,0.016071433201432228,0.026089422404766083,0.10902051823843416,0.06494112469923168,195.73397480331198,81.59458884491602,-468.0823,82.009384,123.94217,26.504559,-54.83992,59.81638,9.979465,20.794907,10.999688,10.528463,-28.878355,22.72679,3.0807369,10.408787,-5.976974,9.521772,-18.882917,7.973245,-3.927086,14.115379,-18.027872,9.494074,-15.966451,10.910344,-0.998351,12.553396
610,tired,tired06c4cfa2-7fa6-4fda-91a1-ea186a4acc64-1430029246453-1.7-f-26-ti_speed0.9.wav,./Aug/tired06c4cfa2-7fa6-4fda-91a1-ea186a4acc64-1430029246453-1.7-f-26-ti_speed0.9.wav,7.2444444444444445,0.016206642612814903,0.02648807317018509,0.09798177083333333,0.057441036536790405,178.04458043323342,71.29836032948079,-474.64935,79.46523,130.57726,29.044592,-47.898552,60.355244,-0.79094493,16.565853,20.678205,15.374077,-24.777658,21.941364,-4.8290005,9.449142,4.141935,7.752879,-16.55126,11.681807,-4.598119,11.74166,-5.964788,8.494977,-20.386312,8.932851,-9.842843,12.622674
611,tired,tired06c4cfa2-7fa6-4fda-91a1-ea186a4acc64-1430029246453-1.7-f-26-ti_speed1.1.wav,./Aug/tired06c4cfa2-7fa6-4fda-91a1-ea186a4acc64-1430029246453-1.7-f-26-ti_speed1.1.wav,5.927256235827665,0.016807304695248604,0.02782185561954975,0.09694862365722656,0.059154539618100896,194.19552943509552,66.22192233830772,-471.1341,79.769966,128.8465,28.78987,-45.866783,61.277977,-0.9688858,15.764365,20.530262,15.81298,-24.294565,21.685461,-6.061124,9.186124,3.2193396,7.4827967,-16.809187,11.993303,-5.523995,11.568264,-6.106335,7.7026296,-20.089096,8.717814,-10.239413,12.308163
612,tired,tired06c4cfa2-7fa6-4fda-91a1-ea186a4acc64-1430029246453-1.7-f-26-ti_noise286.wav,./Aug/tired06c4cfa2-7fa6-4fda-91a1-ea186a4acc64-1430029246453-1.7-f-26-ti_noise286.wav,6.52,0.02481229417026043,0.04100373387336731,0.18192733818950177,0.07646890346437023,184.93594823966362,68.63584981765045,-360.6818,63.67185,60.70248,23.346254,-17.034105,50.170227,0.2722541,15.087456,9.603921,14.550589,-12.248109,18.043068,-5.913259,9.71338,-1.0394222,7.164576,-9.340536,8.976421,-4.8826146,7.864921,-6.493416,7.2665167,-14.797837,7.2079883,-9.82661,9.799783
613,tired,tired06c4cfa2-7fa6-4fda-91a1-ea186a4acc64-1430029246453-1.7-f-26-ti_noise286.wav,./Aug/tired06c4cfa2-7fa6-4fda-91a1-ea186a4acc64-1430029246453-1.7-f-26-ti_noise286.wav,6.52,0.02481229417026043,0.04100373387336731,0.18192733818950177,0.07646890346437023,184.93594823966362,68.63584981765045,-360.6818,63.67185,60.70248,23.346254,-17.034105,50.170227,0.2722541,15.087456,9.603921,14.550589,-12.248109,18.043068,-5.913259,9.71338,-1.0394222,7.164576,-9.340536,8.976421,-4.8826146,7.864921,-6.493416,7.2665167,-14.797837,7.2079883,-9.82661,9.799783
614,tired,tired06c4cfa2-7fa6-4fda-91a1-ea186a4acc64-1430029246453-1.7-f-26-ti_noise286.wav,./Aug/tired06c4cfa2-7fa6-4fda-91a1-ea186a4acc64-1430029246453-1.7-f-26-ti_noise286.wav,6.52,0.02481229417026043,0.04100373387336731,0.18192733818950177,0.07646890346437023,184.93594823966362,68.63584981765045,-360.6818,63.67185,60.70248,23.346254,-17.034105,50.170227,0.2722541,15.087456,9.603921,14.550589,-12.248109,18.043068,-5.913259,9.71338,-1.0394222,7.164576,-9.340536,8.976421,-4.8826146,7.864921,-6.493416,7.2665167,-14.797837,7.2079883,-9.82661,9.799783
615,tired,tired06c4cfa2-7fa6-4fda-91a1-ea186a4acc64-1430029246453-1.7-f-26-ti_noise286.wav,./Aug/tired06c4cfa2-7fa6-4fda-91a1-ea186a4acc64-1430029246453-1.7-f-26-ti_noise286.wav,6.52,0.02481229417026043,0.04100373387336731,0.18192733818950177,0.07646890346437023,184.93594823966362,68.63584981765045,-360.6818,63.67185,60.70248,23.346254,-17.034105,50.170227,0.2722541,15.087456,9.603921,14.550589,-12.248109,18.043068,-5.913259,9.71338,-1.0394222,7.164576,-9.340536,8.976421,-4.8826146,7.864921,-6.493416,7.2665167,-14.797837,7.2079883,-9.82661,9.799783
616,tired,tiredC421C6FE-DFEE-4080-8AEA-848E7CE4756B-1430548393-1.0-f-26-ti_pitch-2.wav,./Aug/tiredC421C6FE-DFEE-4080-8AEA-848E7CE4756B-1430548393-1.0-f-26-ti_pitch-2.wav,7.0,0.02538333274424076,0.015930650755763054,0.0826327090231788,0.027160866977665264,162.8683695231626,62.29431093914265,-373.15274,44.180164,200.36206,21.965141,-70.69369,31.625858,-25.488235,15.132554,16.692194,16.843658,-41.59828,11.634554,-11.562627,11.050337,13.976272,8.026558,-26.772646,11.039213,-12.60896,7.7790236,7.71118,9.756436,-19.818079,8.689772,-14.221191,7.937322
617,tired,tiredC421C6FE-DFEE-4080-8AEA-848E7CE4756B-1430548393-1.0-f-26-ti_pitch-1.wav,./Aug/tiredC421C6FE-DFEE-4080-8AEA-848E7CE4756B-1430548393-1.0-f-26-ti_pitch-1.wav,7.0,0.025094633921980858,0.016143832355737686,0.08939427255794702,0.027631647462211698,173.92843808676236,65.64496742896861,-365.81805,45.250614,193.82867,21.09457,-78.03337,32.117992,-19.304379,14.987515,11.345993,16.778633,-44.836655,12.256361,-2.6435444,10.688846,7.8951197,8.691331,-31.367556,9.341399,-4.39014,9.586299,1.5880656,9.415509,-25.560446,7.8829656,-7.1315117,9.1253395
618,tired,tiredC421C6FE-DFEE-4080-8AEA-848E7CE4756B-1430548393-1.0-f-26-ti_pitch1.wav,./Aug/tiredC421C6FE-DFEE-4080-8AEA-848E7CE4756B-1430548393-1.0-f-26-ti_pitch1.wav,7.0,0.025851327925920486,0.016106821596622467,0.09726336144453643,0.033459041280930926,180.7647131081463,69.0971780426942,-352.4906,47.135582,176.74469,20.167078,-89.21496,33.113712,-7.306815,16.365616,-1.6464847,16.096666,-42.957302,11.74439,10.767646,9.693621,-10.972831,11.3546505,-29.57191,6.984545,5.6988487,11.215048,-17.800024,8.743535,-21.532911,8.879057,2.073905,10.059655
619,tired,tiredC421C6FE-DFEE-4080-8AEA-848E7CE4756B-1430548393-1.0-f-26-ti_pitch2.wav,./Aug/tiredC421C6FE-DFEE-4080-8AEA-848E7CE4756B-1430548393-1.0-f-26-ti_pitch2.wav,7.0,0.026341741904616356,0.016226930543780327,0.10286242756622517,0.03391532529534561,182.3706413250304,69.04299792238427,-352.2618,47.87332,174.93121,19.469059,-99.257706,33.140076,-0.49349996,17.623808,-9.141159,14.8572855,-41.255768,12.080757,15.979771,9.804752,-20.60451,12.34764,-23.775497,8.313576,6.120829,10.636768,-26.667658,9.06824,-12.237402,11.693366,2.868213,10.186866
620,tired,tiredC421C6FE-DFEE-4080-8AEA-848E7CE4756B-1430548393-1.0-f-26-ti_speed0.9.wav,./Aug/tiredC421C6FE-DFEE-4080-8AEA-848E7CE4756B-1430548393-1.0-f-26-ti_speed0.9.wav,7.777777777777778,0.02542160637676716,0.01654280349612236,0.09307369402985075,0.030566274992532082,183.76297257154948,62.979722294797256,-370.57352,46.48969,196.20616,20.52474,-90.961266,33.30264,-11.116253,15.1066475,7.144749,16.667162,-47.90178,11.772116,6.8307486,9.802636,-0.65049285,10.446617,-33.893894,7.405473,4.3233123,11.335225,-7.511503,9.400811,-26.878061,7.815317,0.17799747,9.638264
621,tired,tiredC421C6FE-DFEE-4080-8AEA-848E7CE4756B-1430548393-1.0-f-26-ti_speed1.1.wav,./Aug/tiredC421C6FE-DFEE-4080-8AEA-848E7CE4756B-1430548393-1.0-f-26-ti_speed1.1.wav,6.363628117913832,0.026225829496979713,0.016277186572551727,0.09046342329545455,0.03008311242375669,179.47813705606174,63.97778141123757,-362.75955,45.72396,191.05408,21.258474,-87.69651,32.906254,-12.635717,15.70146,5.735933,16.724232,-46.668842,11.968219,5.7139826,9.808052,-0.75732845,10.412643,-32.840405,8.219391,3.1246684,11.217932,-7.7606063,9.399567,-26.030188,8.272112,-0.27297953,10.239506
622,tired,tiredC421C6FE-DFEE-4080-8AEA-848E7CE4756B-1430548393-1.0-f-26-ti_noise286.wav,./Aug/tiredC421C6FE-DFEE-4080-8AEA-848E7CE4756B-1430548393-1.0-f-26-ti_noise286.wav,7.0,0.038377754390239716,0.02493419125676155,0.09951883278145696,0.04089659267047633,185.40381424696955,59.2219716908174,-272.09167,47.07644,117.61888,22.407265,-43.57903,32.516563,-19.02878,15.676409,-5.312788,16.693455,-27.77542,12.307006,-1.296151,9.348728,-3.660955,10.16289,-21.46327,8.061092,-3.6716406,10.238582,-7.0185766,8.624585,-18.803865,8.34773,-6.3226714,9.667876
623,tired,tiredC421C6FE-DFEE-4080-8AEA-848E7CE4756B-1430548393-1.0-f-26-ti_noise286.wav,./Aug/tiredC421C6FE-DFEE-4080-8AEA-848E7CE4756B-1430548393-1.0-f-26-ti_noise286.wav,7.0,0.038377754390239716,0.02493419125676155,0.09951883278145696,0.04089659267047633,185.40381424696955,59.2219716908174,-272.09167,47.07644,117.61888,22.407265,-43.57903,32.516563,-19.02878,15.676409,-5.312788,16.693455,-27.77542,12.307006,-1.296151,9.348728,-3.660955,10.16289,-21.46327,8.061092,-3.6716406,10.238582,-7.0185766,8.624585,-18.803865,8.34773,-6.3226714,9.667876
624,tired,tiredC421C6FE-DFEE-4080-8AEA-848E7CE4756B-1430548393-1.0-f-26-ti_noise286.wav,./Aug/tiredC421C6FE-DFEE-4080-8AEA-848E7CE4756B-1430548393-1.0-f-26-ti_noise286.wav,7.0,0.038377754390239716,0.02493419125676155,0.09951883278145696,0.04089659267047633,185.40381424696955,59.2219716908174,-272.09167,47.07644,117.61888,22.407265,-43.57903,32.516563,-19.02878,15.676409,-5.312788,16.693455,-27.77542,12.307006,-1.296151,9.348728,-3.660955,10.16289,-21.46327,8.061092,-3.6716406,10.238582,-7.0185766,8.624585,-18.803865,8.34773,-6.3226714,9.667876
625,tired,tiredC421C6FE-DFEE-4080-8AEA-848E7CE4756B-1430548393-1.0-f-26-ti_noise286.wav,./Aug/tiredC421C6FE-DFEE-4080-8AEA-848E7CE4756B-1430548393-1.0-f-26-ti_noise286.wav,7.0,0.038377754390239716,0.02493419125676155,0.09951883278145696,0.04089659267047633,185.40381424696955,59.2219716908174,-272.09167,47.07644,117.61888,22.407265,-43.57903,32.516563,-19.02878,15.676409,-5.312788,16.693455,-27.77542,12.307006,-1.296151,9.348728,-3.660955,10.16289,-21.46327,8.061092,-3.6716406,10.238582,-7.0185766,8.624585,-18.803865,8.34773,-6.3226714,9.667876
626,tired,tiredD4665929-8695-4655-927F-63F09B2D4CB8-1430726940-1.0-f-26-ti_pitch-2.wav,./Aug/tiredD4665929-8695-4655-927F-63F09B2D4CB8-1430726940-1.0-f-26-ti_pitch-2.wav,7.0,0.003633824409916997,0.00605887733399868,0.12273967818708609,0.04979731980780576,148.76247147213323,82.77789990200483,-553.5452,53.04957,122.90105,38.53483,-52.875843,18.608805,-7.664451,14.45018,32.368404,12.409048,-20.009876,13.385395,-18.855711,8.528277,2.8237264,7.7372804,-15.203961,8.439405,-10.468678,6.9412637,2.351076,5.8920927,-10.323213,7.429133,-7.2196035,6.46061
627,tired,tiredD4665929-8695-4655-927F-63F09B2D4CB8-1430726940-1.0-f-26-ti_pitch-1.wav,./Aug/tiredD4665929-8695-4655-927F-63F09B2D4CB8-1430726940-1.0-f-26-ti_pitch-1.wav,7.0,0.0032523830886930227,0.004910034593194723,0.12822556653559603,0.050427472867740485,140.62730784464475,78.93323461519185,-557.01373,55.273,128.61519,37.73642,-61.247208,20.255072,-0.05563577,15.006383,31.409077,12.432494,-28.211878,13.368126,-14.167083,8.471986,2.8889265,8.024746,-18.566921,8.824742,-5.037533,6.513661,1.3767524,6.117176,-12.996876,7.233254,-2.5645525,6.3938456
628,tired,tiredD4665929-8695-4655-927F-63F09B2D4CB8-1430726940-1.0-f-26-ti_pitch1.wav,./Aug/tiredD4665929-8695-4655-927F-63F09B2D4CB8-1430726940-1.0-f-26-ti_pitch1.wav,7.0,0.0031087410170584917,0.004554323852062225,0.14279963007036423,0.055297358846122274,138.83300526098498,68.22616611639695,-560.9817,59.22622,129.19281,36.57912,-75.16135,22.64948,16.176468,16.201843,20.08092,13.048195,-39.5623,13.697728,-1.3017358,8.707934,-4.775302,8.049541,-19.305492,8.024091,4.61398,6.538679,-9.757799,6.8069577,-12.026439,6.583263,1.6378927,7.514705
629,tired,tiredD4665929-8695-4655-927F-63F09B2D4CB8-1430726940-1.0-f-26-ti_pitch2.wav,./Aug/tiredD4665929-8695-4655-927F-63F09B2D4CB8-1430726940-1.0-f-26-ti_pitch2.wav,7.0,0.0034318878315389156,0.005608649924397469,0.15266549824089404,0.06007330026768655,136.83452686675994,73.07387076497254,-537.2021,57.381947,99.02365,35.186394,-61.248337,21.939844,15.4899435,16.083076,8.787748,12.19018,-35.3924,12.4267645,-1.6408191,8.845342,-8.165092,8.842893,-14.400746,7.8211303,1.6624752,6.83204,-11.517588,6.854956,-7.6608596,6.789123,-2.0640242,8.134474
630,tired,tiredD4665929-8695-4655-927F-63F09B2D4CB8-1430726940-1.0-f-26-ti_speed0.9.wav,./Aug/tiredD4665929-8695-4655-927F-63F09B2D4CB8-1430726940-1.0-f-26-ti_speed0.9.wav,7.777777777777778,0.0033444901928305626,0.005134756211191416,0.1361386427238806,0.054729747288321244,147.97825981373842,76.52903789044613,-555.7687,56.972134,123.38903,37.50182,-66.08252,21.0757,6.6034894,15.072974,25.648823,12.486703,-33.737164,13.201795,-8.714701,8.694444,-0.28812596,8.285647,-19.756018,8.991607,-0.13803238,6.485634,-2.950773,6.7812195,-13.798808,6.0345726,-0.18092506,6.8293495
631,tired,tiredD4665929-8695-4655-927F-63F09B2D4CB8-1430726940-1.0-f-26-ti_speed1.1.wav,./Aug/tiredD4665929-8695-4655-927F-63F09B2D4CB8-1430726940-1.0-f-26-ti_speed1.1.wav,6.363628117913832,0.0033515766263008118,0.005232358817011118,0.1364346590909091,0.05192268535623281,153.14775293334307,76.7426480258267,-552.3701,56.58983,120.37736,37.71266,-62.90493,20.289434,5.7363415,15.645282,24.064648,12.337842,-33.08511,13.594242,-9.6304,8.564018,-1.0829622,7.6866417,-19.152096,8.643442,-0.727308,6.1062617,-3.5334823,6.6131887,-13.321149,6.3845196,0.09176821,6.6809225
632,tired,tiredD4665929-8695-4655-927F-63F09B2D4CB8-1430726940-1.0-f-26-ti_noise286.wav,./Aug/tiredD4665929-8695-4655-927F-63F09B2D4CB8-1430726940-1.0-f-26-ti_noise286.wav,7.0,0.00511120306327939,0.008154083043336868,0.16732201986754966,0.07577695840877945,136.649813475491,72.38127722251987,-475.93237,50.114548,78.2866,33.93994,-38.05887,19.389368,2.3509235,14.666791,17.028816,11.937451,-22.083593,13.0870495,-12.343387,8.254886,-2.4582725,7.781889,-12.550344,8.3596325,-3.5445416,5.6627297,-3.4283972,6.397846,-8.94769,6.256633,-2.9818027,6.1247983
633,tired,tiredD4665929-8695-4655-927F-63F09B2D4CB8-1430726940-1.0-f-26-ti_noise286.wav,./Aug/tiredD4665929-8695-4655-927F-63F09B2D4CB8-1430726940-1.0-f-26-ti_noise286.wav,7.0,0.00511120306327939,0.008154083043336868,0.16732201986754966,0.07577695840877945,136.649813475491,72.38127722251987,-475.93237,50.114548,78.2866,33.93994,-38.05887,19.389368,2.3509235,14.666791,17.028816,11.937451,-22.083593,13.0870495,-12.343387,8.254886,-2.4582725,7.781889,-12.550344,8.3596325,-3.5445416,5.6627297,-3.4283972,6.397846,-8.94769,6.256633,-2.9818027,6.1247983
634,tired,tiredD4665929-8695-4655-927F-63F09B2D4CB8-1430726940-1.0-f-26-ti_noise286.wav,./Aug/tiredD4665929-8695-4655-927F-63F09B2D4CB8-1430726940-1.0-f-26-ti_noise286.wav,7.0,0.00511120306327939,0.008154083043336868,0.16732201986754966,0.07577695840877945,136.649813475491,72.38127722251987,-475.93237,50.114548,78.2866,33.93994,-38.05887,19.389368,2.3509235,14.666791,17.028816,11.937451,-22.083593,13.0870495,-12.343387,8.254886,-2.4582725,7.781889,-12.550344,8.3596325,-3.5445416,5.6627297,-3.4283972,6.397846,-8.94769,6.256633,-2.9818027,6.1247983
635,tired,tiredD4665929-8695-4655-927F-63F09B2D4CB8-1430726940-1.0-f-26-ti_noise286.wav,./Aug/tiredD4665929-8695-4655-927F-63F09B2D4CB8-1430726940-1.0-f-26-ti_noise286.wav,7.0,0.00511120306327939,0.008154083043336868,0.16732201986754966,0.07577695840877945,136.649813475491,72.38127722251987,-475.93237,50.114548,78.2866,33.93994,-38.05887,19.389368,2.3509235,14.666791,17.028816,11.937451,-22.083593,13.0870495,-12.343387,8.254886,-2.4582725,7.781889,-12.550344,8.3596325,-3.5445416,5.6627297,-3.4283972,6.397846,-8.94769,6.256633,-2.9818027,6.1247983
636,tired,tired7A22229D-06C2-4AAA-9674-DE5DF1906B3A-1436891957-1.1-m-72-ti_pitch-2.wav,./Aug/tired7A22229D-06C2-4AAA-9674-DE5DF1906B3A-1436891957-1.1-m-72-ti_pitch-2.wav,7.0,0.03334081545472145,0.04000873118638992,0.09693999637831126,0.037667169745553446,176.21288978797116,76.12396496570504,-365.77658,63.225636,135.70009,35.67961,-49.83209,30.734224,-4.969959,13.655435,22.262583,12.725653,-31.900335,13.40364,-13.736086,10.204137,3.9061244,12.301266,-27.412561,14.677705,-12.723518,7.2843556,5.7848687,10.7162,-17.11951,9.076443,-11.16662,5.772385
637,tired,tired7A22229D-06C2-4AAA-9674-DE5DF1906B3A-1436891957-1.1-m-72-ti_pitch-1.wav,./Aug/tired7A22229D-06C2-4AAA-9674-DE5DF1906B3A-1436891957-1.1-m-72-ti_pitch-1.wav,7.0,0.03585461527109146,0.04503178969025612,0.10120679842715231,0.03772579424597151,169.46849669049905,61.57101915616185,-366.44992,65.60721,137.64474,34.861523,-57.935837,32.4131,0.925809,12.972413,18.286974,12.315285,-37.856632,13.85771,-7.7015867,11.5244,-0.5190023,11.983362,-30.632092,14.1772785,-4.018885,8.71369,0.8601738,9.963026,-22.354454,8.903697,-2.2694993,5.5146
638,tired,tired7A22229D-06C2-4AAA-9674-DE5DF1906B3A-1436891957-1.1-m-72-ti_pitch1.wav,./Aug/tired7A22229D-06C2-4AAA-9674-DE5DF1906B3A-1436891957-1.1-m-72-ti_pitch1.wav,7.0,0.03476332128047943,0.04182823374867439,0.11589242290976821,0.045267028480310674,174.78787528660155,70.4500707189597,-364.74582,66.97261,129.2849,32.33591,-67.10736,32.65606,12.093573,13.92579,4.024864,13.4068365,-41.439342,13.358691,3.2231565,14.477435,-14.995012,13.581695,-26.78246,10.871871,6.7896824,13.170778,-14.691767,7.7941117,-15.490276,6.3069725,6.749011,10.998876
639,tired,tired7A22229D-06C2-4AAA-9674-DE5DF1906B3A-1436891957-1.1-m-72-ti_pitch2.wav,./Aug/tired7A22229D-06C2-4AAA-9674-DE5DF1906B3A-1436891957-1.1-m-72-ti_pitch2.wav,7.0,0.03435920551419258,0.03937211260199547,0.12046318812086093,0.04511255759173196,185.1872858569293,73.86290401157652,-364.57776,68.69681,131.27133,31.223244,-74.46121,32.824184,17.912428,15.610975,-5.2072687,14.67607,-43.38165,12.071623,6.1454797,15.799854,-23.385511,14.619361,-20.920559,9.046781,7.431349,13.161913,-22.213354,8.45181,-6.4507523,8.174836,6.2413983,13.367163
640,tired,tired7A22229D-06C2-4AAA-9674-DE5DF1906B3A-1436891957-1.1-m-72-ti_speed0.9.wav,./Aug/tired7A22229D-06C2-4AAA-9674-DE5DF1906B3A-1436891957-1.1-m-72-ti_speed0.9.wav,7.777777777777778,0.034081462770700455,0.04210656136274338,0.11038362873134329,0.0424599202426737,171.77094419915554,65.02365891613174,-363.247,64.54353,128.11322,32.85316,-60.503506,32.27607,4.9218473,13.159171,10.188619,12.848407,-39.240566,13.63006,-1.972779,12.785822,-7.3054338,12.814241,-29.6402,12.996392,1.8436625,11.060748,-7.005145,8.5324335,-20.78658,7.7457495,3.8714516,8.898133
641,tired,tired7A22229D-06C2-4AAA-9674-DE5DF1906B3A-1436891957-1.1-m-72-ti_speed1.1.wav,./Aug/tired7A22229D-06C2-4AAA-9674-DE5DF1906B3A-1436891957-1.1-m-72-ti_speed1.1.wav,6.363628117913832,0.03429948911070824,0.041686903685331345,0.10672940340909091,0.038619569198460185,173.05489071305863,64.61066008924142,-364.23062,66.84682,134.0093,34.077057,-63.4628,32.919838,5.3676305,12.893792,10.759369,13.403896,-41.43917,13.5956745,-2.3957362,13.089035,-7.4217753,12.626657,-30.49832,12.954188,2.3437023,10.938455,-6.8430142,8.795332,-21.378586,7.8219247,4.018943,8.124221
642,tired,tired7A22229D-06C2-4AAA-9674-DE5DF1906B3A-1436891957-1.1-m-72-ti_noise286.wav,./Aug/tired7A22229D-06C2-4AAA-9674-DE5DF1906B3A-1436891957-1.1-m-72-ti_noise286.wav,7.0,0.051742300391197205,0.06371070444583893,0.15971970716059603,0.08576567193707382,165.93229127933282,65.44075293505885,-276.15268,59.471306,74.937355,30.649012,-27.288961,30.720755,1.696229,11.542682,3.2929018,11.875166,-24.108662,13.6678,-6.078624,11.523999,-8.383096,11.983503,-19.416191,13.362794,-1.1645452,10.073644,-5.203227,8.304859,-13.908279,8.170156,0.69313866,7.7482996
643,tired,tired7A22229D-06C2-4AAA-9674-DE5DF1906B3A-1436891957-1.1-m-72-ti_noise286.wav,./Aug/tired7A22229D-06C2-4AAA-9674-DE5DF1906B3A-1436891957-1.1-m-72-ti_noise286.wav,7.0,0.051742300391197205,0.06371070444583893,0.15971970716059603,0.08576567193707382,165.93229127933282,65.44075293505885,-276.15268,59.471306,74.937355,30.649012,-27.288961,30.720755,1.696229,11.542682,3.2929018,11.875166,-24.108662,13.6678,-6.078624,11.523999,-8.383096,11.983503,-19.416191,13.362794,-1.1645452,10.073644,-5.203227,8.304859,-13.908279,8.170156,0.69313866,7.7482996
644,tired,tired7A22229D-06C2-4AAA-9674-DE5DF1906B3A-1436891957-1.1-m-72-ti_noise286.wav,./Aug/tired7A22229D-06C2-4AAA-9674-DE5DF1906B3A-1436891957-1.1-m-72-ti_noise286.wav,7.0,0.051742300391197205,0.06371070444583893,0.15971970716059603,0.08576567193707382,165.93229127933282,65.44075293505885,-276.15268,59.471306,74.937355,30.649012,-27.288961,30.720755,1.696229,11.542682,3.2929018,11.875166,-24.108662,13.6678,-6.078624,11.523999,-8.383096,11.983503,-19.416191,13.362794,-1.1645452,10.073644,-5.203227,8.304859,-13.908279,8.170156,0.69313866,7.7482996
645,tired,tired7A22229D-06C2-4AAA-9674-DE5DF1906B3A-1436891957-1.1-m-72-ti_noise286.wav,./Aug/tired7A22229D-06C2-4AAA-9674-DE5DF1906B3A-1436891957-1.1-m-72-ti_noise286.wav,7.0,0.051742300391197205,0.06371070444583893,0.15971970716059603,0.08576567193707382,165.93229127933282,65.44075293505885,-276.15268,59.471306,74.937355,30.649012,-27.288961,30.720755,1.696229,11.542682,3.2929018,11.875166,-24.108662,13.6678,-6.078624,11.523999,-8.383096,11.983503,-19.416191,13.362794,-1.1645452,10.073644,-5.203227,8.304859,-13.908279,8.170156,0.69313866,7.7482996
646,tired,tiredb4c460d8-bd6b-4017-9bb8-2ae4ff0c5af1-1430418266487-1.7-f-26-ti_pitch-2.wav,./Aug/tiredb4c460d8-bd6b-4017-9bb8-2ae4ff0c5af1-1430418266487-1.7-f-26-ti_pitch-2.wav,6.92,0.18831032514572144,0.10507852584123611,0.05135771582357859,0.029566020329608526,184.07861625212527,61.29183982885423,-264.26596,45.664047,166.26727,27.603275,-8.652689,38.895805,-7.3809247,21.452923,4.052369,16.030825,-35.79604,16.081305,-25.444195,14.88095,-9.76214,14.495576,-24.945751,10.513145,-11.29916,11.3001,0.5475647,10.342225,-17.97766,9.130684,-12.571127,10.182557
647,tired,tiredb4c460d8-bd6b-4017-9bb8-2ae4ff0c5af1-1430418266487-1.7-f-26-ti_pitch-1.wav,./Aug/tiredb4c460d8-bd6b-4017-9bb8-2ae4ff0c5af1-1430418266487-1.7-f-26-ti_pitch-1.wav,6.92,0.20412370562553406,0.11443702131509781,0.05411593331939799,0.030918626441902606,187.23525309372857,58.119675436089295,-260.11694,47.867516,167.50395,27.717001,-16.07514,41.26011,-7.77196,20.139347,-1.5143118,17.150269,-40.22312,16.181372,-21.221209,16.572023,-11.29432,13.035907,-25.157713,11.29849,-5.4904795,11.483138,-3.860445,10.658944,-20.644026,10.017025,-4.1898036,11.289059
648,tired,tiredb4c460d8-bd6b-4017-9bb8-2ae4ff0c5af1-1430418266487-1.7-f-26-ti_pitch1.wav,./Aug/tiredb4c460d8-bd6b-4017-9bb8-2ae4ff0c5af1-1430418266487-1.7-f-26-ti_pitch1.wav,6.92,0.18041303753852844,0.09781735390424728,0.06137809625836121,0.0332983836529121,192.15640129322094,59.34944558836618,-254.63966,48.477898,162.90259,28.156845,-29.32121,41.854,-7.6622868,17.694304,-15.294484,18.208149,-45.291092,16.377949,-12.986729,18.793774,-16.406746,9.865993,-19.383806,11.641629,1.4131069,10.69529,-15.284063,9.794236,-13.57015,12.180703,5.428579,11.326707
649,tired,tiredb4c460d8-bd6b-4017-9bb8-2ae4ff0c5af1-1430418266487-1.7-f-26-ti_pitch2.wav,./Aug/tiredb4c460d8-bd6b-4017-9bb8-2ae4ff0c5af1-1430418266487-1.7-f-26-ti_pitch2.wav,6.92,0.18340469896793365,0.10779576748609543,0.06690596258361205,0.03576398913281418,199.56827109336683,64.30884445042487,-249.45866,48.5671,159.36414,29.44295,-34.787575,41.67456,-7.5145683,17.158121,-22.339546,19.762678,-44.25414,16.705418,-8.689424,19.143248,-18.772278,10.636952,-14.593753,10.536735,0.7516252,11.099616,-19.445904,11.520667,-6.407576,13.211717,4.6607966,10.424249
650,tired,tiredb4c460d8-bd6b-4017-9bb8-2ae4ff0c5af1-1430418266487-1.7-f-26-ti_speed0.9.wav,./Aug/tiredb4c460d8-bd6b-4017-9bb8-2ae4ff0c5af1-1430418266487-1.7-f-26-ti_speed0.9.wav,7.688888888888889,0.1813671737909317,0.10521992295980453,0.058782003012048195,0.031687020674129124,192.0915130800589,56.23746088023487,-259.68585,47.784744,165.81827,28.106356,-22.981142,40.712784,-6.8250356,18.622435,-7.859337,17.750034,-43.692993,15.834152,-16.69588,18.332893,-13.610772,11.561216,-23.093851,11.961013,-0.18247986,10.839486,-9.145888,10.073571,-19.139057,11.208859,2.4957774,11.736568
651,tired,tiredb4c460d8-bd6b-4017-9bb8-2ae4ff0c5af1-1430418266487-1.7-f-26-ti_speed1.1.wav,./Aug/tiredb4c460d8-bd6b-4017-9bb8-2ae4ff0c5af1-1430418266487-1.7-f-26-ti_speed1.1.wav,6.29092970521542,0.2067246437072754,0.12023264169692993,0.056633417896678966,0.03260999714932327,190.15697835490127,57.70324235358386,-252.98943,47.2039,162.80275,27.330414,-20.159954,40.87447,-7.428845,18.730986,-8.568509,17.8378,-43.223415,16.375956,-17.77009,17.908995,-13.901108,10.935136,-22.842731,11.676077,-1.5405056,10.87336,-9.558163,10.057009,-18.873505,11.221403,1.6917888,11.813376
652,tired,tiredb4c460d8-bd6b-4017-9bb8-2ae4ff0c5af1-1430418266487-1.7-f-26-ti_noise286.wav,./Aug/tiredb4c460d8-bd6b-4017-9bb8-2ae4ff0c5af1-1430418266487-1.7-f-26-ti_noise286.wav,6.92,0.28461095690727234,0.15880461037158966,0.07832096571906355,0.06311389332531782,190.50049624963782,57.75897895791277,-153.94359,39.340096,93.07878,28.916355,7.3335714,34.66638,-8.743911,17.391256,-15.0169935,14.630513,-27.936644,14.188295,-20.28297,14.777716,-15.847757,10.652811,-14.157922,10.7284155,-5.5690866,9.467575,-9.340521,8.401027,-12.250113,9.7564,-2.5132408,10.543801
653,tired,tiredb4c460d8-bd6b-4017-9bb8-2ae4ff0c5af1-1430418266487-1.7-f-26-ti_noise286.wav,./Aug/tiredb4c460d8-bd6b-4017-9bb8-2ae4ff0c5af1-1430418266487-1.7-f-26-ti_noise286.wav,6.92,0.28461095690727234,0.15880461037158966,0.07832096571906355,0.06311389332531782,190.50049624963782,57.75897895791277,-153.94359,39.340096,93.07878,28.916355,7.3335714,34.66638,-8.743911,17.391256,-15.0169935,14.630513,-27.936644,14.188295,-20.28297,14.777716,-15.847757,10.652811,-14.157922,10.7284155,-5.5690866,9.467575,-9.340521,8.401027,-12.250113,9.7564,-2.5132408,10.543801
654,tired,tiredb4c460d8-bd6b-4017-9bb8-2ae4ff0c5af1-1430418266487-1.7-f-26-ti_noise286.wav,./Aug/tiredb4c460d8-bd6b-4017-9bb8-2ae4ff0c5af1-1430418266487-1.7-f-26-ti_noise286.wav,6.92,0.28461095690727234,0.15880461037158966,0.07832096571906355,0.06311389332531782,190.50049624963782,57.75897895791277,-153.94359,39.340096,93.07878,28.916355,7.3335714,34.66638,-8.743911,17.391256,-15.0169935,14.630513,-27.936644,14.188295,-20.28297,14.777716,-15.847757,10.652811,-14.157922,10.7284155,-5.5690866,9.467575,-9.340521,8.401027,-12.250113,9.7564,-2.5132408,10.543801
655,tired,tiredb4c460d8-bd6b-4017-9bb8-2ae4ff0c5af1-1430418266487-1.7-f-26-ti_noise286.wav,./Aug/tiredb4c460d8-bd6b-4017-9bb8-2ae4ff0c5af1-1430418266487-1.7-f-26-ti_noise286.wav,6.92,0.28461095690727234,0.15880461037158966,0.07832096571906355,0.06311389332531782,190.50049624963782,57.75897895791277,-153.94359,39.340096,93.07878,28.916355,7.3335714,34.66638,-8.743911,17.391256,-15.0169935,14.630513,-27.936644,14.188295,-20.28297,14.777716,-15.847757,10.652811,-14.157922,10.7284155,-5.5690866,9.467575,-9.340521,8.401027,-12.250113,9.7564,-2.5132408,10.543801
656,tired,tiredd6cda191-4962-4308-9a36-46d5648a95ed-1431587899682-1.7-m-04-ti_pitch-2.wav,./Aug/tiredd6cda191-4962-4308-9a36-46d5648a95ed-1431587899682-1.7-m-04-ti_pitch-2.wav,6.82,0.07241863757371902,0.07557465881109238,0.1239487005739796,0.03311518180571245,175.67684820562195,77.60033201733788,-342.1872,100.19844,99.20835,53.994244,-85.16677,54.53486,-47.971786,23.137241,0.13258828,24.483212,-24.48925,17.542595,-4.86447,11.980035,8.605538,9.774349,-15.585915,12.269714,0.09227524,7.720611,13.87897,10.187496,-11.328282,9.501594,-8.503034,7.065283
657,tired,tiredd6cda191-4962-4308-9a36-46d5648a95ed-1431587899682-1.7-m-04-ti_pitch-1.wav,./Aug/tiredd6cda191-4962-4308-9a36-46d5648a95ed-1431587899682-1.7-m-04-ti_pitch-1.wav,6.82,0.0736728087067604,0.07577010244131088,0.1318957270408163,0.03564466311250259,167.4104388759178,69.89422151890162,-340.0359,103.60304,94.6355,52.29893,-92.09343,56.61755,-42.014107,21.860542,0.53483737,23.9005,-25.07293,18.148067,1.0304623,11.180601,5.6542406,8.378874,-15.914139,13.009507,7.785094,9.080981,8.553507,7.3933473,-16.211332,11.681396,-1.2533182,4.9669757
658,tired,tiredd6cda191-4962-4308-9a36-46d5648a95ed-1431587899682-1.7-m-04-ti_pitch1.wav,./Aug/tiredd6cda191-4962-4308-9a36-46d5648a95ed-1431587899682-1.7-m-04-ti_pitch1.wav,6.82,0.07146301120519638,0.07177942991256714,0.1493193957270408,0.04138166519087464,164.70197214293634,74.53312431758062,-349.90656,111.221794,86.72825,48.378536,-109.67457,60.65562,-28.804575,22.964783,-0.5857897,20.11912,-24.18178,20.035881,11.323817,12.212418,-4.5811553,8.656575,-11.372857,10.683431,15.849645,11.249627,-9.453959,9.853774,-13.174673,9.286528,7.949243,7.9150968
659,tired,tiredd6cda191-4962-4308-9a36-46d5648a95ed-1431587899682-1.7-m-04-ti_pitch2.wav,./Aug/tiredd6cda191-4962-4308-9a36-46d5648a95ed-1431587899682-1.7-m-04-ti_pitch2.wav,6.82,0.06953452527523041,0.06849685311317444,0.15589292357568027,0.04138152628010565,177.97984226525898,79.43138028647698,-356.26846,115.57671,84.20644,46.737568,-118.22305,61.165073,-20.844437,25.354425,-2.3820498,17.829117,-22.203363,19.751358,15.283811,12.480297,-9.852304,11.08227,-5.6039615,8.6841545,14.683056,10.867809,-17.51828,13.414658,-5.3499928,6.6515956,6.397066,7.9502516
660,tired,tiredd6cda191-4962-4308-9a36-46d5648a95ed-1431587899682-1.7-m-04-ti_speed0.9.wav,./Aug/tiredd6cda191-4962-4308-9a36-46d5648a95ed-1431587899682-1.7-m-04-ti_speed0.9.wav,7.5777777777777775,0.072872094810009,0.07459959387779236,0.14013373232033638,0.039360083993160086,163.77108589417378,69.83852127543078,-357.37247,111.717545,97.61178,52.57716,-106.2705,59.506245,-35.7724,21.277788,1.3623122,22.432966,-26.852718,20.773863,7.74911,11.2410145,1.4559139,7.6253324,-16.283546,13.016154,13.930754,11.011651,0.42317387,6.402688,-17.708937,12.014356,5.1641736,6.655402
661,tired,tiredd6cda191-4962-4308-9a36-46d5648a95ed-1431587899682-1.7-m-04-ti_speed1.1.wav,./Aug/tiredd6cda191-4962-4308-9a36-46d5648a95ed-1431587899682-1.7-m-04-ti_speed1.1.wav,6.2,0.06569437682628632,0.06227369233965874,0.139892578125,0.03890539431669952,165.27491128644377,71.7936215799204,-350.4738,109.0491,94.51373,51.130657,-103.70553,59.09927,-35.90434,21.57502,0.98815554,22.310167,-25.587461,19.346106,7.548267,11.481721,1.2555039,7.763405,-15.625957,12.774292,13.685626,11.097021,0.3970604,6.4358854,-17.155611,12.118696,5.0950065,6.3050933
662,tired,tiredd6cda191-4962-4308-9a36-46d5648a95ed-1431587899682-1.7-m-04-ti_noise286.wav,./Aug/tiredd6cda191-4962-4308-9a36-46d5648a95ed-1431587899682-1.7-m-04-ti_noise286.wav,6.82,0.10674450546503067,0.10547354072332382,0.24049844547193877,0.15470163952723842,158.3786632584742,77.39147811632532,-235.19284,71.57381,44.929085,34.08405,-65.66263,47.19963,-30.770329,23.088512,-2.9841075,20.23921,-12.794,12.771489,3.2397602,10.39894,-0.01614629,7.761273,-7.3774133,9.137045,8.982373,9.049632,0.43474427,6.3559275,-11.143539,10.265789,1.455355,5.6998873
663,tired,tiredd6cda191-4962-4308-9a36-46d5648a95ed-1431587899682-1.7-m-04-ti_noise286.wav,./Aug/tiredd6cda191-4962-4308-9a36-46d5648a95ed-1431587899682-1.7-m-04-ti_noise286.wav,6.82,0.10674450546503067,0.10547354072332382,0.24049844547193877,0.15470163952723842,158.3786632584742,77.39147811632532,-235.19284,71.57381,44.929085,34.08405,-65.66263,47.19963,-30.770329,23.088512,-2.9841075,20.23921,-12.794,12.771489,3.2397602,10.39894,-0.01614629,7.761273,-7.3774133,9.137045,8.982373,9.049632,0.43474427,6.3559275,-11.143539,10.265789,1.455355,5.6998873
664,tired,tiredd6cda191-4962-4308-9a36-46d5648a95ed-1431587899682-1.7-m-04-ti_noise286.wav,./Aug/tiredd6cda191-4962-4308-9a36-46d5648a95ed-1431587899682-1.7-m-04-ti_noise286.wav,6.82,0.10674450546503067,0.10547354072332382,0.24049844547193877,0.15470163952723842,158.3786632584742,77.39147811632532,-235.19284,71.57381,44.929085,34.08405,-65.66263,47.19963,-30.770329,23.088512,-2.9841075,20.23921,-12.794,12.771489,3.2397602,10.39894,-0.01614629,7.761273,-7.3774133,9.137045,8.982373,9.049632,0.43474427,6.3559275,-11.143539,10.265789,1.455355,5.6998873
665,tired,tiredd6cda191-4962-4308-9a36-46d5648a95ed-1431587899682-1.7-m-04-ti_noise286.wav,./Aug/tiredd6cda191-4962-4308-9a36-46d5648a95ed-1431587899682-1.7-m-04-ti_noise286.wav,6.82,0.10674450546503067,0.10547354072332382,0.24049844547193877,0.15470163952723842,158.3786632584742,77.39147811632532,-235.19284,71.57381,44.929085,34.08405,-65.66263,47.19963,-30.770329,23.088512,-2.9841075,20.23921,-12.794,12.771489,3.2397602,10.39894,-0.01614629,7.761273,-7.3774133,9.137045,8.982373,9.049632,0.43474427,6.3559275,-11.143539,10.265789,1.455355,5.6998873
666,tired,tired1309B82C-F146-46F0-A723-45345AFA6EA8-1430059864-1.0-f-04-ti_pitch-2.wav,./Aug/tired1309B82C-F146-46F0-A723-45345AFA6EA8-1430059864-1.0-f-04-ti_pitch-2.wav,7.0,0.014227290637791157,0.010382497683167458,0.11577762831125828,0.051082610189324924,162.95593541038846,76.00656309546595,-425.2355,60.4515,196.05202,28.701094,-85.13157,37.277706,-7.1582775,11.930941,37.984127,10.143977,-41.590187,14.98789,-5.447677,6.150519,25.623232,10.465042,-22.28285,7.4517384,-1.0448003,5.0328736,21.635818,9.587469,-19.019676,5.725815,-12.536178,4.5175233
667,tired,tired1309B82C-F146-46F0-A723-45345AFA6EA8-1430059864-1.0-f-04-ti_pitch-1.wav,./Aug/tired1309B82C-F146-46F0-A723-45345AFA6EA8-1430059864-1.0-f-04-ti_pitch-1.wav,7.0,0.014353036880493164,0.01079876720905304,0.12141388141556292,0.052450458075553284,165.83090370928207,71.61263381991452,-417.19144,61.18817,188.51715,27.100573,-90.58916,37.91161,2.5108883,11.744172,31.31888,10.520368,-45.140343,14.663725,6.0559335,8.867071,18.658167,9.464432,-27.148098,7.619174,7.970194,7.8449135,10.356732,8.376318,-27.46418,7.012656,-2.1557102,5.1996756
668,tired,tired1309B82C-F146-46F0-A723-45345AFA6EA8-1430059864-1.0-f-04-ti_pitch1.wav,./Aug/tired1309B82C-F146-46F0-A723-45345AFA6EA8-1430059864-1.0-f-04-ti_pitch1.wav,7.0,0.01408772449940443,0.010535206645727158,0.13748997568294702,0.05954470014319222,163.44977417306717,67.45713354471492,-396.1701,60.68807,161.12851,21.782602,-92.39937,38.868866,18.432705,11.517073,13.023854,9.900711,-41.002247,11.987529,23.875643,12.510592,0.7812402,5.978138,-19.623028,5.6260147,18.626177,10.809637,-15.108714,6.0425982,-19.877054,5.583724,10.096364,7.7227197
669,tired,tired1309B82C-F146-46F0-A723-45345AFA6EA8-1430059864-1.0-f-04-ti_pitch2.wav,./Aug/tired1309B82C-F146-46F0-A723-45345AFA6EA8-1430059864-1.0-f-04-ti_pitch2.wav,7.0,0.014419362880289555,0.010795670561492443,0.14276244308774835,0.06167819482453946,170.7886705814987,64.51251802103937,-394.0991,60.811844,158.14532,19.570673,-98.12177,39.61063,26.153748,12.956849,3.5796728,9.848185,-37.164803,10.683818,30.21769,14.357735,-10.71075,5.3104925,-14.022938,5.111308,16.709736,11.178938,-26.572437,6.931629,-9.456855,4.989692,7.785197,8.344428
670,tired,tired1309B82C-F146-46F0-A723-45345AFA6EA8-1430059864-1.0-f-04-ti_speed0.9.wav,./Aug/tired1309B82C-F146-46F0-A723-45345AFA6EA8-1430059864-1.0-f-04-ti_speed0.9.wav,7.777777777777778,0.014194481074810028,0.010472064837813377,0.12988718516791045,0.0551541972874741,157.14404706805016,66.07279949183214,-409.46445,60.014954,179.4141,23.338358,-94.47111,38.730072,11.565004,11.2823305,23.163815,10.326288,-45.40355,13.361578,16.75207,10.908437,10.21368,7.4913325,-25.989567,7.4797883,16.038065,10.180561,-2.3984747,5.619682,-27.10319,6.4789314,7.188379,6.512851
671,tired,tired1309B82C-F146-46F0-A723-45345AFA6EA8-1430059864-1.0-f-04-ti_speed1.1.wav,./Aug/tired1309B82C-F146-46F0-A723-45345AFA6EA8-1430059864-1.0-f-04-ti_speed1.1.wav,6.363628117913832,0.01394105888903141,0.010208934545516968,0.12998401988636363,0.05437994688688237,160.46925995560986,64.86121974241308,-412.85898,61.667118,183.92511,24.852388,-96.95515,38.98725,11.883047,10.084318,23.894348,9.325408,-46.12575,14.049514,17.28431,10.865366,10.748506,7.7894197,-25.3702,6.897688,17.307482,10.310615,-2.2553122,6.130587,-26.830788,6.7894983,7.960304,6.4389925
672,tired,tired1309B82C-F146-46F0-A723-45345AFA6EA8-1430059864-1.0-f-04-ti_noise286.wav,./Aug/tired1309B82C-F146-46F0-A723-45345AFA6EA8-1430059864-1.0-f-04-ti_noise286.wav,7.0,0.0210709385573864,0.016086816787719727,0.12641957264072848,0.06230832324872125,167.46145287095865,67.06580634216004,-317.2913,53.828438,109.47655,21.37261,-52.34763,36.32254,5.239291,10.357523,12.343896,9.533521,-27.52113,12.863645,9.463349,9.626354,7.1568403,7.4685097,-15.562819,6.957079,9.140166,9.244194,-1.9981898,5.961314,-20.743057,6.648057,0.64150417,5.691799
673,tired,tired1309B82C-F146-46F0-A723-45345AFA6EA8-1430059864-1.0-f-04-ti_noise286.wav,./Aug/tired1309B82C-F146-46F0-A723-45345AFA6EA8-1430059864-1.0-f-04-ti_noise286.wav,7.0,0.0210709385573864,0.016086816787719727,0.12641957264072848,0.06230832324872125,167.46145287095865,67.06580634216004,-317.2913,53.828438,109.47655,21.37261,-52.34763,36.32254,5.239291,10.357523,12.343896,9.533521,-27.52113,12.863645,9.463349,9.626354,7.1568403,7.4685097,-15.562819,6.957079,9.140166,9.244194,-1.9981898,5.961314,-20.743057,6.648057,0.64150417,5.691799
674,tired,tired1309B82C-F146-46F0-A723-45345AFA6EA8-1430059864-1.0-f-04-ti_noise286.wav,./Aug/tired1309B82C-F146-46F0-A723-45345AFA6EA8-1430059864-1.0-f-04-ti_noise286.wav,7.0,0.0210709385573864,0.016086816787719727,0.12641957264072848,0.06230832324872125,167.46145287095865,67.06580634216004,-317.2913,53.828438,109.47655,21.37261,-52.34763,36.32254,5.239291,10.357523,12.343896,9.533521,-27.52113,12.863645,9.463349,9.626354,7.1568403,7.4685097,-15.562819,6.957079,9.140166,9.244194,-1.9981898,5.961314,-20.743057,6.648057,0.64150417,5.691799
675,tired,tired1309B82C-F146-46F0-A723-45345AFA6EA8-1430059864-1.0-f-04-ti_noise286.wav,./Aug/tired1309B82C-F146-46F0-A723-45345AFA6EA8-1430059864-1.0-f-04-ti_noise286.wav,7.0,0.0210709385573864,0.016086816787719727,0.12641957264072848,0.06230832324872125,167.46145287095865,67.06580634216004,-317.2913,53.828438,109.47655,21.37261,-52.34763,36.32254,5.239291,10.357523,12.343896,9.533521,-27.52113,12.863645,9.463349,9.626354,7.1568403,7.4685097,-15.562819,6.957079,9.140166,9.244194,-1.9981898,5.961314,-20.743057,6.648057,0.64150417,5.691799
676,tired,tiredcecd525b-18fd-49e3-b2b9-dfb08b93ad95-1430110029205-1.7-m-26-ti_pitch-2.wav,./Aug/tiredcecd525b-18fd-49e3-b2b9-dfb08b93ad95-1430110029205-1.7-m-26-ti_pitch-2.wav,6.94,0.023518921807408333,0.02799220383167267,0.07943470422240803,0.03059672489190925,120.64848590223662,70.71286585694553,-387.83163,72.7242,162.30615,41.6588,-38.23727,39.27697,3.2359915,20.884687,36.38481,13.9564,-26.370996,18.947977,-11.60088,8.573036,27.509499,12.776086,-1.4846876,6.8687005,-11.312814,6.7851768,8.976161,7.112838,3.1381204,8.575507,-1.3120074,5.5017123
677,tired,tiredcecd525b-18fd-49e3-b2b9-dfb08b93ad95-1430110029205-1.7-m-26-ti_pitch-1.wav,./Aug/tiredcecd525b-18fd-49e3-b2b9-dfb08b93ad95-1430110029205-1.7-m-26-ti_pitch-1.wav,6.94,0.0232511218637228,0.027667902410030365,0.08965594951923077,0.030433196458608813,123.12582555429903,65.65466917838519,-389.1785,76.51376,165.3834,41.58722,-46.559605,41.86792,9.268701,19.54255,31.744236,14.002312,-34.383907,18.387024,-2.6773448,9.384347,27.06329,12.046163,-10.264832,7.876072,-6.2173123,7.1821833,11.658898,6.437358,-1.1754804,8.822875,-1.169002,5.8051963
678,tired,tiredcecd525b-18fd-49e3-b2b9-dfb08b93ad95-1430110029205-1.7-m-26-ti_pitch1.wav,./Aug/tiredcecd525b-18fd-49e3-b2b9-dfb08b93ad95-1430110029205-1.7-m-26-ti_pitch1.wav,6.94,0.02369239553809166,0.03033369407057762,0.1049053485576923,0.03450046332022784,125.48386729449827,60.22692760900949,-376.14355,77.03266,149.09152,36.1557,-50.855423,45.033405,19.680819,16.270554,15.936032,13.717454,-36.33889,15.211937,15.865855,14.241397,14.695815,9.010047,-19.59036,8.696433,5.335316,7.2195606,7.084395,8.370753,-7.0522275,6.5039425,-2.45261,6.949968
679,tired,tiredcecd525b-18fd-49e3-b2b9-dfb08b93ad95-1430110029205-1.7-m-26-ti_pitch2.wav,./Aug/tiredcecd525b-18fd-49e3-b2b9-dfb08b93ad95-1430110029205-1.7-m-26-ti_pitch2.wav,6.94,0.02343112975358963,0.027932755649089813,0.10825962844899666,0.04039326948052517,130.012169651223,65.16548466875444,-374.17908,79.18975,148.82344,35.329865,-56.163,46.653923,25.176153,15.299363,8.115858,12.729818,-34.219006,12.6084385,25.09166,15.703307,6.263803,7.5171227,-18.658594,8.972239,11.332921,7.5921307,1.0611163,9.276456,-7.828217,6.370316,-3.6779854,5.8440213
680,tired,tiredcecd525b-18fd-49e3-b2b9-dfb08b93ad95-1430110029205-1.7-m-26-ti_speed0.9.wav,./Aug/tiredcecd525b-18fd-49e3-b2b9-dfb08b93ad95-1430110029205-1.7-m-26-ti_speed0.9.wav,7.711111111111111,0.022769492119550705,0.02759530395269394,0.09882636542792793,0.034204246447187836,128.56494742259505,66.08830765577866,-380.143,75.5207,154.8176,37.984608,-47.275837,43.194733,15.091821,17.890661,23.167965,13.199359,-36.455826,16.735605,7.2939835,10.885507,21.844172,10.03402,-16.771204,8.385523,-1.8719653,7.2760267,8.749302,6.8249016,-5.4176254,7.999695,-1.6864853,6.953806
681,tired,tiredcecd525b-18fd-49e3-b2b9-dfb08b93ad95-1430110029205-1.7-m-26-ti_speed1.1.wav,./Aug/tiredcecd525b-18fd-49e3-b2b9-dfb08b93ad95-1430110029205-1.7-m-26-ti_speed1.1.wav,6.309070294784581,0.023206831887364388,0.028140727430582047,0.08771470013786764,0.03717899807965302,125.46028824353762,64.9057796536256,-377.9722,75.47065,154.7566,38.287045,-46.9784,43.35985,14.461609,17.944645,23.41854,13.408564,-35.530075,17.081013,7.549825,11.006506,22.73307,10.692806,-14.885902,8.671698,-0.26611328,7.2124114,9.931337,7.163692,-4.395578,7.8773875,-0.68255264,6.8685007
682,tired,tiredcecd525b-18fd-49e3-b2b9-dfb08b93ad95-1430110029205-1.7-m-26-ti_noise286.wav,./Aug/tiredcecd525b-18fd-49e3-b2b9-dfb08b93ad95-1430110029205-1.7-m-26-ti_noise286.wav,6.94,0.034340593963861465,0.042753033339977264,0.12307626985785954,0.08439803131702131,124.21506243570163,63.256362819080685,-290.71835,59.793266,100.9948,29.282383,-17.920666,39.306103,9.97231,18.061909,13.763108,11.975271,-22.911499,14.809322,2.2335122,9.98924,16.99603,10.067361,-8.849039,8.129699,-5.222249,7.025664,8.343718,6.177279,0.10725005,7.49203,-4.860542,6.0427284
683,tired,tiredcecd525b-18fd-49e3-b2b9-dfb08b93ad95-1430110029205-1.7-m-26-ti_noise286.wav,./Aug/tiredcecd525b-18fd-49e3-b2b9-dfb08b93ad95-1430110029205-1.7-m-26-ti_noise286.wav,6.94,0.034340593963861465,0.042753033339977264,0.12307626985785954,0.08439803131702131,124.21506243570163,63.256362819080685,-290.71835,59.793266,100.9948,29.282383,-17.920666,39.306103,9.97231,18.061909,13.763108,11.975271,-22.911499,14.809322,2.2335122,9.98924,16.99603,10.067361,-8.849039,8.129699,-5.222249,7.025664,8.343718,6.177279,0.10725005,7.49203,-4.860542,6.0427284
684,tired,tiredcecd525b-18fd-49e3-b2b9-dfb08b93ad95-1430110029205-1.7-m-26-ti_noise286.wav,./Aug/tiredcecd525b-18fd-49e3-b2b9-dfb08b93ad95-1430110029205-1.7-m-26-ti_noise286.wav,6.94,0.034340593963861465,0.042753033339977264,0.12307626985785954,0.08439803131702131,124.21506243570163,63.256362819080685,-290.71835,59.793266,100.9948,29.282383,-17.920666,39.306103,9.97231,18.061909,13.763108,11.975271,-22.911499,14.809322,2.2335122,9.98924,16.99603,10.067361,-8.849039,8.129699,-5.222249,7.025664,8.343718,6.177279,0.10725005,7.49203,-4.860542,6.0427284
685,tired,tiredcecd525b-18fd-49e3-b2b9-dfb08b93ad95-1430110029205-1.7-m-26-ti_noise286.wav,./Aug/tiredcecd525b-18fd-49e3-b2b9-dfb08b93ad95-1430110029205-1.7-m-26-ti_noise286.wav,6.94,0.034340593963861465,0.042753033339977264,0.12307626985785954,0.08439803131702131,124.21506243570163,63.256362819080685,-290.71835,59.793266,100.9948,29.282383,-17.920666,39.306103,9.97231,18.061909,13.763108,11.975271,-22.911499,14.809322,2.2335122,9.98924,16.99603,10.067361,-8.849039,8.129699,-5.222249,7.025664,8.343718,6.177279,0.10725005,7.49203,-4.860542,6.0427284
686,tired,tiredB2AABCE0-1F62-4B57-B58A-308959ABDFE7-1437188766-1.1-m-26-ti_pitch-2.wav,./Aug/tiredB2AABCE0-1F62-4B57-B58A-308959ABDFE7-1437188766-1.1-m-26-ti_pitch-2.wav,7.0,0.05675318464636803,0.04198234900832176,0.11068624534354304,0.0489554546788336,183.60111457135784,53.159811621356326,-353.96817,52.17221,164.50586,20.43374,-76.141205,37.535503,-12.906986,11.911379,41.93167,16.05995,-28.75193,15.221162,-20.529352,7.619559,17.308365,14.236159,-8.418423,7.0829735,-10.350638,5.1977706,3.2632077,8.1963825,-13.0593,5.9742284,-10.9623575,5.2296395
687,tired,tiredB2AABCE0-1F62-4B57-B58A-308959ABDFE7-1437188766-1.1-m-26-ti_pitch-1.wav,./Aug/tiredB2AABCE0-1F62-4B57-B58A-308959ABDFE7-1437188766-1.1-m-26-ti_pitch-1.wav,7.0,0.05816614255309105,0.046389661729335785,0.1181947821812914,0.05161138796919097,186.0688550937909,41.59320693294304,-342.17688,54.143303,150.94211,19.569096,-77.02495,37.966484,-3.906378,12.392259,35.97556,14.133185,-33.893005,16.669956,-12.138988,7.296446,16.038992,14.266171,-13.379679,6.691452,-7.519352,5.5511174,-0.62297827,7.420963,-16.544975,6.323556,-8.198845,5.756408
688,tired,tiredB2AABCE0-1F62-4B57-B58A-308959ABDFE7-1437188766-1.1-m-26-ti_pitch1.wav,./Aug/tiredB2AABCE0-1F62-4B57-B58A-308959ABDFE7-1437188766-1.1-m-26-ti_pitch1.wav,7.0,0.05509583652019501,0.04197125509381294,0.13243254604718543,0.05487156704524225,208.2065951706311,45.99921532835458,-339.94705,53.74248,141.64415,16.303896,-88.21694,38.28374,13.826644,15.946039,22.948824,11.357664,-41.689026,14.981763,7.0453663,13.023754,7.727688,10.984849,-20.523907,6.3285575,-1.0854058,8.378659,-11.227828,6.5619946,-15.523884,6.8444595,-1.9202497,10.880761
689,tired,tiredB2AABCE0-1F62-4B57-B58A-308959ABDFE7-1437188766-1.1-m-26-ti_pitch2.wav,./Aug/tiredB2AABCE0-1F62-4B57-B58A-308959ABDFE7-1437188766-1.1-m-26-ti_pitch2.wav,7.0,0.05563884973526001,0.03890421241521835,0.13566619670943708,0.058040417516938926,216.32485621247824,51.10553627205664,-341.86145,53.936546,143.09735,14.840839,-96.59475,37.465107,24.647123,18.863874,14.891587,10.4373045,-43.971653,13.201446,15.763927,16.235743,-0.95673203,8.798301,-21.441725,5.883764,0.49488902,9.4089,-18.040052,7.024779,-11.331796,9.013853,-0.48330238,13.156086
690,tired,tiredB2AABCE0-1F62-4B57-B58A-308959ABDFE7-1437188766-1.1-m-26-ti_speed0.9.wav,./Aug/tiredB2AABCE0-1F62-4B57-B58A-308959ABDFE7-1437188766-1.1-m-26-ti_speed0.9.wav,7.777777777777778,0.055430784821510315,0.040642861276865005,0.12539208255597015,0.053638507739652126,196.38273736254447,49.70409264224706,-346.92548,53.26654,149.39218,17.257824,-85.469604,38.30804,6.1528625,14.605767,30.898712,12.712135,-40.646835,16.110775,-1.8248965,9.881528,13.939873,12.665495,-18.333733,6.211614,-3.49518,7.570395,-6.0824037,6.83354,-18.872562,6.1740956,-4.6035185,8.0865135
691,tired,tiredB2AABCE0-1F62-4B57-B58A-308959ABDFE7-1437188766-1.1-m-26-ti_speed1.1.wav,./Aug/tiredB2AABCE0-1F62-4B57-B58A-308959ABDFE7-1437188766-1.1-m-26-ti_speed1.1.wav,6.363628117913832,0.05631811544299126,0.042077306658029556,0.12106178977272727,0.05414121638698571,195.1947749681651,47.60397778856347,-342.82074,54.111988,149.69264,17.649126,-85.1543,38.51266,5.655839,14.224567,30.977777,12.711384,-40.144203,16.35946,-2.2722137,9.385728,13.498002,12.900936,-18.740204,6.6625,-3.8126397,6.90007,-5.3721037,7.0158987,-18.346094,6.3066535,-4.849087,8.24063
692,tired,tiredB2AABCE0-1F62-4B57-B58A-308959ABDFE7-1437188766-1.1-m-26-ti_noise286.wav,./Aug/tiredB2AABCE0-1F62-4B57-B58A-308959ABDFE7-1437188766-1.1-m-26-ti_noise286.wav,7.0,0.0830635204911232,0.05920054391026497,0.1531570131415563,0.06920564482494516,197.9030866566503,42.03284432391625,-245.01942,46.912033,76.073944,16.639925,-41.322502,33.59164,-0.3388472,12.199258,16.25752,12.462808,-22.581379,14.142302,-6.8445873,7.5507784,8.645679,12.238381,-8.686033,5.253373,-8.297858,5.6412487,-5.8736453,6.395419,-11.729611,6.2215443,-8.876346,7.138491
693,tired,tiredB2AABCE0-1F62-4B57-B58A-308959ABDFE7-1437188766-1.1-m-26-ti_noise286.wav,./Aug/tiredB2AABCE0-1F62-4B57-B58A-308959ABDFE7-1437188766-1.1-m-26-ti_noise286.wav,7.0,0.0830635204911232,0.05920054391026497,0.1531570131415563,0.06920564482494516,197.9030866566503,42.03284432391625,-245.01942,46.912033,76.073944,16.639925,-41.322502,33.59164,-0.3388472,12.199258,16.25752,12.462808,-22.581379,14.142302,-6.8445873,7.5507784,8.645679,12.238381,-8.686033,5.253373,-8.297858,5.6412487,-5.8736453,6.395419,-11.729611,6.2215443,-8.876346,7.138491
694,tired,tiredB2AABCE0-1F62-4B57-B58A-308959ABDFE7-1437188766-1.1-m-26-ti_noise286.wav,./Aug/tiredB2AABCE0-1F62-4B57-B58A-308959ABDFE7-1437188766-1.1-m-26-ti_noise286.wav,7.0,0.0830635204911232,0.05920054391026497,0.1531570131415563,0.06920564482494516,197.9030866566503,42.03284432391625,-245.01942,46.912033,76.073944,16.639925,-41.322502,33.59164,-0.3388472,12.199258,16.25752,12.462808,-22.581379,14.142302,-6.8445873,7.5507784,8.645679,12.238381,-8.686033,5.253373,-8.297858,5.6412487,-5.8736453,6.395419,-11.729611,6.2215443,-8.876346,7.138491
695,tired,tiredB2AABCE0-1F62-4B57-B58A-308959ABDFE7-1437188766-1.1-m-26-ti_noise286.wav,./Aug/tiredB2AABCE0-1F62-4B57-B58A-308959ABDFE7-1437188766-1.1-m-26-ti_noise286.wav,7.0,0.0830635204911232,0.05920054391026497,0.1531570131415563,0.06920564482494516,197.9030866566503,42.03284432391625,-245.01942,46.912033,76.073944,16.639925,-41.322502,33.59164,-0.3388472,12.199258,16.25752,12.462808,-22.581379,14.142302,-6.8445873,7.5507784,8.645679,12.238381,-8.686033,5.253373,-8.297858,5.6412487,-5.8736453,6.395419,-11.729611,6.2215443,-8.876346,7.138491
696,tired,tired7A22229D-06C2-4AAA-9674-DE5DF1906B3A-1436891944-1.1-m-72-ti_pitch-2.wav,./Aug/tired7A22229D-06C2-4AAA-9674-DE5DF1906B3A-1436891944-1.1-m-72-ti_pitch-2.wav,7.0,0.025469843298196793,0.030426006764173508,0.11413978425082781,0.04065001106290329,154.29513602623337,67.36534043965332,-394.66278,70.03896,159.77704,34.972576,-72.31748,37.978092,-9.734448,13.062417,31.681608,17.750397,-35.146835,14.912398,-13.749182,8.225597,12.364676,14.139134,-24.167542,12.539339,-13.178618,8.043308,4.0251822,8.742864,-19.597652,8.48736,-8.231576,10.098811
697,tired,tired7A22229D-06C2-4AAA-9674-DE5DF1906B3A-1436891944-1.1-m-72-ti_pitch-1.wav,./Aug/tired7A22229D-06C2-4AAA-9674-DE5DF1906B3A-1436891944-1.1-m-72-ti_pitch-1.wav,7.0,0.02574886567890644,0.03087959997355938,0.12121177824917219,0.04081376957997063,157.20938313091386,74.51997879421782,-397.60535,71.84733,161.82199,33.555096,-83.4248,38.769527,-2.2315788,12.335584,27.365564,18.003878,-42.669384,15.04154,-5.6562786,9.832682,7.515767,14.016573,-30.744965,12.727738,-5.1698194,8.617977,0.6437439,8.228835,-21.808058,10.346335,2.7557316,12.230502
698,tired,tired7A22229D-06C2-4AAA-9674-DE5DF1906B3A-1436891944-1.1-m-72-ti_pitch1.wav,./Aug/tired7A22229D-06C2-4AAA-9674-DE5DF1906B3A-1436891944-1.1-m-72-ti_pitch1.wav,7.0,0.025466149672865868,0.030563563108444214,0.13567266401076158,0.04645062338499094,161.79533836861089,76.02124361707978,-386.3086,74.648186,144.40282,29.699202,-89.46287,40.284084,13.35117,14.872337,11.174214,16.8075,-45.02177,14.275919,7.9969125,14.122518,-9.721724,12.393846,-28.950247,11.430852,5.4928417,9.741051,-13.509396,10.3992405,-9.997763,12.265119,13.798947,14.287555
699,tired,tired7A22229D-06C2-4AAA-9674-DE5DF1906B3A-1436891944-1.1-m-72-ti_pitch2.wav,./Aug/tired7A22229D-06C2-4AAA-9674-DE5DF1906B3A-1436891944-1.1-m-72-ti_pitch2.wav,7.0,0.02535342052578926,0.029844703152775764,0.14538978425082782,0.050436859362958476,172.69774922552577,74.48235692466707,-382.7811,76.79128,136.74638,29.027103,-91.70577,39.300095,20.429811,17.58914,1.2921213,16.01828,-43.716106,13.949588,12.144722,15.418368,-18.930655,12.012244,-23.340536,10.364004,6.6263866,10.751723,-17.969585,11.936769,0.49717662,13.384742,10.550689,15.240896
700,tired,tired7A22229D-06C2-4AAA-9674-DE5DF1906B3A-1436891944-1.1-m-72-ti_speed0.9.wav,./Aug/tired7A22229D-06C2-4AAA-9674-DE5DF1906B3A-1436891944-1.1-m-72-ti_speed0.9.wav,7.777777777777778,0.024824121966958046,0.029602553695440292,0.12875029151119402,0.04311084888833194,157.50563279733223,72.22077655512386,-388.9805,74.26191,148.62817,32.61882,-83.8163,39.149784,5.27737,12.647043,18.719679,17.40968,-44.00539,14.539018,1.5457191,11.484064,-0.39540705,12.917878,-30.684395,12.651644,1.0779166,9.201376,-6.6887884,8.736028,-18.240011,11.7056465,10.238465,12.953136
701,tired,tired7A22229D-06C2-4AAA-9674-DE5DF1906B3A-1436891944-1.1-m-72-ti_speed1.1.wav,./Aug/tired7A22229D-06C2-4AAA-9674-DE5DF1906B3A-1436891944-1.1-m-72-ti_speed1.1.wav,6.363628117913832,0.02529183216392994,0.030214274302124977,0.1305557528409091,0.04447045241945955,160.74164196788132,70.931243623208,-385.55734,73.72854,145.44536,32.437336,-82.75976,39.527153,4.96051,12.713459,18.444632,17.415777,-42.873337,14.786976,1.8052515,12.53208,-0.33393312,13.164814,-30.2025,11.603548,0.80465055,8.844717,-6.625506,8.817022,-17.549837,12.186888,10.01133,13.252473
702,tired,tired7A22229D-06C2-4AAA-9674-DE5DF1906B3A-1436891944-1.1-m-72-ti_noise286.wav,./Aug/tired7A22229D-06C2-4AAA-9674-DE5DF1906B3A-1436891944-1.1-m-72-ti_noise286.wav,7.0,0.03736352548003197,0.04531846567988396,0.1837505820571192,0.06556588902502393,161.42469530117228,73.89973022522662,-293.29758,70.7943,78.5035,31.438435,-41.409916,38.41786,-0.3351769,12.029158,8.155719,16.39833,-25.114668,15.307693,-4.4524274,10.939675,-2.3314106,11.976555,-18.39881,12.61062,-3.8286836,8.772948,-5.1556034,7.9277534,-10.141593,11.272117,5.3762856,11.427327
703,tired,tired7A22229D-06C2-4AAA-9674-DE5DF1906B3A-1436891944-1.1-m-72-ti_noise286.wav,./Aug/tired7A22229D-06C2-4AAA-9674-DE5DF1906B3A-1436891944-1.1-m-72-ti_noise286.wav,7.0,0.03736352548003197,0.04531846567988396,0.1837505820571192,0.06556588902502393,161.42469530117228,73.89973022522662,-293.29758,70.7943,78.5035,31.438435,-41.409916,38.41786,-0.3351769,12.029158,8.155719,16.39833,-25.114668,15.307693,-4.4524274,10.939675,-2.3314106,11.976555,-18.39881,12.61062,-3.8286836,8.772948,-5.1556034,7.9277534,-10.141593,11.272117,5.3762856,11.427327
704,tired,tired7A22229D-06C2-4AAA-9674-DE5DF1906B3A-1436891944-1.1-m-72-ti_noise286.wav,./Aug/tired7A22229D-06C2-4AAA-9674-DE5DF1906B3A-1436891944-1.1-m-72-ti_noise286.wav,7.0,0.03736352548003197,0.04531846567988396,0.1837505820571192,0.06556588902502393,161.42469530117228,73.89973022522662,-293.29758,70.7943,78.5035,31.438435,-41.409916,38.41786,-0.3351769,12.029158,8.155719,16.39833,-25.114668,15.307693,-4.4524274,10.939675,-2.3314106,11.976555,-18.39881,12.61062,-3.8286836,8.772948,-5.1556034,7.9277534,-10.141593,11.272117,5.3762856,11.427327
705,tired,tired7A22229D-06C2-4AAA-9674-DE5DF1906B3A-1436891944-1.1-m-72-ti_noise286.wav,./Aug/tired7A22229D-06C2-4AAA-9674-DE5DF1906B3A-1436891944-1.1-m-72-ti_noise286.wav,7.0,0.03736352548003197,0.04531846567988396,0.1837505820571192,0.06556588902502393,161.42469530117228,73.89973022522662,-293.29758,70.7943,78.5035,31.438435,-41.409916,38.41786,-0.3351769,12.029158,8.155719,16.39833,-25.114668,15.307693,-4.4524274,10.939675,-2.3314106,11.976555,-18.39881,12.61062,-3.8286836,8.772948,-5.1556034,7.9277534,-10.141593,11.272117,5.3762856,11.427327
706,tired,tired1309B82C-F146-46F0-A723-45345AFA6EA8-1431172241-1.0-f-48-ti_pitch-2.wav,./Aug/tired1309B82C-F146-46F0-A723-45345AFA6EA8-1431172241-1.0-f-48-ti_pitch-2.wav,7.0,0.022632354870438576,0.04797841235995293,0.06169805463576159,0.023353567466854547,168.25187224556757,79.4044654221242,-449.40564,98.81353,101.77245,49.18747,-5.1614366,49.992023,-8.709145,15.898684,2.4459357,12.53438,-14.789479,22.039728,-6.8226542,8.17691,5.233548,17.820667,-4.6983237,6.8213134,-6.283859,5.837896,-4.830274,9.318337,-13.681938,5.1154985,-12.637125,5.044419
707,tired,tired1309B82C-F146-46F0-A723-45345AFA6EA8-1431172241-1.0-f-48-ti_pitch-1.wav,./Aug/tired1309B82C-F146-46F0-A723-45345AFA6EA8-1431172241-1.0-f-48-ti_pitch-1.wav,7.0,0.023636234924197197,0.05023311451077461,0.06407317104718543,0.025840625310103178,176.87808225792529,79.65580899648342,-442.44827,101.01971,97.046425,46.283554,-7.255236,52.803463,-6.9312468,13.850202,0.6124641,11.230678,-14.853765,22.990137,-2.108197,6.3013372,5.0077577,16.871485,-7.3369923,7.5787168,-6.5402994,6.4415293,-7.9923615,8.12793,-15.970317,6.371703,-11.22564,6.089386
708,tired,tired1309B82C-F146-46F0-A723-45345AFA6EA8-1431172241-1.0-f-48-ti_pitch1.wav,./Aug/tired1309B82C-F146-46F0-A723-45345AFA6EA8-1431172241-1.0-f-48-ti_pitch1.wav,7.0,0.02244456112384796,0.04773037135601044,0.07077167839403974,0.029067532399723515,168.48265426779682,93.16145959579654,-452.91592,104.997314,107.08001,39.055573,-20.882956,57.262707,-7.741767,11.370429,-2.9896522,8.81144,-17.212475,20.977896,2.3783262,15.811134,-2.5235648,12.642285,-15.243432,8.9862175,-9.695984,9.8876,-16.421963,7.2641683,-15.642513,6.3251905,-7.457965,8.047357
709,tired,tired1309B82C-F146-46F0-A723-45345AFA6EA8-1431172241-1.0-f-48-ti_pitch2.wav,./Aug/tired1309B82C-F146-46F0-A723-45345AFA6EA8-1431172241-1.0-f-48-ti_pitch2.wav,7.0,0.02148747444152832,0.04481157287955284,0.07675716576986755,0.02918999759721434,186.76700159376634,89.73861970719634,-458.18845,107.85747,109.7588,35.905422,-29.250544,58.25124,-5.853818,12.712756,-4.7706447,8.411841,-17.87048,17.74114,4.9544034,20.838804,-6.338327,8.630897,-16.26623,8.548938,-10.438999,11.402524,-19.523348,7.398287,-13.233561,5.62372,-7.7493377,7.7333684
710,tired,tired1309B82C-F146-46F0-A723-45345AFA6EA8-1431172241-1.0-f-48-ti_speed0.9.wav,./Aug/tired1309B82C-F146-46F0-A723-45345AFA6EA8-1431172241-1.0-f-48-ti_speed0.9.wav,7.777777777777778,0.02199680544435978,0.04736679419875145,0.07017111707089552,0.024538177307544717,154.77623289390726,87.79473832087727,-437.20914,99.95913,90.44203,42.001225,-9.414774,53.53776,-6.9077234,12.440017,-2.851814,10.2501,-15.374464,21.51681,0.005716899,9.915256,2.4600244,14.534859,-9.370563,8.830945,-7.3837757,7.0722656,-11.488958,6.7742286,-15.704799,6.221996,-8.839227,6.4959655
711,tired,tired1309B82C-F146-46F0-A723-45345AFA6EA8-1431172241-1.0-f-48-ti_speed1.1.wav,./Aug/tired1309B82C-F146-46F0-A723-45345AFA6EA8-1431172241-1.0-f-48-ti_speed1.1.wav,6.363628117913832,0.02288433164358139,0.04784660041332245,0.06612571022727273,0.026200136688012556,194.45685246020437,74.89969124304848,-447.50143,103.37431,103.23236,43.050045,-13.712759,54.8876,-7.4364634,11.419458,-0.80148035,9.847737,-16.570147,22.681587,0.15801336,10.420698,2.6702664,15.765745,-10.792896,8.677143,-7.7490954,7.3105817,-12.012959,7.0727825,-16.544697,6.452616,-8.869918,7.5964985
712,tired,tired1309B82C-F146-46F0-A723-45345AFA6EA8-1431172241-1.0-f-48-ti_noise286.wav,./Aug/tired1309B82C-F146-46F0-A723-45345AFA6EA8-1431172241-1.0-f-48-ti_noise286.wav,7.0,0.03234158828854561,0.06772717088460922,0.2841441173427152,0.09037487306811132,182.90758921963072,83.1564432050534,-339.91693,82.483795,50.848038,38.302105,-3.8921132,40.94073,-0.88508797,14.106307,-0.12782474,9.831029,-9.782418,17.703268,0.91211784,6.6686177,3.5008209,12.310354,-6.095345,6.5400434,-6.5586715,4.9760547,-8.741613,5.116912,-11.7329235,5.1875052,-7.8343678,5.201465
713,tired,tired1309B82C-F146-46F0-A723-45345AFA6EA8-1431172241-1.0-f-48-ti_noise286.wav,./Aug/tired1309B82C-F146-46F0-A723-45345AFA6EA8-1431172241-1.0-f-48-ti_noise286.wav,7.0,0.03234158828854561,0.06772717088460922,0.2841441173427152,0.09037487306811132,182.90758921963072,83.1564432050534,-339.91693,82.483795,50.848038,38.302105,-3.8921132,40.94073,-0.88508797,14.106307,-0.12782474,9.831029,-9.782418,17.703268,0.91211784,6.6686177,3.5008209,12.310354,-6.095345,6.5400434,-6.5586715,4.9760547,-8.741613,5.116912,-11.7329235,5.1875052,-7.8343678,5.201465
714,tired,tired1309B82C-F146-46F0-A723-45345AFA6EA8-1431172241-1.0-f-48-ti_noise286.wav,./Aug/tired1309B82C-F146-46F0-A723-45345AFA6EA8-1431172241-1.0-f-48-ti_noise286.wav,7.0,0.03234158828854561,0.06772717088460922,0.2841441173427152,0.09037487306811132,182.90758921963072,83.1564432050534,-339.91693,82.483795,50.848038,38.302105,-3.8921132,40.94073,-0.88508797,14.106307,-0.12782474,9.831029,-9.782418,17.703268,0.91211784,6.6686177,3.5008209,12.310354,-6.095345,6.5400434,-6.5586715,4.9760547,-8.741613,5.116912,-11.7329235,5.1875052,-7.8343678,5.201465
715,tired,tired1309B82C-F146-46F0-A723-45345AFA6EA8-1431172241-1.0-f-48-ti_noise286.wav,./Aug/tired1309B82C-F146-46F0-A723-45345AFA6EA8-1431172241-1.0-f-48-ti_noise286.wav,7.0,0.03234158828854561,0.06772717088460922,0.2841441173427152,0.09037487306811132,182.90758921963072,83.1564432050534,-339.91693,82.483795,50.848038,38.302105,-3.8921132,40.94073,-0.88508797,14.106307,-0.12782474,9.831029,-9.782418,17.703268,0.91211784,6.6686177,3.5008209,12.310354,-6.095345,6.5400434,-6.5586715,4.9760547,-8.741613,5.116912,-11.7329235,5.1875052,-7.8343678,5.201465
716,tired,tiredB2AABCE0-1F62-4B57-B58A-308959ABDFE7-1437188751-1.1-m-26-ti_pitch-2.wav,./Aug/tiredB2AABCE0-1F62-4B57-B58A-308959ABDFE7-1437188751-1.1-m-26-ti_pitch-2.wav,7.0,0.04406376928091049,0.040102988481521606,0.09374514952400662,0.05092205261599199,174.4191266382537,56.18128984254763,-369.23587,47.26993,153.63281,18.674831,-52.470886,34.23205,-11.357576,9.998287,34.12698,16.710468,-20.675543,14.375923,-19.306856,7.3648944,7.5973635,14.667267,-10.376218,6.214152,-10.620403,4.7870083,-0.7795445,6.80407,-12.240218,5.6394863,-7.674875,5.2559514
717,tired,tiredB2AABCE0-1F62-4B57-B58A-308959ABDFE7-1437188751-1.1-m-26-ti_pitch-1.wav,./Aug/tiredB2AABCE0-1F62-4B57-B58A-308959ABDFE7-1437188751-1.1-m-26-ti_pitch-1.wav,7.0,0.046176403760910034,0.0481601357460022,0.10257786630794702,0.05390605794830653,180.05608049536124,52.80954379986346,-364.43472,47.843773,147.82953,18.028585,-57.444336,33.86949,-4.873885,12.499794,30.178148,14.487514,-27.424288,15.648956,-14.187604,7.91369,7.2536287,15.578544,-13.942053,5.3714805,-7.623341,5.2885594,-2.8613937,6.185973,-14.126848,5.4428473,-5.00956,5.3828316
718,tired,tiredB2AABCE0-1F62-4B57-B58A-308959ABDFE7-1437188751-1.1-m-26-ti_pitch1.wav,./Aug/tiredB2AABCE0-1F62-4B57-B58A-308959ABDFE7-1437188751-1.1-m-26-ti_pitch1.wav,7.0,0.047044537961483,0.05136406049132347,0.10916642953228477,0.05748163878392418,192.07171891673005,56.57850397024206,-357.86526,49.375847,137.9351,16.662624,-64.936676,33.94832,8.944899,17.691288,19.638315,10.9216,-35.19392,14.4877825,-1.9605551,14.262615,1.4519161,11.639262,-18.274855,5.5467043,-4.775287,6.3306875,-11.657072,5.8178964,-12.026963,6.1515713,-3.707534,10.259618
719,tired,tiredB2AABCE0-1F62-4B57-B58A-308959ABDFE7-1437188751-1.1-m-26-ti_pitch2.wav,./Aug/tiredB2AABCE0-1F62-4B57-B58A-308959ABDFE7-1437188751-1.1-m-26-ti_pitch2.wav,7.0,0.04509676247835159,0.040121451020240784,0.1172812758692053,0.06225727557695089,202.56056213663217,61.157494397678725,-367.59055,49.625343,148.81786,15.844791,-79.46615,32.520504,19.168196,20.7821,13.131471,9.161881,-40.632187,13.274541,6.335625,17.369642,-5.6653996,8.728458,-18.67781,5.2717266,-0.85095865,6.8572106,-16.729046,6.278797,-9.217554,8.365184,-5.573671,12.83273
720,tired,tiredB2AABCE0-1F62-4B57-B58A-308959ABDFE7-1437188751-1.1-m-26-ti_speed0.9.wav,./Aug/tiredB2AABCE0-1F62-4B57-B58A-308959ABDFE7-1437188751-1.1-m-26-ti_speed0.9.wav,7.777777777777778,0.04376527667045593,0.03819629177451134,0.10430707789179104,0.05800579086489262,188.27801165928045,53.478662159567214,-375.90765,48.479652,160.70552,17.086832,-71.286705,34.17699,4.8488393,15.255825,29.004175,12.295327,-36.177345,15.921978,-6.1201725,10.449438,5.594057,13.969328,-18.998623,5.3319736,-3.2016292,6.138037,-7.689086,5.221282,-16.268965,5.455968,-1.1504368,7.3704395
721,tired,tiredB2AABCE0-1F62-4B57-B58A-308959ABDFE7-1437188751-1.1-m-26-ti_speed1.1.wav,./Aug/tiredB2AABCE0-1F62-4B57-B58A-308959ABDFE7-1437188751-1.1-m-26-ti_speed1.1.wav,6.363628117913832,0.045861270278692245,0.05036993697285652,0.11194069602272727,0.05496677326493319,185.38222131811824,55.264189680131224,-361.6464,48.836678,144.26396,17.192186,-62.33297,34.561405,1.8209985,14.952908,25.552235,12.993104,-31.761599,15.732252,-7.300259,10.601516,5.2825193,14.498297,-16.223671,4.9435973,-4.2949095,5.9067097,-6.252316,5.358904,-13.3784075,5.8649945,-2.6916716,7.0103655
722,tired,tiredB2AABCE0-1F62-4B57-B58A-308959ABDFE7-1437188751-1.1-m-26-ti_noise286.wav,./Aug/tiredB2AABCE0-1F62-4B57-B58A-308959ABDFE7-1437188751-1.1-m-26-ti_noise286.wav,7.0,0.0690104216337204,0.0672198086977005,0.14498396109271522,0.07964495740643242,185.85196641637728,55.68207882890213,-264.36615,44.053112,77.30219,17.398104,-25.742239,30.67892,-1.4855677,11.782425,13.065104,12.060164,-17.058695,13.9982605,-10.710934,8.0070305,1.0117106,12.8832245,-8.092007,4.7096014,-8.512571,4.9447722,-7.0093718,4.909374,-8.3174515,5.3414865,-6.4623046,6.975854
723,tired,tiredB2AABCE0-1F62-4B57-B58A-308959ABDFE7-1437188751-1.1-m-26-ti_noise286.wav,./Aug/tiredB2AABCE0-1F62-4B57-B58A-308959ABDFE7-1437188751-1.1-m-26-ti_noise286.wav,7.0,0.0690104216337204,0.0672198086977005,0.14498396109271522,0.07964495740643242,185.85196641637728,55.68207882890213,-264.36615,44.053112,77.30219,17.398104,-25.742239,30.67892,-1.4855677,11.782425,13.065104,12.060164,-17.058695,13.9982605,-10.710934,8.0070305,1.0117106,12.8832245,-8.092007,4.7096014,-8.512571,4.9447722,-7.0093718,4.909374,-8.3174515,5.3414865,-6.4623046,6.975854
724,tired,tiredB2AABCE0-1F62-4B57-B58A-308959ABDFE7-1437188751-1.1-m-26-ti_noise286.wav,./Aug/tiredB2AABCE0-1F62-4B57-B58A-308959ABDFE7-1437188751-1.1-m-26-ti_noise286.wav,7.0,0.0690104216337204,0.0672198086977005,0.14498396109271522,0.07964495740643242,185.85196641637728,55.68207882890213,-264.36615,44.053112,77.30219,17.398104,-25.742239,30.67892,-1.4855677,11.782425,13.065104,12.060164,-17.058695,13.9982605,-10.710934,8.0070305,1.0117106,12.8832245,-8.092007,4.7096014,-8.512571,4.9447722,-7.0093718,4.909374,-8.3174515,5.3414865,-6.4623046,6.975854
725,tired,tiredB2AABCE0-1F62-4B57-B58A-308959ABDFE7-1437188751-1.1-m-26-ti_noise286.wav,./Aug/tiredB2AABCE0-1F62-4B57-B58A-308959ABDFE7-1437188751-1.1-m-26-ti_noise286.wav,7.0,0.0690104216337204,0.0672198086977005,0.14498396109271522,0.07964495740643242,185.85196641637728,55.68207882890213,-264.36615,44.053112,77.30219,17.398104,-25.742239,30.67892,-1.4855677,11.782425,13.065104,12.060164,-17.058695,13.9982605,-10.710934,8.0070305,1.0117106,12.8832245,-8.092007,4.7096014,-8.512571,4.9447722,-7.0093718,4.909374,-8.3174515,5.3414865,-6.4623046,6.975854
726,tired,tired03ADDCFB-354E-416D-BF32-260CF47F7060-1433658024-1.1-f-04-ti_pitch-2.wav,./Aug/tired03ADDCFB-354E-416D-BF32-260CF47F7060-1433658024-1.1-f-04-ti_pitch-2.wav,7.0,0.06344527751207352,0.04257035627961159,0.11269110875413907,0.033865315119937234,174.1344607318331,64.27660091743529,-315.47238,86.73999,172.66342,40.74266,-98.29368,45.515385,-27.296946,10.387593,29.453552,22.926737,-44.044197,16.307348,-23.851185,14.753698,10.757313,13.5569725,-25.66469,12.867798,-12.491228,8.507603,14.450044,13.224867,-9.913269,7.457835,-9.96745,8.243105
727,tired,tired03ADDCFB-354E-416D-BF32-260CF47F7060-1433658024-1.1-f-04-ti_pitch-1.wav,./Aug/tired03ADDCFB-354E-416D-BF32-260CF47F7060-1433658024-1.1-f-04-ti_pitch-1.wav,7.0,0.06588742136955261,0.04360392317175865,0.11772751966059603,0.035896536365581544,182.74548052465164,67.89177537245223,-312.91556,89.36287,168.93765,38.94069,-106.70656,46.25789,-17.922049,11.47512,24.129934,22.324259,-51.3802,18.49847,-13.899495,15.958891,7.663238,10.920439,-29.895609,12.932148,-1.149079,12.04844,11.9138365,10.940992,-16.890406,9.403925,-4.916664,10.977656
728,tired,tired03ADDCFB-354E-416D-BF32-260CF47F7060-1433658024-1.1-f-04-ti_pitch1.wav,./Aug/tired03ADDCFB-354E-416D-BF32-260CF47F7060-1433658024-1.1-f-04-ti_pitch1.wav,7.0,0.06527417153120041,0.04302377998828888,0.13155946036837748,0.04244445752328164,195.66449006258412,76.67493609717972,-307.08072,91.851906,154.45335,32.779495,-119.862144,48.01469,-0.41671935,17.767332,7.407395,19.01396,-56.824924,19.637287,5.8031216,17.58006,-4.0909605,9.94414,-25.481886,10.050651,14.435579,16.524704,-7.429335,8.428833,-17.553045,9.279419,6.812394,14.7431
729,tired,tired03ADDCFB-354E-416D-BF32-260CF47F7060-1433658024-1.1-f-04-ti_pitch2.wav,./Aug/tired03ADDCFB-354E-416D-BF32-260CF47F7060-1433658024-1.1-f-04-ti_pitch2.wav,7.0,0.06461729854345322,0.04265999048948288,0.14127334695778146,0.04312077998886119,201.26174869199718,80.02032092152405,-304.17462,94.16661,148.75406,31.110748,-125.783966,47.36076,9.908617,21.921509,-1.6832671,17.270454,-55.75368,19.417774,13.216003,17.162794,-13.202787,11.200267,-19.289143,9.699236,16.116304,16.42347,-17.05288,9.871542,-8.529513,11.379742,10.442925,14.98788
730,tired,tired03ADDCFB-354E-416D-BF32-260CF47F7060-1433658024-1.1-f-04-ti_speed0.9.wav,./Aug/tired03ADDCFB-354E-416D-BF32-260CF47F7060-1433658024-1.1-f-04-ti_speed0.9.wav,7.777777777777778,0.0647873505949974,0.04350251331925392,0.12620102611940298,0.04010615345802903,193.49889294130045,72.08615156392997,-304.69693,89.86278,152.67506,35.187622,-109.03295,48.07393,-9.63135,14.528198,15.3981285,20.781605,-53.490784,19.22954,-4.8082724,17.071507,2.0233247,9.8359165,-28.053905,11.377235,7.87628,14.601877,3.491537,8.338566,-19.307909,9.716797,0.30899602,13.6042595
731,tired,tired03ADDCFB-354E-416D-BF32-260CF47F7060-1433658024-1.1-f-04-ti_speed1.1.wav,./Aug/tired03ADDCFB-354E-416D-BF32-260CF47F7060-1433658024-1.1-f-04-ti_speed1.1.wav,6.363628117913832,0.06640339642763138,0.044104013592004776,0.12308416193181818,0.037623432311837804,196.93073529451308,68.41784921290257,-306.60095,90.56249,161.44191,36.21122,-112.31931,47.205063,-8.587569,14.21336,16.803955,20.64391,-55.40573,18.73444,-4.6742153,17.102745,2.0150962,9.9101,-29.3525,11.9907055,8.428183,14.438797,3.7447283,7.8067546,-20.347452,9.661542,0.36611822,13.811258
732,tired,tired03ADDCFB-354E-416D-BF32-260CF47F7060-1433658024-1.1-f-04-ti_noise286.wav,./Aug/tired03ADDCFB-354E-416D-BF32-260CF47F7060-1433658024-1.1-f-04-ti_noise286.wav,7.0,0.09477637708187103,0.06250716000795364,0.16640204625413907,0.09847993547600324,197.72469088741988,70.694860838887,-204.23364,79.2422,83.11601,33.905685,-67.24651,42.548054,-13.650323,12.265792,4.6061673,19.741825,-35.696808,16.772856,-9.263468,14.131899,-0.4104699,8.5633745,-17.150455,11.670014,2.9589415,11.242877,3.2636006,8.071822,-12.137568,9.022278,-2.466068,11.036564
733,tired,tired03ADDCFB-354E-416D-BF32-260CF47F7060-1433658024-1.1-f-04-ti_noise286.wav,./Aug/tired03ADDCFB-354E-416D-BF32-260CF47F7060-1433658024-1.1-f-04-ti_noise286.wav,7.0,0.09477637708187103,0.06250716000795364,0.16640204625413907,0.09847993547600324,197.72469088741988,70.694860838887,-204.23364,79.2422,83.11601,33.905685,-67.24651,42.548054,-13.650323,12.265792,4.6061673,19.741825,-35.696808,16.772856,-9.263468,14.131899,-0.4104699,8.5633745,-17.150455,11.670014,2.9589415,11.242877,3.2636006,8.071822,-12.137568,9.022278,-2.466068,11.036564
734,tired,tired03ADDCFB-354E-416D-BF32-260CF47F7060-1433658024-1.1-f-04-ti_noise286.wav,./Aug/tired03ADDCFB-354E-416D-BF32-260CF47F7060-1433658024-1.1-f-04-ti_noise286.wav,7.0,0.09477637708187103,0.06250716000795364,0.16640204625413907,0.09847993547600324,197.72469088741988,70.694860838887,-204.23364,79.2422,83.11601,33.905685,-67.24651,42.548054,-13.650323,12.265792,4.6061673,19.741825,-35.696808,16.772856,-9.263468,14.131899,-0.4104699,8.5633745,-17.150455,11.670014,2.9589415,11.242877,3.2636006,8.071822,-12.137568,9.022278,-2.466068,11.036564
735,tired,tired03ADDCFB-354E-416D-BF32-260CF47F7060-1433658024-1.1-f-04-ti_noise286.wav,./Aug/tired03ADDCFB-354E-416D-BF32-260CF47F7060-1433658024-1.1-f-04-ti_noise286.wav,7.0,0.09477637708187103,0.06250716000795364,0.16640204625413907,0.09847993547600324,197.72469088741988,70.694860838887,-204.23364,79.2422,83.11601,33.905685,-67.24651,42.548054,-13.650323,12.265792,4.6061673,19.741825,-35.696808,16.772856,-9.263468,14.131899,-0.4104699,8.5633745,-17.150455,11.670014,2.9589415,11.242877,3.2636006,8.071822,-12.137568,9.022278,-2.466068,11.036564
736,tired,tiredeea17285-4ab9-4d34-a2f5-55fc8c866ac6-1431887695278-1.7-f-26-ti_pitch-2.wav,./Aug/tiredeea17285-4ab9-4d34-a2f5-55fc8c866ac6-1431887695278-1.7-f-26-ti_pitch-2.wav,6.92,0.0009240319486707449,0.0006313164485618472,0.05170882107023411,0.03510791700936179,94.31342850519091,37.26969852720144,-684.0701,58.939285,172.85663,36.312134,-34.421978,13.819377,14.909972,10.428334,46.887115,11.062176,-13.881719,8.530543,4.395884,7.906512,22.628244,8.566629,-15.243171,7.805006,-1.996903,5.9473877,17.79481,7.6642895,-9.900732,6.52664,-7.407284,5.763655
737,tired,tiredeea17285-4ab9-4d34-a2f5-55fc8c866ac6-1431887695278-1.7-f-26-ti_pitch-1.wav,./Aug/tiredeea17285-4ab9-4d34-a2f5-55fc8c866ac6-1431887695278-1.7-f-26-ti_pitch-1.wav,6.92,0.0009299649973399937,0.0006607177783735096,0.055334186872909696,0.03515638077707764,97.63649886797349,42.419980999872486,-678.15295,61.38417,169.9329,35.83024,-37.68475,13.85447,22.585575,10.715597,41.581207,10.639783,-18.33033,8.742583,10.88537,9.2763815,16.684809,7.7242675,-18.91048,7.954143,6.9490023,7.2282605,13.105734,6.750831,-14.988999,7.174251,1.1504763,5.691352
738,tired,tiredeea17285-4ab9-4d34-a2f5-55fc8c866ac6-1431887695278-1.7-f-26-ti_pitch1.wav,./Aug/tiredeea17285-4ab9-4d34-a2f5-55fc8c866ac6-1431887695278-1.7-f-26-ti_pitch1.wav,6.92,0.000990958302281797,0.0006874680402688682,0.060136980037625416,0.04119893608649549,110.46595506622945,36.48391013471073,-666.4827,58.607132,161.54575,33.488556,-41.775776,14.333753,36.845875,12.405803,29.013186,8.605138,-20.566341,8.911275,21.474348,10.635632,-0.027631652,7.1256576,-16.16038,7.0005336,17.388973,7.9980493,-5.294703,6.1434364,-10.982498,6.8197036,10.32254,6.501313
739,tired,tiredeea17285-4ab9-4d34-a2f5-55fc8c866ac6-1431887695278-1.7-f-26-ti_pitch2.wav,./Aug/tiredeea17285-4ab9-4d34-a2f5-55fc8c866ac6-1431887695278-1.7-f-26-ti_pitch2.wav,6.92,0.0009665464167483151,0.0007347947685047984,0.06693209134615384,0.04908219680593197,115.2866109088232,44.04176786336027,-661.94696,63.404068,156.55083,33.943657,-43.575203,15.947718,41.705452,12.796869,20.219736,9.106831,-19.65421,9.610492,23.361992,11.309505,-8.123247,8.015544,-9.723943,7.2277827,16.619425,7.993902,-14.670752,7.809061,-4.1389685,6.245946,8.215412,5.6923676
740,tired,tiredeea17285-4ab9-4d34-a2f5-55fc8c866ac6-1431887695278-1.7-f-26-ti_speed0.9.wav,./Aug/tiredeea17285-4ab9-4d34-a2f5-55fc8c866ac6-1431887695278-1.7-f-26-ti_speed0.9.wav,7.688888888888889,0.000984754180535674,0.00085489172488451,0.06080131071159638,0.043377447030939646,102.44502329982902,36.19081826644698,-672.1447,57.592888,163.99776,35.519337,-40.02493,14.7269945,29.924185,11.906585,35.331436,9.631859,-20.156075,9.305748,17.14012,9.450903,8.471656,7.099393,-19.512432,8.207514,12.596832,8.254977,2.3813024,5.3705463,-17.002497,8.094646,7.3050513,6.3995194
741,tired,tiredeea17285-4ab9-4d34-a2f5-55fc8c866ac6-1431887695278-1.7-f-26-ti_speed1.1.wav,./Aug/tiredeea17285-4ab9-4d34-a2f5-55fc8c866ac6-1431887695278-1.7-f-26-ti_speed1.1.wav,6.29092970521542,0.0008874869672581553,0.0006899379077367485,0.06177748789206642,0.03792467949410439,106.84196224306585,39.02720458213381,-672.95953,60.46904,164.42981,35.63263,-40.38774,15.229351,29.66585,12.034622,35.30109,9.592603,-20.660168,9.22209,16.630583,10.380501,8.496116,6.9814615,-19.185652,7.836647,12.422585,7.772452,2.5810974,5.1465235,-16.770908,7.4471254,7.691752,5.920811
742,tired,tiredeea17285-4ab9-4d34-a2f5-55fc8c866ac6-1431887695278-1.7-f-26-ti_noise286.wav,./Aug/tiredeea17285-4ab9-4d34-a2f5-55fc8c866ac6-1431887695278-1.7-f-26-ti_noise286.wav,6.92,0.0014079597312957048,0.0010993594769388437,0.08022183319397994,0.09063142928265686,105.20799254489968,32.837405478478956,-592.9137,45.724915,122.138695,30.96417,-15.498834,11.909549,23.860369,11.537302,27.661263,9.072868,-10.443951,8.266712,11.383622,9.528717,6.2275953,6.9822893,-12.820755,7.2608857,8.492497,7.856794,2.9168487,5.447106,-12.546328,6.81905,3.424682,5.938587
743,tired,tiredeea17285-4ab9-4d34-a2f5-55fc8c866ac6-1431887695278-1.7-f-26-ti_noise286.wav,./Aug/tiredeea17285-4ab9-4d34-a2f5-55fc8c866ac6-1431887695278-1.7-f-26-ti_noise286.wav,6.92,0.0014079597312957048,0.0010993594769388437,0.08022183319397994,0.09063142928265686,105.20799254489968,32.837405478478956,-592.9137,45.724915,122.138695,30.96417,-15.498834,11.909549,23.860369,11.537302,27.661263,9.072868,-10.443951,8.266712,11.383622,9.528717,6.2275953,6.9822893,-12.820755,7.2608857,8.492497,7.856794,2.9168487,5.447106,-12.546328,6.81905,3.424682,5.938587
744,tired,tiredeea17285-4ab9-4d34-a2f5-55fc8c866ac6-1431887695278-1.7-f-26-ti_noise286.wav,./Aug/tiredeea17285-4ab9-4d34-a2f5-55fc8c866ac6-1431887695278-1.7-f-26-ti_noise286.wav,6.92,0.0014079597312957048,0.0010993594769388437,0.08022183319397994,0.09063142928265686,105.20799254489968,32.837405478478956,-592.9137,45.724915,122.138695,30.96417,-15.498834,11.909549,23.860369,11.537302,27.661263,9.072868,-10.443951,8.266712,11.383622,9.528717,6.2275953,6.9822893,-12.820755,7.2608857,8.492497,7.856794,2.9168487,5.447106,-12.546328,6.81905,3.424682,5.938587
745,tired,tiredeea17285-4ab9-4d34-a2f5-55fc8c866ac6-1431887695278-1.7-f-26-ti_noise286.wav,./Aug/tiredeea17285-4ab9-4d34-a2f5-55fc8c866ac6-1431887695278-1.7-f-26-ti_noise286.wav,6.92,0.0014079597312957048,0.0010993594769388437,0.08022183319397994,0.09063142928265686,105.20799254489968,32.837405478478956,-592.9137,45.724915,122.138695,30.96417,-15.498834,11.909549,23.860369,11.537302,27.661263,9.072868,-10.443951,8.266712,11.383622,9.528717,6.2275953,6.9822893,-12.820755,7.2608857,8.492497,7.856794,2.9168487,5.447106,-12.546328,6.81905,3.424682,5.938587
746,tired,tiredd6cda191-4962-4308-9a36-46d5648a95ed-1431587887997-1.7-m-04-ti_pitch-2.wav,./Aug/tiredd6cda191-4962-4308-9a36-46d5648a95ed-1431587887997-1.7-m-04-ti_pitch-2.wav,6.82,0.06127724051475525,0.09265530109405518,0.1324039381377551,0.032099563507434356,164.57575567594168,76.15169849781601,-405.7549,110.67062,69.626114,60.30511,-60.744152,58.831364,-34.745747,32.106407,3.0614643,19.300741,-19.952091,16.530752,-11.286984,12.331215,11.633554,9.310821,0.49825448,8.252523,-2.3035765,7.378212,5.379867,7.3249855,-3.9964674,8.590794,-6.9153767,7.0546074
747,tired,tiredd6cda191-4962-4308-9a36-46d5648a95ed-1431587887997-1.7-m-04-ti_pitch-1.wav,./Aug/tiredd6cda191-4962-4308-9a36-46d5648a95ed-1431587887997-1.7-m-04-ti_pitch-1.wav,6.82,0.05852359160780907,0.0887218564748764,0.1396750106292517,0.033126873301374524,163.2842168027569,74.64015619054855,-406.7902,113.07275,66.780464,57.10265,-65.45022,62.361473,-30.299965,28.460085,2.4100459,19.206665,-22.757622,18.1084,-5.690295,9.895939,13.450101,9.810645,-1.7130241,9.389056,-0.05721947,5.8488,3.3879445,8.053676,-8.481732,9.913739,-5.2839174,7.3034425
748,tired,tiredd6cda191-4962-4308-9a36-46d5648a95ed-1431587887997-1.7-m-04-ti_pitch1.wav,./Aug/tiredd6cda191-4962-4308-9a36-46d5648a95ed-1431587887997-1.7-m-04-ti_pitch1.wav,6.82,0.060340117663145065,0.09313071519136429,0.15549930909863946,0.03543969690227294,172.6824842763698,79.63853670816238,-398.9262,114.23961,52.940414,48.39431,-70.91286,67.60601,-21.122004,23.823584,-0.044688113,16.900837,-21.058767,19.832605,5.8394294,8.030024,9.232612,8.226284,-6.8615937,9.976142,0.8209359,7.0828686,-4.5822835,8.733656,-9.162389,9.856371,1.0258882,7.0216994
749,tired,tiredd6cda191-4962-4308-9a36-46d5648a95ed-1431587887997-1.7-m-04-ti_pitch2.wav,./Aug/tiredd6cda191-4962-4308-9a36-46d5648a95ed-1431587887997-1.7-m-04-ti_pitch2.wav,6.82,0.056658465415239334,0.08282773941755295,0.16602891156462585,0.03764171532404499,176.4356116950281,81.60032206139772,-405.33838,117.817184,49.45066,45.02029,-76.14975,70.31041,-16.156515,21.86854,-1.3140063,15.929585,-19.203403,19.629578,12.137942,9.683659,6.367821,7.843618,-7.762726,9.118019,1.1333829,8.294271,-7.8577223,9.375401,-6.0005465,8.764805,3.3711941,6.818175
750,tired,tiredd6cda191-4962-4308-9a36-46d5648a95ed-1431587887997-1.7-m-04-ti_speed0.9.wav,./Aug/tiredd6cda191-4962-4308-9a36-46d5648a95ed-1431587887997-1.7-m-04-ti_speed0.9.wav,7.5777777777777775,0.06098073720932007,0.09313484281301498,0.14799700162461774,0.03421564299730245,176.5741786369734,76.64932223910772,-410.57675,116.86721,62.38238,54.481163,-70.96076,65.6999,-25.761757,25.385904,2.1512442,18.64187,-22.805004,19.905197,1.1209434,8.498583,12.8837595,9.148045,-5.143029,10.2766285,0.68078876,6.0897427,-0.15858613,8.717655,-10.114678,9.861345,-1.9719526,7.321032
751,tired,tiredd6cda191-4962-4308-9a36-46d5648a95ed-1431587887997-1.7-m-04-ti_speed1.1.wav,./Aug/tiredd6cda191-4962-4308-9a36-46d5648a95ed-1431587887997-1.7-m-04-ti_speed1.1.wav,6.2,0.05964084714651108,0.08894119411706924,0.14800934293376866,0.03523156415105687,173.2825993053434,78.59483616285078,-406.8695,115.97641,62.334435,54.056854,-70.03796,65.32508,-25.720045,25.29129,1.4120228,18.47482,-23.457376,19.81619,0.6819583,8.281236,12.791894,9.163672,-4.579995,10.493396,1.1167895,6.234592,-0.41157737,8.01662,-10.547909,10.4649515,-2.3604655,7.2520537
752,tired,tiredd6cda191-4962-4308-9a36-46d5648a95ed-1431587887997-1.7-m-04-ti_noise286.wav,./Aug/tiredd6cda191-4962-4308-9a36-46d5648a95ed-1431587887997-1.7-m-04-ti_noise286.wav,6.82,0.08819427341222763,0.12940114736557007,0.32416726456207484,0.1672443586210836,149.3597093139146,86.20356813925146,-271.7397,74.20765,27.36906,34.180996,-43.15394,48.22311,-20.728365,25.00981,0.43139088,14.183541,-10.867359,13.280332,-1.0056013,7.1994505,7.8527856,8.5978155,-0.5726092,6.1912675,-0.6973125,5.095563,-0.63683397,6.7427483,-5.6672606,7.8544073,-2.6873777,6.9977875
753,tired,tiredd6cda191-4962-4308-9a36-46d5648a95ed-1431587887997-1.7-m-04-ti_noise286.wav,./Aug/tiredd6cda191-4962-4308-9a36-46d5648a95ed-1431587887997-1.7-m-04-ti_noise286.wav,6.82,0.08819427341222763,0.12940114736557007,0.32416726456207484,0.1672443586210836,149.3597093139146,86.20356813925146,-271.7397,74.20765,27.36906,34.180996,-43.15394,48.22311,-20.728365,25.00981,0.43139088,14.183541,-10.867359,13.280332,-1.0056013,7.1994505,7.8527856,8.5978155,-0.5726092,6.1912675,-0.6973125,5.095563,-0.63683397,6.7427483,-5.6672606,7.8544073,-2.6873777,6.9977875
754,tired,tiredd6cda191-4962-4308-9a36-46d5648a95ed-1431587887997-1.7-m-04-ti_noise286.wav,./Aug/tiredd6cda191-4962-4308-9a36-46d5648a95ed-1431587887997-1.7-m-04-ti_noise286.wav,6.82,0.08819427341222763,0.12940114736557007,0.32416726456207484,0.1672443586210836,149.3597093139146,86.20356813925146,-271.7397,74.20765,27.36906,34.180996,-43.15394,48.22311,-20.728365,25.00981,0.43139088,14.183541,-10.867359,13.280332,-1.0056013,7.1994505,7.8527856,8.5978155,-0.5726092,6.1912675,-0.6973125,5.095563,-0.63683397,6.7427483,-5.6672606,7.8544073,-2.6873777,6.9977875
755,tired,tiredd6cda191-4962-4308-9a36-46d5648a95ed-1431587887997-1.7-m-04-ti_noise286.wav,./Aug/tiredd6cda191-4962-4308-9a36-46d5648a95ed-1431587887997-1.7-m-04-ti_noise286.wav,6.82,0.08819427341222763,0.12940114736557007,0.32416726456207484,0.1672443586210836,149.3597093139146,86.20356813925146,-271.7397,74.20765,27.36906,34.180996,-43.15394,48.22311,-20.728365,25.00981,0.43139088,14.183541,-10.867359,13.280332,-1.0056013,7.1994505,7.8527856,8.5978155,-0.5726092,6.1912675,-0.6973125,5.095563,-0.63683397,6.7427483,-5.6672606,7.8544073,-2.6873777,6.9977875
