,Category,File name,Path,mfcc mean,duration,rmsmean,rmsstd,zcr_mean,zcr_std,f0_mean,f0_std
0,hungry,F3BAEDDA-CDC0-4A65-90EE-5C372CEE4F3B-1437012059-1.1-m-26-hu.wav,C:\Users\Lenovo\Desktop\Mindcloud\Final project\ML model\initial\hungry\F3BAEDDA-CDC0-4A65-90EE-5C372CEE4F3B-1437012059-1.1-m-26-hu.wav,-16.615408,7.0,0.08337027579545975,0.06638790667057037,0.29578746448863635,0.147381539688637,195.2971673089331,62.48121402341162
1,hungry,FAE74A94-9968-43ED-958C-50D7C4C1F13C-1430770871-1.0-f-22-hu.wav,C:\Users\Lenovo\Desktop\Mindcloud\Final project\ML model\initial\hungry\FAE74A94-9968-43ED-958C-50D7C4C1F13C-1430770871-1.0-f-22-hu.wav,-31.312334,7.0,0.07913956791162491,0.0829027071595192,0.1538973721590909,0.06332899086484131,209.24274429399586,42.14212770272896
2,hungry,4be720ce-a5e5-4a48-930f-a212f8a239f6-1434737668804-1.7-f-48-hu.wav,C:\Users\Lenovo\Desktop\Mindcloud\Final project\ML model\initial\hungry\4be720ce-a5e5-4a48-930f-a212f8a239f6-1434737668804-1.7-f-48-hu.wav,-34.928104,6.78,0.00841466523706913,0.015641164034605026,0.21482993071933962,0.05809371759437135,170.45177750972005,77.42789584622167
3,hungry,bb2bdafb-0477-4be4-8c41-1a6192e8c6d4-1430637663087-1.7-m-72-hu.wav,C:\Users\Lenovo\Desktop\Mindcloud\Final project\ML model\initial\hungry\bb2bdafb-0477-4be4-8c41-1a6192e8c6d4-1430637663087-1.7-m-72-hu.wav,-20.991009,6.66,0.06930455565452576,0.06253181397914886,0.1969215029761905,0.08593876624054249,189.3749752881334,62.1162180394682
4,hungry,40a4c760-facf-4911-b0a6-22eccc3ab18d-1430477717469-1.7-f-26-hu.wav,C:\Users\Lenovo\Desktop\Mindcloud\Final project\ML model\initial\hungry\40a4c760-facf-4911-b0a6-22eccc3ab18d-1430477717469-1.7-f-26-hu.wav,-10.746532,7.06,0.24973085522651672,0.14032025635242462,0.47191283079954954,0.22923436688875878,175.0130131372836,64.81633208472742
5,hungry,40a4c760-facf-4911-b0a6-22eccc3ab18d-1430477726097-1.7-f-26-hu.wav,C:\Users\Lenovo\Desktop\Mindcloud\Final project\ML model\initial\hungry\40a4c760-facf-4911-b0a6-22eccc3ab18d-1430477726097-1.7-f-26-hu.wav,-12.339449,7.06,0.2447967380285263,0.1160498857498169,0.46274985923423423,0.23305665714414248,203.04244187733696,70.81676626024553
6,hungry,815af07e-4c31-4032-8bd1-dab6e60c879e-1433156413683-1.7-m-04-hu.wav,C:\Users\Lenovo\Desktop\Mindcloud\Final project\ML model\initial\hungry\815af07e-4c31-4032-8bd1-dab6e60c879e-1433156413683-1.7-m-04-hu.wav,-23.00657,6.94,0.14473991096019745,0.10297566652297974,0.41537503583715596,0.1262960993163824,203.47023253095782,64.07267958882109
7,hungry,5728DDD6-149B-412F-A14B-C29B9B5E415F-1432635069-1.0-m-26-hu.wav,C:\Users\Lenovo\Desktop\Mindcloud\Final project\ML model\initial\hungry\5728DDD6-149B-412F-A14B-C29B9B5E415F-1432635069-1.0-m-26-hu.wav,-20.295206,7.0,0.060381148010492325,0.04773303121328354,0.22842240767045455,0.04274219633233039,195.4063408765926,61.67379786122194
8,hungry,86c2b87a-ae7c-46a3-b6fb-7ebe748812cf-1430036547966-1.7-m-04-hu.wav,C:\Users\Lenovo\Desktop\Mindcloud\Final project\ML model\initial\hungry\86c2b87a-ae7c-46a3-b6fb-7ebe748812cf-1430036547966-1.7-m-04-hu.wav,-13.153086,7.04,0.045445263385772705,0.0271966103464365,0.18889446086711711,0.10210770619580004,136.24988873340652,74.65402088605425
9,hungry,c6fd9d60-0fa7-44c0-b3ce-0192527d7b81-1429978271017-1.7-m-04-hu.wav,C:\Users\Lenovo\Desktop\Mindcloud\Final project\ML model\initial\hungry\c6fd9d60-0fa7-44c0-b3ce-0192527d7b81-1429978271017-1.7-m-04-hu.wav,-22.452406,6.78,0.05710873007774353,0.07325956970453262,0.1577056308962264,0.07881162186473337,192.3524922777122,71.74420084314488
10,hungry,3d3e244d-20b1-4ec3-9732-92dcd14ff35a-1436961241219-1.7-m-72-hu.wav,C:\Users\Lenovo\Desktop\Mindcloud\Final project\ML model\initial\hungry\3d3e244d-20b1-4ec3-9732-92dcd14ff35a-1436961241219-1.7-m-72-hu.wav,-1.7426279,6.66,0.16050679981708527,0.0603497251868248,0.09052269345238095,0.07483275689506044,123.57826255104796,39.15868595037789
11,hungry,42ec6f14-6ba6-457f-8a80-101ee201195c-1431345009828-1.7-m-22-hu.wav,C:\Users\Lenovo\Desktop\Mindcloud\Final project\ML model\initial\hungry\42ec6f14-6ba6-457f-8a80-101ee201195c-1431345009828-1.7-m-22-hu.wav,-43.905693,7.06,0.0012940251035615802,0.0008557562832720578,0.33174971846846846,0.12956494894246617,194.46427522948488,81.1346453300372
12,hungry,70d30513-0ec3-49e4-9976-e85785e85c2d-1431033405793-1.7-m-04-hu.wav,C:\Users\Lenovo\Desktop\Mindcloud\Final project\ML model\initial\hungry\70d30513-0ec3-49e4-9976-e85785e85c2d-1431033405793-1.7-m-04-hu.wav,-22.626238,6.96,0.10829771310091019,0.09132973849773407,0.3167601419151376,0.1603193035170924,186.4178508514981,75.72225615066357
13,hungry,415d69b4-6d84-4bf8-97b0-10f8f108dc1d-1430739498797-1.7-m-04-hu.wav,C:\Users\Lenovo\Desktop\Mindcloud\Final project\ML model\initial\hungry\415d69b4-6d84-4bf8-97b0-10f8f108dc1d-1430739498797-1.7-m-04-hu.wav,-26.745998,7.06,0.007761974819004536,0.002787261502817273,0.2725973043355856,0.10422722036572979,172.23391048987781,83.89597346303678
14,hungry,a7b13b65-da2c-48ec-8aed-46adcaba705f-1430823489236-1.7-f-26-hu.wav,C:\Users\Lenovo\Desktop\Mindcloud\Final project\ML model\initial\hungry\a7b13b65-da2c-48ec-8aed-46adcaba705f-1430823489236-1.7-f-26-hu.wav,-13.307655,6.94,0.18476231396198273,0.1103617250919342,0.24044939793577982,0.12856523448615068,193.99754233609875,63.070129785330835
15,hungry,10A40438-09AA-4A21-83B4-8119F03F7A11-1430848070-1.0-f-26-hu.wav,C:\Users\Lenovo\Desktop\Mindcloud\Final project\ML model\initial\hungry\10A40438-09AA-4A21-83B4-8119F03F7A11-1430848070-1.0-f-26-hu.wav,-12.1433325,7.0,0.12066085636615753,0.0592878982424736,0.478759765625,0.1384067986237734,200.38002957798932,62.56936575570844
16,discomfort,ae5a462b-5424-4b5b-82d5-07ccb61654ab-1431064345173-1.7-f-48-dc.wav,C:\Users\Lenovo\Desktop\Mindcloud\Final project\ML model\initial\discomfort\ae5a462b-5424-4b5b-82d5-07ccb61654ab-1431064345173-1.7-f-48-dc.wav,-34.62586,6.9,0.017000243067741394,0.020525185391306877,0.36734573929398145,0.1538295018568579,168.99814461996175,77.71163309355427
17,hungry,539FDD32-6326-422E-A707-FCF063D3426C-1437073544-1.1-f-26-hu.wav,C:\Users\Lenovo\Desktop\Mindcloud\Final project\ML model\initial\hungry\539FDD32-6326-422E-A707-FCF063D3426C-1437073544-1.1-f-26-hu.wav,-18.422256,7.0,0.1692122519016266,0.10242903232574463,0.14702592329545455,0.02156958919128173,242.45202223861736,60.444063912413625
18,hungry,415d69b4-6d84-4bf8-97b0-10f8f108dc1d-1430739528719-1.7-m-04-hu.wav,C:\Users\Lenovo\Desktop\Mindcloud\Final project\ML model\initial\hungry\415d69b4-6d84-4bf8-97b0-10f8f108dc1d-1430739528719-1.7-m-04-hu.wav,-31.871223,7.06,0.004760569892823696,0.002073617884889245,0.2981638865427928,0.12029738688307234,162.91246526393485,64.73438163189289
19,hungry,e4051e62-d21d-4bb8-a235-fd7e859ad787-1430739655763-1.7-m-04-hu.wav,C:\Users\Lenovo\Desktop\Mindcloud\Final project\ML model\initial\hungry\e4051e62-d21d-4bb8-a235-fd7e859ad787-1430739655763-1.7-m-04-hu.wav,-24.777534,6.92,0.12778353691101074,0.08773725479841232,0.16746702981651376,0.06676043122926793,187.75777384269162,54.55896094664432
20,hungry,743E7CCA-D32B-40B6-9541-9808122D3F6B-1436860053-1.1-f-26-hu.wav,C:\Users\Lenovo\Desktop\Mindcloud\Final project\ML model\initial\hungry\743E7CCA-D32B-40B6-9541-9808122D3F6B-1436860053-1.1-f-26-hu.wav,-12.916856,7.0,0.19333340227603912,0.11660294979810715,0.34956498579545453,0.16449972634313212,188.7125777636823,54.696904191364354
21,discomfort,837fd072-8704-4196-9ff1-1d2c07886e55-1432429478471-1.7-m-22-dc.wav,C:\Users\Lenovo\Desktop\Mindcloud\Final project\ML model\initial\discomfort\837fd072-8704-4196-9ff1-1d2c07886e55-1432429478471-1.7-m-22-dc.wav,-29.691288,6.96,0.005000091623514891,0.0032346700318157673,0.13522702838302753,0.030903980071829314,138.7482636664663,50.547979524831305
22,hungry,4CD5903D-E2CE-401E-B898-D873C763F44B-1430727644-1.0-m-26-hu.wav,C:\Users\Lenovo\Desktop\Mindcloud\Final project\ML model\initial\hungry\4CD5903D-E2CE-401E-B898-D873C763F44B-1430727644-1.0-m-26-hu.wav,-33.02493,7.0,0.016105422750115395,0.019297664985060692,0.2642311789772727,0.05721480634797029,185.04990728104937,75.50544276016396
23,hungry,539FDD32-6326-422E-A707-FCF063D3426C-1437073534-1.1-f-26-hu.wav,C:\Users\Lenovo\Desktop\Mindcloud\Final project\ML model\initial\hungry\539FDD32-6326-422E-A707-FCF063D3426C-1437073534-1.1-f-26-hu.wav,-17.824959,7.0,0.11298666894435883,0.06279854476451874,0.23231090198863635,0.09913661036926379,231.37613053172203,57.33127338013396
24,hungry,8f4dbf5a-b504-4452-b6ac-94e646a6a052-1430735028906-1.7-f-72-hu.wav,C:\Users\Lenovo\Desktop\Mindcloud\Final project\ML model\initial\hungry\8f4dbf5a-b504-4452-b6ac-94e646a6a052-1430735028906-1.7-f-72-hu.wav,-28.549965,6.92,0.04277660697698593,0.041507527232170105,0.21125555475917432,0.1525683760621521,176.35840231854903,58.05087520548458
25,hungry,cda99fcf-d010-47b4-8987-f54be313ddbd-1429973787766-1.7-f-26-hu.wav,C:\Users\Lenovo\Desktop\Mindcloud\Final project\ML model\initial\hungry\cda99fcf-d010-47b4-8987-f54be313ddbd-1429973787766-1.7-f-26-hu.wav,-27.208113,6.94,0.03319748118519783,0.014751331880688667,0.21179311209862386,0.04855775363350219,200.1007979625706,84.19032400809664
26,hungry,C249BCDD-0F65-4D6A-82BE-43C4006E3DDB-1436891742-1.1-m-72-hu.wav,C:\Users\Lenovo\Desktop\Mindcloud\Final project\ML model\initial\hungry\C249BCDD-0F65-4D6A-82BE-43C4006E3DDB-1436891742-1.1-m-72-hu.wav,-27.416723,7.0,0.038859736174345016,0.044790118932724,0.28808149857954546,0.12256864714683272,186.64632088244244,72.22813502200786
27,discomfort,999bf14b-e417-4b44-b746-9253f81efe38-1430844979531-1.7-m-04-ch.wav,C:\Users\Lenovo\Desktop\Mindcloud\Final project\ML model\initial\discomfort\999bf14b-e417-4b44-b746-9253f81efe38-1430844979531-1.7-m-04-ch.wav,-31.199772,6.9,0.014027218334376812,0.02353956177830696,0.12612123842592593,0.05116398396516247,150.12690897504734,64.63253268232795
28,hungry,6639C63C-F634-489C-91B3-E3DB5930EFD5-1431370257-1.1-m-04-hu.wav,C:\Users\Lenovo\Desktop\Mindcloud\Final project\ML model\initial\hungry\6639C63C-F634-489C-91B3-E3DB5930EFD5-1431370257-1.1-m-04-hu.wav,-25.92571,7.0,0.1178324818611145,0.08473728597164154,0.13987926136363638,0.041103817620813624,207.93199978428788,42.759876048737816
29,hungry,d79affbc-f7b4-4ef0-ae57-be5da4b827bf-1430761528998-1.7-m-72-hu.wav,C:\Users\Lenovo\Desktop\Mindcloud\Final project\ML model\initial\hungry\d79affbc-f7b4-4ef0-ae57-be5da4b827bf-1430761528998-1.7-m-72-hu.wav,-33.031284,6.94,0.008522720076143742,0.005805915221571922,0.1646538130733945,0.0685030549386369,216.41877666381163,52.64353201416154
30,tired,5B416CE8-2591-4531-9ADC-86D085B5D48B-1430144827-1.0-m-48-ti.wav,C:\Users\Lenovo\Desktop\Mindcloud\Final project\ML model\initial\tired\5B416CE8-2591-4531-9ADC-86D085B5D48B-1430144827-1.0-m-48-ti.wav,-29.353743,7.0,0.019066594541072845,0.01973421312868595,0.1851873224431818,0.032950824120854164,160.89021150922594,68.64472091532599
31,hungry,323cab80-2551-4a46-8c3d-62c7a5264afa-1430382588301-1.7-m-22-hu.wav,C:\Users\Lenovo\Desktop\Mindcloud\Final project\ML model\initial\hungry\323cab80-2551-4a46-8c3d-62c7a5264afa-1430382588301-1.7-m-22-hu.wav,-19.427423,6.9,0.14731499552726746,0.08313264697790146,0.34156177662037035,0.05885398367649769,188.94400968403454,60.38808789070948
32,hungry,D54D9C2A-56ED-4338-9D1F-2ADB4E081DAD-1429807587-1.0-m-48-hu.wav,C:\Users\Lenovo\Desktop\Mindcloud\Final project\ML model\initial\hungry\D54D9C2A-56ED-4338-9D1F-2ADB4E081DAD-1429807587-1.0-m-48-hu.wav,-28.724104,7.0,0.03438575193285942,0.037160128355026245,0.29293767755681815,0.13088413913765043,192.45807478989218,76.45734794828351
33,hungry,ed31b187-34af-4ff1-979c-3b8a5905fb7b-1430044897699-1.7-f-48-hu.wav,C:\Users\Lenovo\Desktop\Mindcloud\Final project\ML model\initial\hungry\ed31b187-34af-4ff1-979c-3b8a5905fb7b-1430044897699-1.7-f-48-hu.wav,-22.761086,6.64,0.10309329628944397,0.10856545716524124,0.3477313701923077,0.17645491625147594,200.8139979601183,67.74773590182446
34,hungry,e1e640e2-78cb-4cb7-9ccc-93813bfc251c-1430738652322-1.7-m-72-hu.wav,C:\Users\Lenovo\Desktop\Mindcloud\Final project\ML model\initial\hungry\e1e640e2-78cb-4cb7-9ccc-93813bfc251c-1430738652322-1.7-m-72-hu.wav,-28.03156,6.92,0.04501281678676605,0.09506829082965851,0.19696548881880735,0.050391615905715274,201.2781809537025,71.90216031272296
35,tired,ca7d8d54-13cb-4060-8db4-90651b60c078-1434674792223-1.7-f-26-ti.wav,C:\Users\Lenovo\Desktop\Mindcloud\Final project\ML model\initial\tired\ca7d8d54-13cb-4060-8db4-90651b60c078-1434674792223-1.7-f-26-ti.wav,-29.369524,6.78,0.050131551921367645,0.05353132635354996,0.23251400353773585,0.13337040133044523,196.2805768373982,67.19092894243158
36,hungry,4cefc13c-e7c0-4b5a-bddb-c40c103e640a-1431583459308-1.7-f-26-hu.wav,C:\Users\Lenovo\Desktop\Mindcloud\Final project\ML model\initial\hungry\4cefc13c-e7c0-4b5a-bddb-c40c103e640a-1431583459308-1.7-f-26-hu.wav,-30.189878,6.78,0.05403818190097809,0.09492374956607819,0.23464217275943397,0.05010653841699552,207.2819990446206,69.87561768067748
37,hungry,2a0e6a88-b049-4f46-a3d6-d73ffae470d5-1430770144865-1.7-m-04-hu.wav,C:\Users\Lenovo\Desktop\Mindcloud\Final project\ML model\initial\hungry\2a0e6a88-b049-4f46-a3d6-d73ffae470d5-1430770144865-1.7-m-04-hu.wav,-26.185928,6.96,0.0189965907484293,0.015372952446341515,0.15882131594036697,0.07373492281207406,160.5855230380433,61.70398087268369
38,hungry,f896b69d-6241-4b51-9c45-0d628bc827c1-1430090255303-1.7-m-04-hu.wav,C:\Users\Lenovo\Desktop\Mindcloud\Final project\ML model\initial\hungry\f896b69d-6241-4b51-9c45-0d628bc827c1-1430090255303-1.7-m-04-hu.wav,-20.491903,6.92,0.09322161972522736,0.059892527759075165,0.1747643706995413,0.08407899659873914,227.06242565274215,80.00157939991611
39,hungry,7060a4f6-4c0c-494b-912c-ae60158b185a-1436931995150-1.7-f-04-hu.wav,C:\Users\Lenovo\Desktop\Mindcloud\Final project\ML model\initial\hungry\7060a4f6-4c0c-494b-912c-ae60158b185a-1436931995150-1.7-f-04-hu.wav,-21.530378,6.94,0.04624113440513611,0.03631541132926941,0.08826243549311927,0.026852406052763088,161.70861530944256,74.87373634583675
40,hungry,63CA92F7-973A-4DCA-A410-7B19811A2478-1430041884-1.0-f-26-hu.wav,C:\Users\Lenovo\Desktop\Mindcloud\Final project\ML model\initial\hungry\63CA92F7-973A-4DCA-A410-7B19811A2478-1430041884-1.0-f-26-hu.wav,-37.81775,7.0,0.0068181599490344524,0.00870617013424635,0.2181063565340909,0.06941838150200062,168.42515742910214,80.93664420886792
41,tired,06c4cfa2-7fa6-4fda-91a1-ea186a4acc64-1430029221058-1.7-f-26-ti.wav,C:\Users\Lenovo\Desktop\Mindcloud\Final project\ML model\initial\tired\06c4cfa2-7fa6-4fda-91a1-ea186a4acc64-1430029221058-1.7-f-26-ti.wav,-36.880894,6.68,0.022367287427186966,0.042359597980976105,0.32238188244047616,0.12381472209874819,189.40237594864587,66.89097508951012
42,hungry,cde108d0-62c3-47f8-82c4-233c9fba5cdd-1436884444242-1.7-m-48-hu.wav,C:\Users\Lenovo\Desktop\Mindcloud\Final project\ML model\initial\hungry\cde108d0-62c3-47f8-82c4-233c9fba5cdd-1436884444242-1.7-m-48-hu.wav,-15.8249655,6.86,0.22135010361671448,0.1339140385389328,0.42182978877314814,0.12752105596227967,174.00930433482114,47.45652104403259
43,hungry,177dc72e-d0f8-47ef-a5a7-3b46878e11a0-1430736533767-1.7-f-26-hu.wav,C:\Users\Lenovo\Desktop\Mindcloud\Final project\ML model\initial\hungry\177dc72e-d0f8-47ef-a5a7-3b46878e11a0-1430736533767-1.7-f-26-hu.wav,-23.582933,6.92,0.11774946749210358,0.12638671696186066,0.27319111955275227,0.10271704054649441,190.7900254058022,75.3598342687097
44,hungry,8FDA58A7-FDC6-4421-855F-738E6E853E43-1429895780-1.0-m-26-hu.wav,C:\Users\Lenovo\Desktop\Mindcloud\Final project\ML model\initial\hungry\8FDA58A7-FDC6-4421-855F-738E6E853E43-1429895780-1.0-m-26-hu.wav,-13.981855,7.0,0.2217523157596588,0.14907512068748474,0.3822576349431818,0.07531188726511126,232.02460245743458,66.65415287622481
45,hungry,9641D2D5-7D9F-41B2-8345-229AE9555FEC-1430022546-1.0-m-72-hu.wav,C:\Users\Lenovo\Desktop\Mindcloud\Final project\ML model\initial\hungry\9641D2D5-7D9F-41B2-8345-229AE9555FEC-1430022546-1.0-m-72-hu.wav,-26.443428,7.0,0.055997855961322784,0.035735975950956345,0.15077681107954546,0.07336356820205078,202.97674435779624,45.15535170869718
46,hungry,3bb2445a-9ae9-4dc8-9a2e-86c696ffa405-1430122005544-1.7-m-26-hu.wav,C:\Users\Lenovo\Desktop\Mindcloud\Final project\ML model\initial\hungry\3bb2445a-9ae9-4dc8-9a2e-86c696ffa405-1430122005544-1.7-m-26-hu.wav,-15.611581,6.86,0.12540265917778015,0.11037753522396088,0.25878002025462965,0.1213882671515619,198.58416454648335,61.43405673860836
47,hungry,999bf14b-e417-4b44-b746-9253f81efe38-1430972705879-1.7-m-26-hu.wav,C:\Users\Lenovo\Desktop\Mindcloud\Final project\ML model\initial\hungry\999bf14b-e417-4b44-b746-9253f81efe38-1430972705879-1.7-m-26-hu.wav,-39.06373,6.9,0.0037413558457046747,0.008665300905704498,0.12074110243055555,0.03709437096103674,128.04754795289878,50.2463708855294
48,hungry,24f94b49-c8bc-4ed2-b43a-80b099f12936-1430534429690-1.7-m-04-hu.wav,C:\Users\Lenovo\Desktop\Mindcloud\Final project\ML model\initial\hungry\24f94b49-c8bc-4ed2-b43a-80b099f12936-1430534429690-1.7-m-04-hu.wav,-12.219996,6.86,0.0749492272734642,0.05712759122252464,0.18797019675925927,0.09183079941874385,167.64275796504157,49.567349127532
49,hungry,602b06a7-31f0-4370-b35a-9cc81d205958-1430907796431-1.7-f-72-hu.wav,C:\Users\Lenovo\Desktop\Mindcloud\Final project\ML model\initial\hungry\602b06a7-31f0-4370-b35a-9cc81d205958-1430907796431-1.7-f-72-hu.wav,-31.572298,6.92,0.043766457587480545,0.07915124297142029,0.22451978211009174,0.0617959559134527,170.47504641544361,84.0815535162507
50,hungry,DCB33551-F9BA-4B4A-8DA1-A3107E1AD859-1430406483-1.0-m-04-hu.wav,C:\Users\Lenovo\Desktop\Mindcloud\Final project\ML model\initial\hungry\DCB33551-F9BA-4B4A-8DA1-A3107E1AD859-1430406483-1.0-m-04-hu.wav,-16.637428,7.0,0.06794273853302002,0.12217342853546143,0.2792036576704545,0.04699296824605187,139.4748802635383,74.52390714366813
51,hungry,bb2bdafb-0477-4be4-8c41-1a6192e8c6d4-1430637640279-1.7-m-72-hu.wav,C:\Users\Lenovo\Desktop\Mindcloud\Final project\ML model\initial\hungry\bb2bdafb-0477-4be4-8c41-1a6192e8c6d4-1430637640279-1.7-m-72-hu.wav,-20.799093,6.66,0.09957654774188995,0.07586496323347092,0.22640904017857144,0.07316480641614984,232.82486555112868,68.60660440765066
52,hungry,10A40438-09AA-4A21-83B4-8119F03F7A11-1430848060-1.0-f-26-hu.wav,C:\Users\Lenovo\Desktop\Mindcloud\Final project\ML model\initial\hungry\10A40438-09AA-4A21-83B4-8119F03F7A11-1430848060-1.0-f-26-hu.wav,-12.664249,7.0,0.12203442305326462,0.05664854496717453,0.3907981178977273,0.13101114752914403,229.54774042411702,57.86814937307791
53,hungry,5b49f19f-a3a7-411e-bb32-755da3cbd6f0-1430029991480-1.7-m-48-hu.wav,C:\Users\Lenovo\Desktop\Mindcloud\Final project\ML model\initial\hungry\5b49f19f-a3a7-411e-bb32-755da3cbd6f0-1430029991480-1.7-m-48-hu.wav,-13.692727,6.96,0.11722604185342789,0.10932990908622742,0.253341814793578,0.08607229710417973,141.09858802460516,59.80063630858657
54,hungry,653bf718-94bd-40d0-af7c-8fe44e07640c-1430759231913-1.7-m-04-hu.wav,C:\Users\Lenovo\Desktop\Mindcloud\Final project\ML model\initial\hungry\653bf718-94bd-40d0-af7c-8fe44e07640c-1430759231913-1.7-m-04-hu.wav,-21.145496,6.88,0.0775432288646698,0.06169437617063522,0.25094039351851855,0.14369801095182624,163.3582840123356,65.82034363980151
55,hungry,101c6709-39fb-44dc-b905-7cbeed5714a2-1434361963544-1.7-f-04-hu.wav,C:\Users\Lenovo\Desktop\Mindcloud\Final project\ML model\initial\hungry\101c6709-39fb-44dc-b905-7cbeed5714a2-1434361963544-1.7-f-04-hu.wav,-35.14871,6.96,0.008885078132152557,0.013964216224849224,0.34536267201834864,0.15516537432019276,199.0038805379242,93.32724288735355
56,hungry,E2C4BCE0-99FD-49EC-8AB1-5EA5DF7DD8C5-1430042952-1.0-m-04-hu.wav,C:\Users\Lenovo\Desktop\Mindcloud\Final project\ML model\initial\hungry\E2C4BCE0-99FD-49EC-8AB1-5EA5DF7DD8C5-1430042952-1.0-m-04-hu.wav,-29.066652,7.0,0.01704847440123558,0.020805835723876953,0.24615589488636364,0.07217220058969959,167.436256768804,78.18395306698667
57,hungry,40a4c760-facf-4911-b0a6-22eccc3ab18d-1430466164038-1.7-f-26-hu.wav,C:\Users\Lenovo\Desktop\Mindcloud\Final project\ML model\initial\hungry\40a4c760-facf-4911-b0a6-22eccc3ab18d-1430466164038-1.7-f-26-hu.wav,-15.890138,7.06,0.053503960371017456,0.05590306222438812,0.26067180461711714,0.08246720505088188,183.9401070148167,83.35009146450898
58,hungry,86c2b87a-ae7c-46a3-b6fb-7ebe748812cf-1430036562389-1.7-m-04-hu.wav,C:\Users\Lenovo\Desktop\Mindcloud\Final project\ML model\initial\hungry\86c2b87a-ae7c-46a3-b6fb-7ebe748812cf-1430036562389-1.7-m-04-hu.wav,-14.337819,7.06,0.07949524372816086,0.0736851766705513,0.18813344594594594,0.06453294264042089,146.88379534760503,73.1108054419064
59,hungry,D1CB71F9-EF76-49B3-A703-41D557444D21-1436863375-1.1-m-04-hu.wav,C:\Users\Lenovo\Desktop\Mindcloud\Final project\ML model\initial\hungry\D1CB71F9-EF76-49B3-A703-41D557444D21-1436863375-1.1-m-04-hu.wav,-18.37582,7.0,0.09989284723997116,0.06513131409883499,0.3441805752840909,0.11193678800413823,196.91118024090966,68.40595960193986
60,hungry,eccb4617-8373-4c4f-b49e-bb2d72bce8d8-1430035348191-1.7-m-26-hu.wav,C:\Users\Lenovo\Desktop\Mindcloud\Final project\ML model\initial\hungry\eccb4617-8373-4c4f-b49e-bb2d72bce8d8-1430035348191-1.7-m-26-hu.wav,-30.262636,6.9,0.024682678282260895,0.029956644400954247,0.2066017433449074,0.05839821362055346,207.4985418224593,77.5800379974742
61,hungry,FF2CD2F6-404D-4626-8718-6E6C751F63B8-1431104346-1.0-m-04-hu.wav,C:\Users\Lenovo\Desktop\Mindcloud\Final project\ML model\initial\hungry\FF2CD2F6-404D-4626-8718-6E6C751F63B8-1431104346-1.0-m-04-hu.wav,-25.236858,7.0,0.05272529274225235,0.03662429749965668,0.17726828835227273,0.03428816658057286,190.45658161012742,57.972265422295045
62,hungry,2ad6d558-32f2-4bfd-99c5-cbd31ee3bb11-1430064396119-1.7-m-72-hu.wav,C:\Users\Lenovo\Desktop\Mindcloud\Final project\ML model\initial\hungry\2ad6d558-32f2-4bfd-99c5-cbd31ee3bb11-1430064396119-1.7-m-72-hu.wav,-26.255522,6.72,0.03352734073996544,0.028378548100590706,0.1813458136792453,0.05819426542657779,199.90911511183256,67.87784906626611
63,hungry,40a4c760-facf-4911-b0a6-22eccc3ab18d-1430477780076-1.7-f-26-hu.wav,C:\Users\Lenovo\Desktop\Mindcloud\Final project\ML model\initial\hungry\40a4c760-facf-4911-b0a6-22eccc3ab18d-1430477780076-1.7-f-26-hu.wav,-9.53426,7.04,0.1854693740606308,0.09818518161773682,0.4149730785472973,0.17927100146365152,207.6066225871014,64.03993989617138
64,hungry,9090c7a3-bebc-4485-aafc-64e4298da3ac-1430109146143-1.7-f-26-hu.wav,C:\Users\Lenovo\Desktop\Mindcloud\Final project\ML model\initial\hungry\9090c7a3-bebc-4485-aafc-64e4298da3ac-1430109146143-1.7-f-26-hu.wav,-14.458875,7.02,0.26819872856140137,0.10935178399085999,0.22236772017045456,0.06386831064066066,211.9268254531152,63.33940292148034
65,hungry,30c2cee4-b682-4dcb-86b9-7fa6f36f1b66-1430728411287-1.7-f-72-hu.wav,C:\Users\Lenovo\Desktop\Mindcloud\Final project\ML model\initial\hungry\30c2cee4-b682-4dcb-86b9-7fa6f36f1b66-1430728411287-1.7-f-72-hu.wav,-25.294487,6.94,0.1062503531575203,0.10413287580013275,0.3417117617545872,0.12999179129095198,203.53230187583424,77.83383245175237
66,hungry,50DC5FBC-AC95-44F2-B55F-E4E5FB03AC96-1430007656-1.0-m-26-hu.wav,C:\Users\Lenovo\Desktop\Mindcloud\Final project\ML model\initial\hungry\50DC5FBC-AC95-44F2-B55F-E4E5FB03AC96-1430007656-1.0-m-26-hu.wav,-26.345394,7.0,0.043393734842538834,0.026122337207198143,0.2772771661931818,0.11869342820364295,198.66773677502414,63.392200406955055
67,hungry,A123AD65-38D3-4A65-AB37-330034765840-1430093710-1.0-m-04-hu.wav,C:\Users\Lenovo\Desktop\Mindcloud\Final project\ML model\initial\hungry\A123AD65-38D3-4A65-AB37-330034765840-1430093710-1.0-m-04-hu.wav,-24.42649,7.0,0.014765375293791294,0.010394282639026642,0.17887073863636363,0.09572617990297631,171.4859868231892,60.03756526444208
68,hungry,376C006E-3664-4056-80D0-7661F631A062-1436930593-1.1-m-26-hu.wav,C:\Users\Lenovo\Desktop\Mindcloud\Final project\ML model\initial\hungry\376C006E-3664-4056-80D0-7661F631A062-1436930593-1.1-m-26-hu.wav,-21.226645,7.0,0.06499402225017548,0.09228276461362839,0.24377219460227273,0.07471988811110242,188.92327403326067,67.20928749733089
69,hungry,990DE219-FCD1-4634-91CE-19AB93E5D2B0-1430214575-1.0-m-04-hu.wav,C:\Users\Lenovo\Desktop\Mindcloud\Final project\ML model\initial\hungry\990DE219-FCD1-4634-91CE-19AB93E5D2B0-1430214575-1.0-m-04-hu.wav,-28.94684,7.0,0.014461576007306576,0.006832492537796497,0.2349520596590909,0.041053242492886825,245.2937975520457,63.225915357304736
70,discomfort,f5b29377-7cd6-4688-942c-5a07add39dc5-1437480263225-1.7-f-26-dc.wav,C:\Users\Lenovo\Desktop\Mindcloud\Final project\ML model\initial\discomfort\f5b29377-7cd6-4688-942c-5a07add39dc5-1437480263225-1.7-f-26-dc.wav,-16.249067,7.06,0.20404645800590515,0.09565619379281998,0.31190614442567566,0.0968970215348681,209.23776969863803,59.29260738997733
71,hungry,2e25d0a5-0b2b-44ef-8491-e445b16ea75c-1430056332640-1.7-f-26-hu.wav,C:\Users\Lenovo\Desktop\Mindcloud\Final project\ML model\initial\hungry\2e25d0a5-0b2b-44ef-8491-e445b16ea75c-1430056332640-1.7-f-26-hu.wav,-42.501835,6.66,0.0032354588620364666,0.004037665668874979,0.28745814732142855,0.06781842171483769,154.4447302554131,86.5804317264844
72,hungry,090C15A8-5406-4EA5-97A3-81F6527227C0-1430147533-1.0-m-72-hu.wav,C:\Users\Lenovo\Desktop\Mindcloud\Final project\ML model\initial\hungry\090C15A8-5406-4EA5-97A3-81F6527227C0-1430147533-1.0-m-72-hu.wav,-30.381987,7.0,0.05876442790031433,0.08916036039590836,0.203955078125,0.0704473431673067,207.00728062765833,76.57219350627244
73,hungry,3bb2445a-9ae9-4dc8-9a2e-86c696ffa405-1430142760958-1.7-m-26-hu.wav,C:\Users\Lenovo\Desktop\Mindcloud\Final project\ML model\initial\hungry\3bb2445a-9ae9-4dc8-9a2e-86c696ffa405-1430142760958-1.7-m-26-hu.wav,-21.484959,6.92,0.0856875479221344,0.07174430042505264,0.33166391915137616,0.08680890733289617,214.38878023896604,59.691750018336606
74,hungry,DB95BF4A-E3E5-4429-A660-DBBCF486E6DF-1430664611-1.0-f-72-hu.wav,C:\Users\Lenovo\Desktop\Mindcloud\Final project\ML model\initial\hungry\DB95BF4A-E3E5-4429-A660-DBBCF486E6DF-1430664611-1.0-f-72-hu.wav,-35.74679,7.0,0.009293132461607456,0.00911238044500351,0.29780717329545453,0.11001592429130141,180.83175369940773,77.34723750721037
75,hungry,e1e640e2-78cb-4cb7-9ccc-93813bfc251c-1430738640598-1.7-m-72-hu.wav,C:\Users\Lenovo\Desktop\Mindcloud\Final project\ML model\initial\hungry\e1e640e2-78cb-4cb7-9ccc-93813bfc251c-1430738640598-1.7-m-72-hu.wav,-25.15664,6.92,0.05157984420657158,0.05373769626021385,0.29770821387614677,0.10057026410674987,190.56680207954443,81.266475740247
76,hungry,aaa57dbd-7b88-454a-963e-6faa2f4ed4e7-1436910225455-1.7-f-04-hu.wav,C:\Users\Lenovo\Desktop\Mindcloud\Final project\ML model\initial\hungry\aaa57dbd-7b88-454a-963e-6faa2f4ed4e7-1436910225455-1.7-f-04-hu.wav,-36.077225,7.04,0.01633330248296261,0.04674585163593292,0.19736680039414414,0.0856702522791469,129.8216504386591,78.04243905871539
77,hungry,40a4c760-facf-4911-b0a6-22eccc3ab18d-1430466176951-1.7-f-26-hu.wav,C:\Users\Lenovo\Desktop\Mindcloud\Final project\ML model\initial\hungry\40a4c760-facf-4911-b0a6-22eccc3ab18d-1430466176951-1.7-f-26-hu.wav,-17.359987,7.06,0.04322592541575432,0.037113022059202194,0.19179775478603603,0.08460478322851225,208.5035742671153,74.38174487661637
78,discomfort,11417AC2-DCC9-48CD-8177-CA8665E51B2F-1436881512-1.1-m-48-dc.wav,C:\Users\Lenovo\Desktop\Mindcloud\Final project\ML model\initial\discomfort\11417AC2-DCC9-48CD-8177-CA8665E51B2F-1436881512-1.1-m-48-dc.wav,-26.612148,7.0,0.019904877990484238,0.011555795557796955,0.22901722301136362,0.10108561474827904,147.37967982898058,88.54955433254491
79,hungry,0776b33b-c41a-4a2e-8b9c-f1c184be00c8-1437123838264-1.7-f-26-hu.wav,C:\Users\Lenovo\Desktop\Mindcloud\Final project\ML model\initial\hungry\0776b33b-c41a-4a2e-8b9c-f1c184be00c8-1437123838264-1.7-f-26-hu.wav,-13.8822,6.96,0.22913040220737457,0.09535180032253265,0.26211743836009177,0.12514082238417318,233.73249455668096,79.89711137535691
80,discomfort,f258a8e2-92cd-4843-9da4-80ed26ec8e10-1436944996156-1.7-f-26-ch.wav,C:\Users\Lenovo\Desktop\Mindcloud\Final project\ML model\initial\discomfort\f258a8e2-92cd-4843-9da4-80ed26ec8e10-1436944996156-1.7-f-26-ch.wav,-19.715313,6.66,0.12696439027786255,0.08289237320423126,0.36576450892857143,0.11480824475416838,206.44573520893064,52.326223972377186
81,hungry,c10e2b0f-0cb8-4485-b82f-d453edf97db7-1430738986076-1.7-f-26-hu.wav,C:\Users\Lenovo\Desktop\Mindcloud\Final project\ML model\initial\hungry\c10e2b0f-0cb8-4485-b82f-d453edf97db7-1430738986076-1.7-f-26-hu.wav,-42.810757,6.88,0.00514950230717659,0.0062527842819690704,0.23192455150462962,0.09676801412745363,173.73637551725278,69.28674202340909
82,hungry,7B924575-21FC-462A-969E-BABB46D1CBF5-1430055167-1.0-f-72-hu.wav,C:\Users\Lenovo\Desktop\Mindcloud\Final project\ML model\initial\hungry\7B924575-21FC-462A-969E-BABB46D1CBF5-1430055167-1.0-f-72-hu.wav,-26.351929,7.0,0.045584116131067276,0.049894168972969055,0.28465021306818183,0.09007129252026769,210.36351848503057,55.96961618383397
83,hungry,10A40438-09AA-4A21-83B4-8119F03F7A11-1430848101-1.0-f-26-hu.wav,C:\Users\Lenovo\Desktop\Mindcloud\Final project\ML model\initial\hungry\10A40438-09AA-4A21-83B4-8119F03F7A11-1430848101-1.0-f-26-hu.wav,-13.346211,7.0,0.13287104666233063,0.06279068440198898,0.3940562855113636,0.14819769890965953,227.2557520702743,66.32535960974371
84,hungry,b9d0daab-43c8-41f1-86af-3bcdea9af63c-1429979961789-1.7-f-22-hu.wav,C:\Users\Lenovo\Desktop\Mindcloud\Final project\ML model\initial\hungry\b9d0daab-43c8-41f1-86af-3bcdea9af63c-1429979961789-1.7-f-22-hu.wav,-26.154594,6.78,0.11172004044055939,0.11716501414775848,0.1752837558962264,0.0717976774966088,228.63807041354178,64.40690279716692
85,hungry,bb2bdafb-0477-4be4-8c41-1a6192e8c6d4-1430637736064-1.7-m-72-hu.wav,C:\Users\Lenovo\Desktop\Mindcloud\Final project\ML model\initial\hungry\bb2bdafb-0477-4be4-8c41-1a6192e8c6d4-1430637736064-1.7-m-72-hu.wav,-21.048552,6.66,0.10172441601753235,0.07970141619443893,0.3208612351190476,0.1227687921309544,195.84677366638803,64.64059408352372
86,hungry,F24DE44B-762C-4149-AC92-96A5E57ED118-1430816918-1.0-m-04-hu.wav,C:\Users\Lenovo\Desktop\Mindcloud\Final project\ML model\initial\hungry\F24DE44B-762C-4149-AC92-96A5E57ED118-1430816918-1.0-m-04-hu.wav,-27.505472,7.0,0.07669524103403091,0.06705660372972488,0.1497159090909091,0.06084273581315007,193.68352760263036,50.62109367314803
87,hungry,F95D4BCE-2FB0-4A0C-A058-BFB0674539AF-1430055950-1.0-m-26-hu.wav,C:\Users\Lenovo\Desktop\Mindcloud\Final project\ML model\initial\hungry\F95D4BCE-2FB0-4A0C-A058-BFB0674539AF-1430055950-1.0-m-26-hu.wav,-10.237764,7.0,0.2163861244916916,0.1324055790901184,0.34689719460227275,0.1113577252838044,190.72886418118182,58.76292446729612
88,hungry,c10e2b0f-0cb8-4485-b82f-d453edf97db7-1430739179429-1.7-f-26-hu.wav,C:\Users\Lenovo\Desktop\Mindcloud\Final project\ML model\initial\hungry\c10e2b0f-0cb8-4485-b82f-d453edf97db7-1430739179429-1.7-f-26-hu.wav,-23.333576,6.88,0.10314729809761047,0.07331189513206482,0.4280418113425926,0.13026434804177542,183.25177513250185,59.08686829336493
89,hungry,88da3fbd-926b-4ee7-ae8f-85f92f2783b0-1430114329442-1.7-m-04-hu.wav,C:\Users\Lenovo\Desktop\Mindcloud\Final project\ML model\initial\hungry\88da3fbd-926b-4ee7-ae8f-85f92f2783b0-1430114329442-1.7-m-04-hu.wav,-45.389084,6.78,0.0030829680617898703,0.002223557559773326,0.2194179318985849,0.047554291960121446,191.96551791990908,57.898035507017035
90,tired,C421C6FE-DFEE-4080-8AEA-848E7CE4756B-1430548384-1.0-m-26-ti.wav,C:\Users\Lenovo\Desktop\Mindcloud\Final project\ML model\initial\tired\C421C6FE-DFEE-4080-8AEA-848E7CE4756B-1430548384-1.0-m-26-ti.wav,-25.178694,7.0,0.043255843222141266,0.031296759843826294,0.22395685369318183,0.06482329288518009,175.56283461838194,56.91623808946052
91,hungry,999bf14b-e417-4b44-b746-9253f81efe38-1431013068243-1.7-m-26-hu.wav,C:\Users\Lenovo\Desktop\Mindcloud\Final project\ML model\initial\hungry\999bf14b-e417-4b44-b746-9253f81efe38-1431013068243-1.7-m-26-hu.wav,-23.46503,6.9,0.0674472451210022,0.03327630087733269,0.2494212962962963,0.10895311943540079,191.72872312168258,57.6172537648548
92,discomfort,79FF400A-97E2-4701-987D-C7C850D5523C-1430089688-1.0-f-48-dc.wav,C:\Users\Lenovo\Desktop\Mindcloud\Final project\ML model\initial\discomfort\79FF400A-97E2-4701-987D-C7C850D5523C-1430089688-1.0-f-48-dc.wav,-17.375725,7.0,0.06945961713790894,0.04332101345062256,0.4299538352272727,0.15181967679005665,221.7445463534481,70.88828005192556
93,tired,06c4cfa2-7fa6-4fda-91a1-ea186a4acc64-1430029246453-1.7-f-26-ti.wav,C:\Users\Lenovo\Desktop\Mindcloud\Final project\ML model\initial\tired\06c4cfa2-7fa6-4fda-91a1-ea186a4acc64-1430029246453-1.7-f-26-ti.wav,-31.012877,6.52,0.02637074887752533,0.039999522268772125,0.24175666360294118,0.14952716187104031,201.90746765755637,56.73786666270682
94,hungry,375308C6-F894-49A5-B246-8C2819E9C6ED-1430416651-1.0-m-04-hu.wav,C:\Users\Lenovo\Desktop\Mindcloud\Final project\ML model\initial\hungry\375308C6-F894-49A5-B246-8C2819E9C6ED-1430416651-1.0-m-04-hu.wav,-36.09884,7.0,0.010794442147016525,0.010243771597743034,0.26144353693181815,0.09043403349351466,214.04419535385932,65.13425856612454
95,hungry,7B924575-21FC-462A-969E-BABB46D1CBF5-1430055220-1.0-f-72-hu.wav,C:\Users\Lenovo\Desktop\Mindcloud\Final project\ML model\initial\hungry\7B924575-21FC-462A-969E-BABB46D1CBF5-1430055220-1.0-f-72-hu.wav,-39.255875,7.0,0.006572193931788206,0.015110397711396217,0.19513050426136364,0.08790169346860324,192.17198171165387,53.37089608050837
96,hungry,8f5c01dc-6826-4076-a831-027ad61afdaf-1435873509176-1.7-f-26-hu.wav,C:\Users\Lenovo\Desktop\Mindcloud\Final project\ML model\initial\hungry\8f5c01dc-6826-4076-a831-027ad61afdaf-1435873509176-1.7-f-26-hu.wav,-27.178593,6.94,0.09887810796499252,0.12442141771316528,0.3705965094610092,0.1781768534448591,215.73622166925793,79.34528001576739
97,hungry,0F4B1065-4012-47C8-88B7-ACE11B1A536E-1430038775-1.0-m-04-hu.wav,C:\Users\Lenovo\Desktop\Mindcloud\Final project\ML model\initial\hungry\0F4B1065-4012-47C8-88B7-ACE11B1A536E-1430038775-1.0-m-04-hu.wav,-13.069457,7.0,0.15582764148712158,0.11063452810049057,0.2364834872159091,0.0859859596463781,209.13036796491082,59.09980390024814
98,hungry,81724071-bc5e-4e38-8f35-85a691af5721-1430737552979-1.7-m-04-hu.wav,C:\Users\Lenovo\Desktop\Mindcloud\Final project\ML model\initial\hungry\81724071-bc5e-4e38-8f35-85a691af5721-1430737552979-1.7-m-04-hu.wav,-37.30524,6.94,0.007015821989625692,0.0055426256731152534,0.18340112528669725,0.038199139783565185,200.6811708036904,41.53097773781187
99,hungry,B327333E-2DE2-4833-A75A-4C576208BED3-1430087429-1.0-f-48-hu.wav,C:\Users\Lenovo\Desktop\Mindcloud\Final project\ML model\initial\hungry\B327333E-2DE2-4833-A75A-4C576208BED3-1430087429-1.0-f-48-hu.wav,-26.105204,7.0,0.015619932673871517,0.015014734119176865,0.1909002130681818,0.0936996770473082,179.00902288661115,46.80129976365307
100,hungry,8c66887c-8251-49fa-903b-c02d56405f58-1436856065644-1.7-m-26-hu.wav,C:\Users\Lenovo\Desktop\Mindcloud\Final project\ML model\initial\hungry\8c66887c-8251-49fa-903b-c02d56405f58-1436856065644-1.7-m-26-hu.wav,-38.386887,6.96,0.01741212233901024,0.019879989326000214,0.3010679472477064,0.08466515771373487,183.88902657215084,70.91090123326681
101,hungry,35D58153-7AB7-443D-BED0-2D7ABF73743F-1431855847-1.1-m-04-hu.wav,C:\Users\Lenovo\Desktop\Mindcloud\Final project\ML model\initial\hungry\35D58153-7AB7-443D-BED0-2D7ABF73743F-1431855847-1.1-m-04-hu.wav,-11.823486,7.0,0.19842156767845154,0.088861383497715,0.44952503551136364,0.09658016094035352,221.68800981901398,69.57209527698691
102,hungry,FF2CD2F6-404D-4626-8718-6E6C751F63B8-1431104337-1.0-m-04-hu.wav,C:\Users\Lenovo\Desktop\Mindcloud\Final project\ML model\initial\hungry\FF2CD2F6-404D-4626-8718-6E6C751F63B8-1431104337-1.0-m-04-hu.wav,-29.264881,7.0,0.056229185312986374,0.059453073889017105,0.15593039772727274,0.030108924876657034,185.74872106146032,58.65727705489875
103,hungry,3bb2445a-9ae9-4dc8-9a2e-86c696ffa405-1430142784308-1.7-m-26-hu.wav,C:\Users\Lenovo\Desktop\Mindcloud\Final project\ML model\initial\hungry\3bb2445a-9ae9-4dc8-9a2e-86c696ffa405-1430142784308-1.7-m-26-hu.wav,-16.34145,6.84,0.16713625192642212,0.05806576460599899,0.4391519421728972,0.12501844189621025,206.4431613147228,53.706408482749644
104,hungry,EC2E1160-BC33-450A-A62D-DE2A4C0D42BB-1430039051-1.0-f-48-hu.wav,C:\Users\Lenovo\Desktop\Mindcloud\Final project\ML model\initial\hungry\EC2E1160-BC33-450A-A62D-DE2A4C0D42BB-1430039051-1.0-f-48-hu.wav,-14.526772,7.0,0.11938589066267014,0.0832824558019638,0.30932173295454546,0.06034193492945446,203.12914814590783,40.29525888916045
105,hungry,8FDA58A7-FDC6-4421-855F-738E6E853E43-1429895742-1.0-m-26-hu.wav,C:\Users\Lenovo\Desktop\Mindcloud\Final project\ML model\initial\hungry\8FDA58A7-FDC6-4421-855F-738E6E853E43-1429895742-1.0-m-26-hu.wav,-28.878546,7.0,0.04173335060477257,0.06362089514732361,0.31912286931818185,0.05290518288806348,212.12695180438482,68.30082465223913
106,hungry,1f40790f-68f2-4e7e-845e-715bd97c82d0-1429979568422-1.7-m-04-hu.wav,C:\Users\Lenovo\Desktop\Mindcloud\Final project\ML model\initial\hungry\1f40790f-68f2-4e7e-845e-715bd97c82d0-1429979568422-1.7-m-04-hu.wav,-17.738264,6.86,0.0922316163778305,0.05746305733919144,0.2226878978587963,0.08490386574230831,221.42570097856557,71.09771256330335
107,hungry,090C15A8-5406-4EA5-97A3-81F6527227C0-1430147515-1.0-m-72-hu.wav,C:\Users\Lenovo\Desktop\Mindcloud\Final project\ML model\initial\hungry\090C15A8-5406-4EA5-97A3-81F6527227C0-1430147515-1.0-m-72-hu.wav,-25.88395,7.0,0.053258053958415985,0.05807419866323471,0.3183016690340909,0.07537843227229983,199.79739727908293,82.11622108957219
108,hungry,7E4B9C14-F955-4BED-9B03-7F3096A6CBFF-1430232180-1.0-f-26-hu.wav,C:\Users\Lenovo\Desktop\Mindcloud\Final project\ML model\initial\hungry\7E4B9C14-F955-4BED-9B03-7F3096A6CBFF-1430232180-1.0-f-26-hu.wav,-24.437664,7.0,0.11362311989068985,0.14706933498382568,0.2609064275568182,0.06227032430248694,179.41991664020262,76.82647295575036
109,hungry,4be720ce-a5e5-4a48-930f-a212f8a239f6-1434774932733-1.7-f-48-hu.wav,C:\Users\Lenovo\Desktop\Mindcloud\Final project\ML model\initial\hungry\4be720ce-a5e5-4a48-930f-a212f8a239f6-1434774932733-1.7-f-48-hu.wav,-30.496082,6.78,0.036264218389987946,0.035179503262043,0.34281950176886794,0.054366060228247616,204.6908001211306,70.96006757574922
110,hungry,549a46d8-9c84-430e-ade8-97eae2bef787-1430130669340-1.7-m-48-hu.wav,C:\Users\Lenovo\Desktop\Mindcloud\Final project\ML model\initial\hungry\549a46d8-9c84-430e-ade8-97eae2bef787-1430130669340-1.7-m-48-hu.wav,-49.940536,6.86,0.0014500764664262533,0.002536957385018468,0.23413538049768517,0.08154341532119144,170.04779531253038,65.85510345699954
111,hungry,815af07e-4c31-4032-8bd1-dab6e60c879e-1433156423585-1.7-m-04-hu.wav,C:\Users\Lenovo\Desktop\Mindcloud\Final project\ML model\initial\hungry\815af07e-4c31-4032-8bd1-dab6e60c879e-1433156423585-1.7-m-04-hu.wav,-21.075083,6.96,0.13951116800308228,0.10093656182289124,0.4088929902522936,0.12155514521120478,193.18711900831138,69.04130782470953
112,hungry,ae5a462b-5424-4b5b-82d5-07ccb61654ab-1430405436291-1.7-f-04-hu.wav,C:\Users\Lenovo\Desktop\Mindcloud\Final project\ML model\initial\hungry\ae5a462b-5424-4b5b-82d5-07ccb61654ab-1430405436291-1.7-f-04-hu.wav,-35.504604,6.88,0.004816839005798101,0.00492092315107584,0.18345359519675927,0.13704245137961268,121.37652820729872,73.74602481247476
113,hungry,afa44e7f-4187-4f1c-9437-b49ba75f542e-1430629785235-1.7-f-04-hu.wav,C:\Users\Lenovo\Desktop\Mindcloud\Final project\ML model\initial\hungry\afa44e7f-4187-4f1c-9437-b49ba75f542e-1430629785235-1.7-f-04-hu.wav,-23.94979,6.94,0.011586235836148262,0.008559012785553932,0.2641691155389908,0.10126539627770988,133.04640716238853,54.433589751991704
114,hungry,B327333E-2DE2-4833-A75A-4C576208BED3-1430087456-1.0-f-48-hu.wav,C:\Users\Lenovo\Desktop\Mindcloud\Final project\ML model\initial\hungry\B327333E-2DE2-4833-A75A-4C576208BED3-1430087456-1.0-f-48-hu.wav,-22.456701,7.0,0.036434732377529144,0.041501544415950775,0.26069779829545453,0.0636299483050409,175.01584320336454,77.97954601192525
115,hungry,8c920fd0-fa9f-4926-bcac-074767dcbfcd-1436850948195-1.7-m-04-hu.wav,C:\Users\Lenovo\Desktop\Mindcloud\Final project\ML model\initial\hungry\8c920fd0-fa9f-4926-bcac-074767dcbfcd-1436850948195-1.7-m-04-hu.wav,-32.70221,6.66,0.012852219864726067,0.01656464859843254,0.20298549107142858,0.09303975506448453,158.31784543520945,81.6121835521677
116,hungry,7E4B9C14-F955-4BED-9B03-7F3096A6CBFF-1430232166-1.0-f-26-hu.wav,C:\Users\Lenovo\Desktop\Mindcloud\Final project\ML model\initial\hungry\7E4B9C14-F955-4BED-9B03-7F3096A6CBFF-1430232166-1.0-f-26-hu.wav,-28.46067,7.0,0.04501396790146828,0.07518059760332108,0.28200905539772725,0.06842610336314088,208.52738775008885,73.35131435355191
117,hungry,e0cc5beb-50e5-46ef-852e-c92106216e62-1430143334661-1.7-m-04-hu.wav,C:\Users\Lenovo\Desktop\Mindcloud\Final project\ML model\initial\hungry\e0cc5beb-50e5-46ef-852e-c92106216e62-1430143334661-1.7-m-04-hu.wav,-29.438892,6.64,0.014869151636958122,0.006149675231426954,0.36978853665865385,0.10470492357710634,197.9055380047858,48.209870807602556
118,discomfort,999bf14b-e417-4b44-b746-9253f81efe38-1430845018393-1.7-m-26-ch.wav,C:\Users\Lenovo\Desktop\Mindcloud\Final project\ML model\initial\discomfort\999bf14b-e417-4b44-b746-9253f81efe38-1430845018393-1.7-m-26-ch.wav,-29.142124,6.9,0.022700008004903793,0.028968393802642822,0.1499565972222222,0.043898234116863756,153.41342516012833,65.92146178427117
119,hungry,1259bcad-2308-46fa-9a36-b5d8f359886a-1430143617162-1.7-m-04-hu.wav,C:\Users\Lenovo\Desktop\Mindcloud\Final project\ML model\initial\hungry\1259bcad-2308-46fa-9a36-b5d8f359886a-1430143617162-1.7-m-04-hu.wav,-24.704775,6.86,0.12577293813228607,0.0779811218380928,0.2683150679976852,0.10674234843260368,230.04975771006926,68.03061238336984
120,hungry,D1CB71F9-EF76-49B3-A703-41D557444D21-1436863366-1.1-m-04-hu.wav,C:\Users\Lenovo\Desktop\Mindcloud\Final project\ML model\initial\hungry\D1CB71F9-EF76-49B3-A703-41D557444D21-1436863366-1.1-m-04-hu.wav,-30.222979,7.0,0.02025189995765686,0.03226461634039879,0.1369806463068182,0.04760468684199706,117.77581805823185,68.34666591053033
121,hungry,5f0a1ed4-ee2c-493c-bc00-6b56aad78a72-1430933240505-1.7-m-72-hu.wav,C:\Users\Lenovo\Desktop\Mindcloud\Final project\ML model\initial\hungry\5f0a1ed4-ee2c-493c-bc00-6b56aad78a72-1430933240505-1.7-m-72-hu.wav,-37.180016,6.62,0.007895490154623985,0.011356771923601627,0.3474778395432692,0.08223737753774284,194.14837279007727,81.26211871062603
122,hungry,9aa8bac5-eeb9-4f19-a4bf-7c439e87364b-1430745312460-1.7-m-04-hu.wav,C:\Users\Lenovo\Desktop\Mindcloud\Final project\ML model\initial\hungry\9aa8bac5-eeb9-4f19-a4bf-7c439e87364b-1430745312460-1.7-m-04-hu.wav,-34.75165,6.54,0.0054031843319535255,0.005555811803787947,0.26591417627427183,0.1679460023821994,178.87878454570964,90.01468159123272
123,hungry,22b43570-d440-475b-b2f1-e528c81081f7-1430663490095-1.7-m-04-hu.wav,C:\Users\Lenovo\Desktop\Mindcloud\Final project\ML model\initial\hungry\22b43570-d440-475b-b2f1-e528c81081f7-1430663490095-1.7-m-04-hu.wav,-17.583307,6.96,0.055926255881786346,0.06043921783566475,0.1309579271788991,0.1111262554102967,131.11622122245265,57.94947018032555
124,hungry,af30880e-5f98-4dc0-b37a-be6b21fa0ba3-1431240037389-1.7-m-26-hu.wav,C:\Users\Lenovo\Desktop\Mindcloud\Final project\ML model\initial\hungry\af30880e-5f98-4dc0-b37a-be6b21fa0ba3-1431240037389-1.7-m-26-hu.wav,-15.902413,6.52,0.20901447534561157,0.10936155915260315,0.2548684512867647,0.15106543181903648,203.4706671194251,65.8627820149969
125,hungry,40a4c760-facf-4911-b0a6-22eccc3ab18d-1430466393384-1.7-f-26-hu.wav,C:\Users\Lenovo\Desktop\Mindcloud\Final project\ML model\initial\hungry\40a4c760-facf-4911-b0a6-22eccc3ab18d-1430466393384-1.7-f-26-hu.wav,-15.309446,7.06,0.2134721726179123,0.14463017880916595,0.18263038429054054,0.06397709777607433,210.1391840400623,61.09648390779517
126,hungry,8C13A1F9-62CC-46AA-9192-BECE5CDD5CB0-1430249362-1.0-f-72-hu.wav,C:\Users\Lenovo\Desktop\Mindcloud\Final project\ML model\initial\hungry\8C13A1F9-62CC-46AA-9192-BECE5CDD5CB0-1430249362-1.0-f-72-hu.wav,-40.076313,7.0,0.013962545432150364,0.03563326224684715,0.21582475142045454,0.08398211668058668,158.60025141910006,68.85888357399978
127,hungry,743E7CCA-D32B-40B6-9541-9808122D3F6B-1436860011-1.1-f-26-hu.wav,C:\Users\Lenovo\Desktop\Mindcloud\Final project\ML model\initial\hungry\743E7CCA-D32B-40B6-9541-9808122D3F6B-1436860011-1.1-f-26-hu.wav,-10.548297,7.0,0.18577736616134644,0.13286784291267395,0.36953125,0.09960806507466446,201.53570365067668,50.9336123975629
128,hungry,8FDA58A7-FDC6-4421-855F-738E6E853E43-1429895751-1.0-m-26-hu.wav,C:\Users\Lenovo\Desktop\Mindcloud\Final project\ML model\initial\hungry\8FDA58A7-FDC6-4421-855F-738E6E853E43-1429895751-1.0-m-26-hu.wav,-26.778702,7.0,0.07687495648860931,0.09830912947654724,0.31020063920454544,0.06139822219639656,198.34852925258187,52.47834516253224
129,discomfort,665BDF6D-2897-49F9-8AD0-978B3B2A0468-1430530218-1.0-m-26-dc.wav,C:\Users\Lenovo\Desktop\Mindcloud\Final project\ML model\initial\discomfort\665BDF6D-2897-49F9-8AD0-978B3B2A0468-1430530218-1.0-m-26-dc.wav,-35.81217,7.0,0.006670959293842316,0.0057961465790867805,0.2364169034090909,0.06454701987113406,186.95724032328135,68.22833647354138
130,hungry,50DC5FBC-AC95-44F2-B55F-E4E5FB03AC96-1430007691-1.0-m-26-hu.wav,C:\Users\Lenovo\Desktop\Mindcloud\Final project\ML model\initial\hungry\50DC5FBC-AC95-44F2-B55F-E4E5FB03AC96-1430007691-1.0-m-26-hu.wav,-22.399113,7.0,0.06888890266418457,0.05515378713607788,0.3578391335227273,0.1002434246516795,205.3810071225671,78.06277767321549
131,hungry,8f4dbf5a-b504-4452-b6ac-94e646a6a052-1430727792958-1.7-f-72-hu.wav,C:\Users\Lenovo\Desktop\Mindcloud\Final project\ML model\initial\hungry\8f4dbf5a-b504-4452-b6ac-94e646a6a052-1430727792958-1.7-f-72-hu.wav,-31.807583,6.92,0.007590798195451498,0.007350361440330744,0.16474340596330275,0.06324426478510657,198.5291261538347,70.791718762968
132,hungry,F1AF5794-AD3B-4181-B010-AB835E5BDA64-1430441342-1.0-m-72-hu.wav,C:\Users\Lenovo\Desktop\Mindcloud\Final project\ML model\initial\hungry\F1AF5794-AD3B-4181-B010-AB835E5BDA64-1430441342-1.0-m-72-hu.wav,-29.52,7.0,0.014920949935913086,0.01961352489888668,0.3042125355113636,0.050721052397170174,156.92538658014863,81.72606519914673
133,hungry,7d1c2cd2-6fa1-499f-8ca8-a298198be4e7-1436850081753-1.7-m-04-hu.wav,C:\Users\Lenovo\Desktop\Mindcloud\Final project\ML model\initial\hungry\7d1c2cd2-6fa1-499f-8ca8-a298198be4e7-1436850081753-1.7-m-04-hu.wav,-21.014309,6.68,0.08273406326770782,0.06933565437793732,0.2318452380952381,0.05719192003206484,185.25077499521643,65.84480867961312
134,discomfort,1309B82C-F146-46F0-A723-45345AFA6EA8-1430703937-1.0-f-48-dc.wav,C:\Users\Lenovo\Desktop\Mindcloud\Final project\ML model\initial\discomfort\1309B82C-F146-46F0-A723-45345AFA6EA8-1430703937-1.0-f-48-dc.wav,-17.215202,7.0,0.10778819024562836,0.08911393582820892,0.32208362926136364,0.08905106269591447,185.51758837070736,65.13995741011075
135,hungry,F950E7E3-A1A5-4A01-99F4-9B155C3C6606-1430305696-1.0-m-72-hu.wav,C:\Users\Lenovo\Desktop\Mindcloud\Final project\ML model\initial\hungry\F950E7E3-A1A5-4A01-99F4-9B155C3C6606-1430305696-1.0-m-72-hu.wav,-25.85677,7.0,0.033468302339315414,0.03305211290717125,0.18182262073863636,0.06103160000615923,189.39562039562927,51.30498925815171
136,hungry,d79affbc-f7b4-4ef0-ae57-be5da4b827bf-1430761514476-1.7-m-72-hu.wav,C:\Users\Lenovo\Desktop\Mindcloud\Final project\ML model\initial\hungry\d79affbc-f7b4-4ef0-ae57-be5da4b827bf-1430761514476-1.7-m-72-hu.wav,-33.509716,6.9,0.009817184880375862,0.008555229753255844,0.20274974681712962,0.07471216111440941,217.7561269938412,64.95044347748333
137,discomfort,999bf14b-e417-4b44-b746-9253f81efe38-1430845035663-1.7-m-26-ch.wav,C:\Users\Lenovo\Desktop\Mindcloud\Final project\ML model\initial\discomfort\999bf14b-e417-4b44-b746-9253f81efe38-1430845035663-1.7-m-26-ch.wav,-23.614527,6.9,0.05329281836748123,0.044944893568754196,0.13676848234953703,0.033708303136830035,191.4452681989076,69.93810022975404
138,tired,C421C6FE-DFEE-4080-8AEA-848E7CE4756B-1430548393-1.0-f-26-ti.wav,C:\Users\Lenovo\Desktop\Mindcloud\Final project\ML model\initial\tired\C421C6FE-DFEE-4080-8AEA-848E7CE4756B-1430548393-1.0-f-26-ti.wav,-23.334028,7.0,0.040883880108594894,0.020007895305752754,0.22796519886363636,0.06982456359090278,196.61137697122655,59.19501634182259
139,hungry,F4A0C710-AC2D-42E0-8EA9-3E4CAC31EE20-1430318416-1.0-m-04-hu.wav,C:\Users\Lenovo\Desktop\Mindcloud\Final project\ML model\initial\hungry\F4A0C710-AC2D-42E0-8EA9-3E4CAC31EE20-1430318416-1.0-m-04-hu.wav,-18.221066,7.0,0.11939354240894318,0.07482539862394333,0.2943670099431818,0.09733168002988919,218.34774685483617,55.875680080062786
140,hungry,2F1C0515-EC8E-44C1-ABEA-E04EB475543A-1432143888-1.1-m-22-hu.wav,C:\Users\Lenovo\Desktop\Mindcloud\Final project\ML model\initial\hungry\2F1C0515-EC8E-44C1-ABEA-E04EB475543A-1432143888-1.1-m-22-hu.wav,-41.442745,7.0,0.014021946117281914,0.025305073708295822,0.22040571732954545,0.08662547989926013,173.89976478444203,64.70821740992604
141,tired,D4665929-8695-4655-927F-63F09B2D4CB8-1430726940-1.0-f-26-ti.wav,C:\Users\Lenovo\Desktop\Mindcloud\Final project\ML model\initial\tired\D4665929-8695-4655-927F-63F09B2D4CB8-1430726940-1.0-f-26-ti.wav,-39.414837,7.0,0.005401747766882181,0.007938758470118046,0.3362393465909091,0.12887418123067357,138.109582978573,78.2940050822967
142,hungry,21c07aff-0a8d-4e74-ad5e-e3c7f7bcb11b-1430105653796-1.7-m-04-hu.wav,C:\Users\Lenovo\Desktop\Mindcloud\Final project\ML model\initial\hungry\21c07aff-0a8d-4e74-ad5e-e3c7f7bcb11b-1430105653796-1.7-m-04-hu.wav,-19.045116,6.88,0.11656643450260162,0.12303037196397781,0.28074363425925924,0.08015012530620282,200.5963219988114,80.16580214382378
143,hungry,9CFD61B9-BF13-406D-8B2F-F73CFAAF25CB-1430927728-1.0-f-04-hu.wav,C:\Users\Lenovo\Desktop\Mindcloud\Final project\ML model\initial\hungry\9CFD61B9-BF13-406D-8B2F-F73CFAAF25CB-1430927728-1.0-f-04-hu.wav,-15.368198,7.0,0.07314559072256088,0.04152427613735199,0.13501420454545454,0.050581050400466177,173.77655478887408,47.308313836947626
144,hungry,08E9485B-2772-444B-A636-77E14DD14A8C-1431493441-1.0-m-04-hu.wav,C:\Users\Lenovo\Desktop\Mindcloud\Final project\ML model\initial\hungry\08E9485B-2772-444B-A636-77E14DD14A8C-1431493441-1.0-m-04-hu.wav,-28.689417,7.0,0.08417104184627533,0.121249720454216,0.28025568181818183,0.079048275513301,203.47462006795442,80.7992913561841
145,hungry,7A864194-4B6B-4850-ABBF-0C2A8170107B-1436846797-1.1-f-26-hu.wav,C:\Users\Lenovo\Desktop\Mindcloud\Final project\ML model\initial\hungry\7A864194-4B6B-4850-ABBF-0C2A8170107B-1436846797-1.1-f-26-hu.wav,-21.17486,7.0,0.10566632449626923,0.11569599062204361,0.2604048295454545,0.06537894306775914,178.38633090396138,91.52369559947958
146,hungry,0c8f14a9-6999-485b-97a2-913c1cbf099c-1430760394426-1.7-m-26-hu.wav,C:\Users\Lenovo\Desktop\Mindcloud\Final project\ML model\initial\hungry\0c8f14a9-6999-485b-97a2-913c1cbf099c-1430760394426-1.7-m-26-hu.wav,-25.202452,6.96,0.06814993172883987,0.08695341646671295,0.28461421301605505,0.14342011836919855,172.36107001652215,69.91921606244446
147,hungry,50DC5FBC-AC95-44F2-B55F-E4E5FB03AC96-1430007668-1.0-m-26-hu.wav,C:\Users\Lenovo\Desktop\Mindcloud\Final project\ML model\initial\hungry\50DC5FBC-AC95-44F2-B55F-E4E5FB03AC96-1430007668-1.0-m-26-hu.wav,-24.297575,7.0,0.07656191289424896,0.08582989871501923,0.28454367897727273,0.07963937639370497,219.7116302606735,60.316754513552056
148,hungry,7616E8F4-B1A7-45A6-9A0C-C9BB2DE64FC3-1436868751-1.1-m-72-hu.wav,C:\Users\Lenovo\Desktop\Mindcloud\Final project\ML model\initial\hungry\7616E8F4-B1A7-45A6-9A0C-C9BB2DE64FC3-1436868751-1.1-m-72-hu.wav,-13.553344,7.0,0.09896381199359894,0.0794016495347023,0.36535866477272727,0.11767776007764469,204.98759172020905,73.98951810790078
149,hungry,0D1AD73E-4C5E-45F3-85C4-9A3CB71E8856-1430742197-1.0-m-04-hu.wav,C:\Users\Lenovo\Desktop\Mindcloud\Final project\ML model\initial\hungry\0D1AD73E-4C5E-45F3-85C4-9A3CB71E8856-1430742197-1.0-m-04-hu.wav,-22.87795,7.0,0.07970577478408813,0.05037293955683708,0.21720969460227274,0.06381473329425569,205.53283328191856,71.50213869949893
150,tired,7A22229D-06C2-4AAA-9674-DE5DF1906B3A-1436891957-1.1-m-72-ti.wav,C:\Users\Lenovo\Desktop\Mindcloud\Final project\ML model\initial\tired\7A22229D-06C2-4AAA-9674-DE5DF1906B3A-1436891957-1.1-m-72-ti.wav,-24.270702,7.0,0.055734969675540924,0.06004748493432999,0.25875799005681815,0.08977340603605849,191.14158482029038,59.173344714532654
151,hungry,AA2CA7F6-4547-4CC0-AA4C-5D7B64727FB5-1437123487-1.1-f-26-hu.wav,C:\Users\Lenovo\Desktop\Mindcloud\Final project\ML model\initial\hungry\AA2CA7F6-4547-4CC0-AA4C-5D7B64727FB5-1437123487-1.1-f-26-hu.wav,-15.582004,7.0,0.11546479165554047,0.05597183108329773,0.5111905184659091,0.10424362619487022,223.72792968454317,61.75884488531944
152,hungry,B2A105BB-347B-4878-A735-AA4ECF32CD16-1436864116-1.1-m-26-hu.wav,C:\Users\Lenovo\Desktop\Mindcloud\Final project\ML model\initial\hungry\B2A105BB-347B-4878-A735-AA4ECF32CD16-1436864116-1.1-m-26-hu.wav,-12.052333,7.0,0.16475816071033478,0.10816844552755356,0.41930042613636365,0.1012167193476333,209.58030299988962,63.11138553828106
153,hungry,4be720ce-a5e5-4a48-930f-a212f8a239f6-1434774947458-1.7-f-48-hu.wav,C:\Users\Lenovo\Desktop\Mindcloud\Final project\ML model\initial\hungry\4be720ce-a5e5-4a48-930f-a212f8a239f6-1434774947458-1.7-f-48-hu.wav,-30.075624,6.78,0.043884772807359695,0.04235175997018814,0.2299251916273585,0.07257162575328216,180.99915524033466,59.33557424671251
154,hungry,ad7fd28b-3e85-4e9b-9e18-af4bda64c60f-1430756389867-1.7-m-72-hu.wav,C:\Users\Lenovo\Desktop\Mindcloud\Final project\ML model\initial\hungry\ad7fd28b-3e85-4e9b-9e18-af4bda64c60f-1430756389867-1.7-m-72-hu.wav,-24.225172,6.86,0.08091239631175995,0.07737293839454651,0.2827284071180556,0.0750413915343678,186.5970696313037,70.97386918743751
155,tired,b4c460d8-bd6b-4017-9bb8-2ae4ff0c5af1-1430418266487-1.7-f-26-ti.wav,C:\Users\Lenovo\Desktop\Mindcloud\Final project\ML model\initial\tired\b4c460d8-bd6b-4017-9bb8-2ae4ff0c5af1-1430418266487-1.7-f-26-ti.wav,-14.215955,6.92,0.29598093032836914,0.13293041288852692,0.15470004300458715,0.08063474869372958,187.05616819026022,54.21457193685498
156,hungry,8c920fd0-fa9f-4926-bcac-074767dcbfcd-1436856382717-1.7-m-04-hu.wav,C:\Users\Lenovo\Desktop\Mindcloud\Final project\ML model\initial\hungry\8c920fd0-fa9f-4926-bcac-074767dcbfcd-1436856382717-1.7-m-04-hu.wav,-29.561049,6.66,0.029950985684990883,0.01755811832845211,0.18870442708333332,0.05035805638360843,192.7832799846149,52.83453434931008
157,hungry,8f4dbf5a-b504-4452-b6ac-94e646a6a052-1430735157938-1.7-f-72-hu.wav,C:\Users\Lenovo\Desktop\Mindcloud\Final project\ML model\initial\hungry\8f4dbf5a-b504-4452-b6ac-94e646a6a052-1430735157938-1.7-f-72-hu.wav,-30.974775,6.92,0.01720563881099224,0.017144981771707535,0.30519817947247707,0.11697896217859895,193.16052627116022,84.0034919086744
158,tired,d6cda191-4962-4308-9a36-46d5648a95ed-1431587899682-1.7-m-04-ti.wav,C:\Users\Lenovo\Desktop\Mindcloud\Final project\ML model\initial\tired\d6cda191-4962-4308-9a36-46d5648a95ed-1431587899682-1.7-m-04-ti.wav,-28.445099,6.82,0.11003272980451584,0.10167618095874786,0.37298298773364486,0.10121867939409543,179.74918229949142,65.32136074645035
159,hungry,64acb345-a61e-4ef3-a5a6-cf83c04b83f1-1430045478300-1.7-m-72-hu.wav,C:\Users\Lenovo\Desktop\Mindcloud\Final project\ML model\initial\hungry\64acb345-a61e-4ef3-a5a6-cf83c04b83f1-1430045478300-1.7-m-72-hu.wav,-17.567717,6.66,0.21593216061592102,0.16823603212833405,0.1842261904761905,0.056240768232508266,220.7641261695794,78.47309043641775
160,hungry,92d08bbe-553f-4844-85b1-15d572f06ea2-1436873211119-1.7-m-04-hu.wav,C:\Users\Lenovo\Desktop\Mindcloud\Final project\ML model\initial\hungry\92d08bbe-553f-4844-85b1-15d572f06ea2-1436873211119-1.7-m-04-hu.wav,-14.876571,6.78,0.06115838140249252,0.049923647195100784,0.13072578862028303,0.0506399165218128,169.23639629576334,63.86034325930922
161,hungry,549a46d8-9c84-430e-ade8-97eae2bef787-1430130714659-1.7-m-48-hu.wav,C:\Users\Lenovo\Desktop\Mindcloud\Final project\ML model\initial\hungry\549a46d8-9c84-430e-ade8-97eae2bef787-1430130714659-1.7-m-48-hu.wav,-43.302776,6.86,0.007492509670555592,0.008998825214803219,0.22649016203703703,0.08235199442753594,186.2596693976157,67.65751921481163
162,hungry,0f257dac-7d6f-4575-9192-e3b4dcd3d4ef-1430185441581-1.7-f-26-hu.wav,C:\Users\Lenovo\Desktop\Mindcloud\Final project\ML model\initial\hungry\0f257dac-7d6f-4575-9192-e3b4dcd3d4ef-1430185441581-1.7-f-26-hu.wav,-9.507281,6.96,0.06331897526979446,0.045100439339876175,0.20513188073394495,0.0682071003329004,136.34689596596786,54.795384851424714
163,hungry,7b23d26e-6f97-4e8b-b520-a9fdde21ee91-1432261716253-1.7-m-48-hu.wav,C:\Users\Lenovo\Desktop\Mindcloud\Final project\ML model\initial\hungry\7b23d26e-6f97-4e8b-b520-a9fdde21ee91-1432261716253-1.7-m-48-hu.wav,-15.842728,6.96,0.2055651843547821,0.08394403755664825,0.25532181766055045,0.1335179482507169,224.36949185232058,57.298844447844225
164,hungry,B327333E-2DE2-4833-A75A-4C576208BED3-1430087443-1.0-f-48-hu.wav,C:\Users\Lenovo\Desktop\Mindcloud\Final project\ML model\initial\hungry\B327333E-2DE2-4833-A75A-4C576208BED3-1430087443-1.0-f-48-hu.wav,-29.15472,7.0,0.006365735083818436,0.0015815035440027714,0.199609375,0.029691121003753245,167.39899876475883,87.03102802833664
165,hungry,7B924575-21FC-462A-969E-BABB46D1CBF5-1430055243-1.0-f-72-hu.wav,C:\Users\Lenovo\Desktop\Mindcloud\Final project\ML model\initial\hungry\7B924575-21FC-462A-969E-BABB46D1CBF5-1430055243-1.0-f-72-hu.wav,-25.14462,7.0,0.06484880298376083,0.05042974650859833,0.25197088068181817,0.09577359923840462,224.68787949604007,63.99784086879496
166,hungry,F4A0C710-AC2D-42E0-8EA9-3E4CAC31EE20-1430318390-1.0-m-04-hu.wav,C:\Users\Lenovo\Desktop\Mindcloud\Final project\ML model\initial\hungry\F4A0C710-AC2D-42E0-8EA9-3E4CAC31EE20-1430318390-1.0-m-04-hu.wav,-24.73127,7.0,0.06719174981117249,0.04659203067421913,0.2098721590909091,0.046834115518091524,204.60962321028256,53.168027701215344
167,hungry,4D43D6CD-C084-4081-ABF3-8B25951B2D75-1430146631-1.0-m-04-hu.wav,C:\Users\Lenovo\Desktop\Mindcloud\Final project\ML model\initial\hungry\4D43D6CD-C084-4081-ABF3-8B25951B2D75-1430146631-1.0-m-04-hu.wav,-27.854288,7.0,0.04891170188784599,0.046009812504053116,0.2801091974431818,0.11135476073457871,201.87769498190048,56.52881071705949
168,hungry,3030d0e9-0c9b-4616-9b83-f10dc2dedbfd-1430326171876-1.7-m-26-hu.wav,C:\Users\Lenovo\Desktop\Mindcloud\Final project\ML model\initial\hungry\3030d0e9-0c9b-4616-9b83-f10dc2dedbfd-1430326171876-1.7-m-26-hu.wav,-30.377386,6.76,0.027843791991472244,0.04148901253938675,0.355579304245283,0.14273644270558974,187.90945587432208,73.17895179573394
169,hungry,1445575b-80ad-477b-8e48-36194cac728e-1430244987914-1.7-f-48-hu.wav,C:\Users\Lenovo\Desktop\Mindcloud\Final project\ML model\initial\hungry\1445575b-80ad-477b-8e48-36194cac728e-1430244987914-1.7-f-48-hu.wav,-26.664335,6.78,0.0353386290371418,0.027295058593153954,0.16243182488207547,0.032692346117683985,213.71385905386683,80.71707908775376
170,hungry,218e6fd7-f9c5-4490-afd7-c4fba174e7d2-1430209252819-1.7-m-72-hu.wav,C:\Users\Lenovo\Desktop\Mindcloud\Final project\ML model\initial\hungry\218e6fd7-f9c5-4490-afd7-c4fba174e7d2-1430209252819-1.7-m-72-hu.wav,-32.800255,7.06,0.01175766158849001,0.01762746088206768,0.12563344594594594,0.05916624508549837,140.6674944713083,75.8428704413407
171,hungry,3c51dedc-6e4c-47dd-a179-86a25e95f1ef-1430651049104-1.7-m-72-hu.wav,C:\Users\Lenovo\Desktop\Mindcloud\Final project\ML model\initial\hungry\3c51dedc-6e4c-47dd-a179-86a25e95f1ef-1430651049104-1.7-m-72-hu.wav,-17.560232,7.06,0.2037375569343567,0.15598194301128387,0.22800095016891891,0.10076071440583488,193.90293292219835,45.889300695317374
172,hungry,C249BCDD-0F65-4D6A-82BE-43C4006E3DDB-1436891733-1.1-m-72-hu.wav,C:\Users\Lenovo\Desktop\Mindcloud\Final project\ML model\initial\hungry\C249BCDD-0F65-4D6A-82BE-43C4006E3DDB-1436891733-1.1-m-72-hu.wav,-26.303694,7.0,0.026689887046813965,0.03680868446826935,0.29915660511363634,0.09517099325992905,193.74136852324872,69.18483463871617
173,hungry,3bb2445a-9ae9-4dc8-9a2e-86c696ffa405-1430146536552-1.7-m-26-hu.wav,C:\Users\Lenovo\Desktop\Mindcloud\Final project\ML model\initial\hungry\3bb2445a-9ae9-4dc8-9a2e-86c696ffa405-1430146536552-1.7-m-26-hu.wav,-20.350178,6.86,0.08273652195930481,0.05684150010347366,0.38316062644675924,0.06995281167088882,206.88529911350335,57.87598942350309
174,hungry,adcefe56-90b1-4120-83b1-93008cb6f7f0-1430731683554-1.7-m-04-hu.wav,C:\Users\Lenovo\Desktop\Mindcloud\Final project\ML model\initial\hungry\adcefe56-90b1-4120-83b1-93008cb6f7f0-1430731683554-1.7-m-04-hu.wav,-18.690802,6.94,0.14882582426071167,0.09506036341190338,0.32102028383027525,0.18979830297081704,229.39950997804635,60.100911305564715
175,hungry,602b06a7-31f0-4370-b35a-9cc81d205958-1430739609286-1.7-f-72-hu.wav,C:\Users\Lenovo\Desktop\Mindcloud\Final project\ML model\initial\hungry\602b06a7-31f0-4370-b35a-9cc81d205958-1430739609286-1.7-f-72-hu.wav,-16.665733,6.86,0.38019561767578125,0.1764468252658844,0.15077039930555555,0.02138171946931805,255.22385238080736,58.28199353244411
176,hungry,FF2CD2F6-404D-4626-8718-6E6C751F63B8-1431104360-1.0-m-04-hu.wav,C:\Users\Lenovo\Desktop\Mindcloud\Final project\ML model\initial\hungry\FF2CD2F6-404D-4626-8718-6E6C751F63B8-1431104360-1.0-m-04-hu.wav,-23.077986,7.0,0.07247105985879898,0.04855424538254738,0.19092240767045454,0.03150251809045947,199.0226322452646,57.42389647179419
177,hungry,1abb2260-a652-4ba7-bd98-7d463312730f-1430041727150-1.7-m-04-hu.wav,C:\Users\Lenovo\Desktop\Mindcloud\Final project\ML model\initial\hungry\1abb2260-a652-4ba7-bd98-7d463312730f-1430041727150-1.7-m-04-hu.wav,-22.417162,6.9,0.17495492100715637,0.0798601359128952,0.1884223090277778,0.1290237684554289,167.48154355388147,38.47805292465879
178,hungry,F3BAEDDA-CDC0-4A65-90EE-5C372CEE4F3B-1437012076-1.1-f-26-hu.wav,C:\Users\Lenovo\Desktop\Mindcloud\Final project\ML model\initial\hungry\F3BAEDDA-CDC0-4A65-90EE-5C372CEE4F3B-1437012076-1.1-f-26-hu.wav,-24.640156,7.0,0.024142049252986908,0.026837322860956192,0.1932439630681818,0.08729862293139112,146.9829019807358,54.899121935058616
179,hungry,FF2CD2F6-404D-4626-8718-6E6C751F63B8-1431104396-1.0-m-04-hu.wav,C:\Users\Lenovo\Desktop\Mindcloud\Final project\ML model\initial\hungry\FF2CD2F6-404D-4626-8718-6E6C751F63B8-1431104396-1.0-m-04-hu.wav,-26.847569,7.0,0.05092329904437065,0.04012226685881615,0.19609818892045455,0.05186754252276643,184.51158352991484,45.5492328767567
180,discomfort,10A40438-09AA-4A21-83B4-8119F03F7A11-1430925142-1.0-f-26-dc.wav,C:\Users\Lenovo\Desktop\Mindcloud\Final project\ML model\initial\discomfort\10A40438-09AA-4A21-83B4-8119F03F7A11-1430925142-1.0-f-26-dc.wav,-16.347195,7.0,0.15982086956501007,0.11082771420478821,0.2116299715909091,0.051554411022679825,223.61551338250703,55.924623837701425
181,hungry,63CA92F7-973A-4DCA-A410-7B19811A2478-1430041902-1.0-f-26-hu.wav,C:\Users\Lenovo\Desktop\Mindcloud\Final project\ML model\initial\hungry\63CA92F7-973A-4DCA-A410-7B19811A2478-1430041902-1.0-f-26-hu.wav,-41.108734,7.0,0.008874456398189068,0.015452194027602673,0.21818625710227274,0.07221585555252308,157.57155577334586,74.23208546018735
182,hungry,37105492-58b1-432e-a1ce-ea154425abab-1430744728397-1.7-f-26-hu.wav,C:\Users\Lenovo\Desktop\Mindcloud\Final project\ML model\initial\hungry\37105492-58b1-432e-a1ce-ea154425abab-1430744728397-1.7-f-26-hu.wav,-42.813953,6.9,0.00951465405523777,0.017402159050107002,0.2176784939236111,0.06955716600904889,185.49934386481786,81.69043346666206
183,hungry,1259bcad-2308-46fa-9a36-b5d8f359886a-1430143668806-1.7-f-04-hu.wav,C:\Users\Lenovo\Desktop\Mindcloud\Final project\ML model\initial\hungry\1259bcad-2308-46fa-9a36-b5d8f359886a-1430143668806-1.7-f-04-hu.wav,-24.888191,6.86,0.06822386384010315,0.04951608553528786,0.19205277054398148,0.05389679694118976,225.0493572816274,54.74219380335252
184,hungry,F95D4BCE-2FB0-4A0C-A058-BFB0674539AF-1430055800-1.0-m-26-hu.wav,C:\Users\Lenovo\Desktop\Mindcloud\Final project\ML model\initial\hungry\F95D4BCE-2FB0-4A0C-A058-BFB0674539AF-1430055800-1.0-m-26-hu.wav,-15.600541,7.0,0.10499336570501328,0.12250059843063354,0.2354669744318182,0.11803322400284104,188.18815464376408,60.00602018418305
185,hungry,c7fef089-4a65-4b75-bfd4-bae0e3518adf-1430754388848-1.7-m-04-hu.wav,C:\Users\Lenovo\Desktop\Mindcloud\Final project\ML model\initial\hungry\c7fef089-4a65-4b75-bfd4-bae0e3518adf-1430754388848-1.7-m-04-hu.wav,-21.884995,6.72,0.08593747019767761,0.08635402470827103,0.22910064121462265,0.1094842127954757,164.77607251061963,58.68056424870838
186,hungry,AE02C934-F4E5-4C73-818D-56AA6887EC18-1430279454-1.0-m-26-hu.wav,C:\Users\Lenovo\Desktop\Mindcloud\Final project\ML model\initial\hungry\AE02C934-F4E5-4C73-818D-56AA6887EC18-1430279454-1.0-m-26-hu.wav,-41.7717,7.0,0.003042450174689293,0.0026975120417773724,0.31532759232954544,0.08942976177768854,209.9931389949549,53.15372888179847
187,tired,1309B82C-F146-46F0-A723-45345AFA6EA8-1430059864-1.0-f-04-ti.wav,C:\Users\Lenovo\Desktop\Mindcloud\Final project\ML model\initial\tired\1309B82C-F146-46F0-A723-45345AFA6EA8-1430059864-1.0-f-04-ti.wav,-22.899233,7.0,0.022245902568101883,0.014354090206325054,0.255517578125,0.09816518993162875,183.7442832119481,63.79060021000557
188,hungry,771fa0cc-4535-471b-9cec-d26deff8d567-1429803644891-1.7-m-04-hu.wav,C:\Users\Lenovo\Desktop\Mindcloud\Final project\ML model\initial\hungry\771fa0cc-4535-471b-9cec-d26deff8d567-1429803644891-1.7-m-04-hu.wav,-21.622223,6.82,0.13390974700450897,0.08335663378238678,0.28060200058411217,0.07325544369002883,189.34483738610322,54.55432116784703
189,discomfort,999bf14b-e417-4b44-b746-9253f81efe38-1430844994519-1.7-m-04-ch.wav,C:\Users\Lenovo\Desktop\Mindcloud\Final project\ML model\initial\discomfort\999bf14b-e417-4b44-b746-9253f81efe38-1430844994519-1.7-m-04-ch.wav,-27.567081,6.9,0.05197802186012268,0.05906032770872116,0.1416558159722222,0.040452067051607005,191.76389582532636,61.56833626623536
190,hungry,3bb2445a-9ae9-4dc8-9a2e-86c696ffa405-1430122381138-1.7-m-26-hu.wav,C:\Users\Lenovo\Desktop\Mindcloud\Final project\ML model\initial\hungry\3bb2445a-9ae9-4dc8-9a2e-86c696ffa405-1430122381138-1.7-m-26-hu.wav,-20.35623,6.92,0.03652939572930336,0.027445469051599503,0.22156769638761467,0.0664942244160601,189.25368568339775,74.67892419706362
191,hungry,9CFD61B9-BF13-406D-8B2F-F73CFAAF25CB-1430927704-1.0-f-04-hu.wav,C:\Users\Lenovo\Desktop\Mindcloud\Final project\ML model\initial\hungry\9CFD61B9-BF13-406D-8B2F-F73CFAAF25CB-1430927704-1.0-f-04-hu.wav,-18.833548,7.0,0.06602523475885391,0.05285835266113281,0.15153586647727274,0.051167310347845184,205.87349408733215,52.51858407011487
192,hungry,1f40790f-68f2-4e7e-845e-715bd97c82d0-1429979603276-1.7-m-72-hu.wav,C:\Users\Lenovo\Desktop\Mindcloud\Final project\ML model\initial\hungry\1f40790f-68f2-4e7e-845e-715bd97c82d0-1429979603276-1.7-m-72-hu.wav,-27.291155,6.72,0.01427996251732111,0.02103767730295658,0.2525012897995283,0.11568596817090337,157.84082218903325,66.43271308957054
193,hungry,DB95BF4A-E3E5-4429-A660-DBBCF486E6DF-1430664633-1.0-f-72-hu.wav,C:\Users\Lenovo\Desktop\Mindcloud\Final project\ML model\initial\hungry\DB95BF4A-E3E5-4429-A660-DBBCF486E6DF-1430664633-1.0-f-72-hu.wav,-36.58248,7.0,0.011136007495224476,0.014060921967029572,0.2317782315340909,0.07841841462580398,194.9836964984801,72.88647390173105
194,hungry,c10e2b0f-0cb8-4485-b82f-d453edf97db7-1430739158854-1.7-f-26-hu.wav,C:\Users\Lenovo\Desktop\Mindcloud\Final project\ML model\initial\hungry\c10e2b0f-0cb8-4485-b82f-d453edf97db7-1430739158854-1.7-f-26-hu.wav,-44.682377,6.86,0.0007233641808852553,0.0011869672453030944,0.11949779369212964,0.04552913471172633,124.09707278580628,43.80441469818005
195,hungry,c42e76b9-a4c1-48f6-a91d-27ab83015874-1430737177322-1.7-f-72-hu.wav,C:\Users\Lenovo\Desktop\Mindcloud\Final project\ML model\initial\hungry\c42e76b9-a4c1-48f6-a91d-27ab83015874-1430737177322-1.7-f-72-hu.wav,-30.77213,6.64,0.10348127782344818,0.12853337824344635,0.3760563777043269,0.13899929800607255,210.1830271390536,74.7584484384582
196,hungry,9fe37482-6a64-401d-b8b9-3e47d6ed9ac0-1430047373513-1.7-f-26-hu.wav,C:\Users\Lenovo\Desktop\Mindcloud\Final project\ML model\initial\hungry\9fe37482-6a64-401d-b8b9-3e47d6ed9ac0-1430047373513-1.7-f-26-hu.wav,-25.055002,6.92,0.08083540201187134,0.062169671058654785,0.25318054759174313,0.08366690822657778,198.91784975695657,54.82608155076453
197,hungry,19aae3d1-51c6-4ffb-aeb8-efb6ae7ba83e-1436861395462-1.7-m-48-hu.wav,C:\Users\Lenovo\Desktop\Mindcloud\Final project\ML model\initial\hungry\19aae3d1-51c6-4ffb-aeb8-efb6ae7ba83e-1436861395462-1.7-m-48-hu.wav,-28.014801,6.66,0.03718171268701553,0.04523962736129761,0.1855096726190476,0.06912736562624619,217.457900440743,66.25451038009811
198,hungry,6bd76f21-f279-4c46-9453-58c95e7b2475-1430767927715-1.7-m-72-hu.wav,C:\Users\Lenovo\Desktop\Mindcloud\Final project\ML model\initial\hungry\6bd76f21-f279-4c46-9453-58c95e7b2475-1430767927715-1.7-m-72-hu.wav,-35.256447,6.62,0.03869187831878662,0.02818908542394638,0.1230609600360577,0.038787664699924014,220.3022378285104,59.61027542564865
199,tired,cecd525b-18fd-49e3-b2b9-dfb08b93ad95-1430110029205-1.7-m-26-ti.wav,C:\Users\Lenovo\Desktop\Mindcloud\Final project\ML model\initial\tired\cecd525b-18fd-49e3-b2b9-dfb08b93ad95-1430110029205-1.7-m-26-ti.wav,-19.127567,6.94,0.035491522401571274,0.041616953909397125,0.2210883744266055,0.0707101285338175,131.38111277405554,64.56217883911367
200,hungry,40a4c760-facf-4911-b0a6-22eccc3ab18d-1430477756469-1.7-f-26-hu.wav,C:\Users\Lenovo\Desktop\Mindcloud\Final project\ML model\initial\hungry\40a4c760-facf-4911-b0a6-22eccc3ab18d-1430477756469-1.7-f-26-hu.wav,-12.018885,7.06,0.18251264095306396,0.09890186041593552,0.5288701787725225,0.21562220121348227,201.07426919194893,73.43920339393046
201,hungry,602b06a7-31f0-4370-b35a-9cc81d205958-1430739585531-1.7-m-04-hu.wav,C:\Users\Lenovo\Desktop\Mindcloud\Final project\ML model\initial\hungry\602b06a7-31f0-4370-b35a-9cc81d205958-1430739585531-1.7-m-04-hu.wav,-18.924915,6.92,0.12714414298534393,0.12586121261119843,0.1537100415711009,0.029229736285162972,187.94304273916447,72.07240856010307
202,hungry,719bb382-a592-46b7-82d2-8b4a625263b7-1430376483385-1.7-m-48-hu.wav,C:\Users\Lenovo\Desktop\Mindcloud\Final project\ML model\initial\hungry\719bb382-a592-46b7-82d2-8b4a625263b7-1430376483385-1.7-m-48-hu.wav,-42.414883,6.94,0.005579513031989336,0.01281980611383915,0.22761969610091742,0.10238425954999898,153.71502379197375,80.45592754371036
203,hungry,3941D08C-5A97-48A4-8830-091D878137F6-1430099826-1.0-m-72-hu.wav,C:\Users\Lenovo\Desktop\Mindcloud\Final project\ML model\initial\hungry\3941D08C-5A97-48A4-8830-091D878137F6-1430099826-1.0-m-72-hu.wav,-8.067897,7.0,0.2120676040649414,0.08363866806030273,0.29789151278409093,0.06174691989344252,218.242445059369,53.786970320028615
204,hungry,85FAB169-4DCC-406D-AC93-2F6A8D797DAB-1437632141-1.1-m-04-hu.wav,C:\Users\Lenovo\Desktop\Mindcloud\Final project\ML model\initial\hungry\85FAB169-4DCC-406D-AC93-2F6A8D797DAB-1437632141-1.1-m-04-hu.wav,-21.684443,7.0,0.08371540158987045,0.05064484477043152,0.3418323863636364,0.11269557231677138,235.93720951012943,58.224598287503525
205,hungry,03abcb8f-400a-47d8-ad82-7e4586cc06be-1431864192133-1.7-f-48-hu.wav,C:\Users\Lenovo\Desktop\Mindcloud\Final project\ML model\initial\hungry\03abcb8f-400a-47d8-ad82-7e4586cc06be-1431864192133-1.7-f-48-hu.wav,-8.871085,6.98,0.19388103485107422,0.12388388812541962,0.2273837002840909,0.12957281838183052,207.13354603373054,70.30278896784613
206,hungry,8f4dbf5a-b504-4452-b6ac-94e646a6a052-1430729451597-1.7-f-72-hu.wav,C:\Users\Lenovo\Desktop\Mindcloud\Final project\ML model\initial\hungry\8f4dbf5a-b504-4452-b6ac-94e646a6a052-1430729451597-1.7-f-72-hu.wav,-42.71658,6.92,0.0007063498487696052,0.000765625387430191,0.2368567230504587,0.05647192866052,119.30875164056869,53.55034547116287
207,hungry,A123AD65-38D3-4A65-AB37-330034765840-1430093726-1.0-m-04-hu.wav,C:\Users\Lenovo\Desktop\Mindcloud\Final project\ML model\initial\hungry\A123AD65-38D3-4A65-AB37-330034765840-1430093726-1.0-m-04-hu.wav,-22.731647,7.0,0.026460593566298485,0.01903260499238968,0.14417613636363635,0.0705103980035927,175.90708099251538,51.24528822625251
208,hungry,F2F97740-D638-4B6F-9E09-3AC65F06B448-1436849335-1.1-f-48-hu.wav,C:\Users\Lenovo\Desktop\Mindcloud\Final project\ML model\initial\hungry\F2F97740-D638-4B6F-9E09-3AC65F06B448-1436849335-1.1-f-48-hu.wav,-22.0346,7.0,0.02423875592648983,0.017508117482066154,0.1927556818181818,0.053988818526309684,107.01219762447151,62.85086410483412
209,hungry,9CFD61B9-BF13-406D-8B2F-F73CFAAF25CB-1430927741-1.0-f-04-hu.wav,C:\Users\Lenovo\Desktop\Mindcloud\Final project\ML model\initial\hungry\9CFD61B9-BF13-406D-8B2F-F73CFAAF25CB-1430927741-1.0-f-04-hu.wav,-12.579661,7.0,0.10186668485403061,0.04619201272726059,0.22310901988636364,0.08899004382288325,173.03800290760122,47.50953316225873
210,hungry,3c0b4e07-33ec-4d68-a6b2-5f5dcb8cff8e-1430070829977-1.7-m-26-hu.wav,C:\Users\Lenovo\Desktop\Mindcloud\Final project\ML model\initial\hungry\3c0b4e07-33ec-4d68-a6b2-5f5dcb8cff8e-1430070829977-1.7-m-26-hu.wav,-18.542318,7.06,0.07446374744176865,0.05484893545508385,0.20517490146396397,0.07754404575766984,196.01325610843534,79.18814227074786
211,hungry,89964233-cbdb-4f34-a819-5f4b5ce3f5f5-1430049868816-1.7-f-04-hu.wav,C:\Users\Lenovo\Desktop\Mindcloud\Final project\ML model\initial\hungry\89964233-cbdb-4f34-a819-5f4b5ce3f5f5-1430049868816-1.7-f-04-hu.wav,-19.260786,6.92,0.09939394146203995,0.06194325536489487,0.34105325401376146,0.12372199313372853,198.002495399362,66.78106912929678
212,hungry,d6cda191-4962-4308-9a36-46d5648a95ed-1428333797380-1.5-f-26-hu.wav,C:\Users\Lenovo\Desktop\Mindcloud\Final project\ML model\initial\hungry\d6cda191-4962-4308-9a36-46d5648a95ed-1428333797380-1.5-f-26-hu.wav,-20.780167,6.82,0.06621352583169937,0.0849403366446495,0.198201117114486,0.09206252867888544,126.97764783556897,58.65625049463015
213,hungry,549a46d8-9c84-430e-ade8-97eae2bef787-1430130702316-1.7-m-48-hu.wav,C:\Users\Lenovo\Desktop\Mindcloud\Final project\ML model\initial\hungry\549a46d8-9c84-430e-ade8-97eae2bef787-1430130702316-1.7-m-48-hu.wav,-33.088215,6.86,0.03192375972867012,0.025795111432671547,0.2360161675347222,0.10297773784175823,190.59783630195057,54.08246314672854
214,hungry,5728DDD6-149B-412F-A14B-C29B9B5E415F-1432635035-1.0-m-26-hu.wav,C:\Users\Lenovo\Desktop\Mindcloud\Final project\ML model\initial\hungry\5728DDD6-149B-412F-A14B-C29B9B5E415F-1432635035-1.0-m-26-hu.wav,-24.40245,7.0,0.05018865317106247,0.04081686586141586,0.21133256392045455,0.035475664817820926,204.55078356179382,60.41608602181283
215,hungry,B400D2D0-9FCE-472E-A152-1FF349B9B407-1436845915-1.1-m-04-hu.wav,C:\Users\Lenovo\Desktop\Mindcloud\Final project\ML model\initial\hungry\B400D2D0-9FCE-472E-A152-1FF349B9B407-1436845915-1.1-m-04-hu.wav,-32.611794,7.0,0.006282399408519268,0.003539784112945199,0.20108753551136363,0.08012106434901535,108.39715503845149,47.35977989690957
216,hungry,2439388A-9CF2-4D3B-9534-E6951FC9EAD4-1436877944-1.1-m-26-hu.wav,C:\Users\Lenovo\Desktop\Mindcloud\Final project\ML model\initial\hungry\2439388A-9CF2-4D3B-9534-E6951FC9EAD4-1436877944-1.1-m-26-hu.wav,-27.805426,7.0,0.0368182435631752,0.10805616527795792,0.21020951704545454,0.05507547045587506,143.7282185087466,71.41484546952253
217,hungry,4cefc13c-e7c0-4b5a-bddb-c40c103e640a-1431583470764-1.7-f-26-hu.wav,C:\Users\Lenovo\Desktop\Mindcloud\Final project\ML model\initial\hungry\4cefc13c-e7c0-4b5a-bddb-c40c103e640a-1431583470764-1.7-f-26-hu.wav,-28.721783,6.78,0.07639441639184952,0.11838273704051971,0.20833026238207547,0.0523177622179341,202.4705255036363,61.31493104635997
218,hungry,1259bcad-2308-46fa-9a36-b5d8f359886a-1430143644843-1.7-f-04-hu.wav,C:\Users\Lenovo\Desktop\Mindcloud\Final project\ML model\initial\hungry\1259bcad-2308-46fa-9a36-b5d8f359886a-1430143644843-1.7-f-04-hu.wav,-24.815983,6.86,0.13868744671344757,0.0666370764374733,0.21577962239583334,0.05326520105287741,243.60770660236037,63.52060768574827
219,hungry,46002244-7304-45DC-BF69-B6EC2BB25009-1436902364-1.1-f-48-hu.wav,C:\Users\Lenovo\Desktop\Mindcloud\Final project\ML model\initial\hungry\46002244-7304-45DC-BF69-B6EC2BB25009-1436902364-1.1-f-48-hu.wav,-35.832577,7.0,0.009100041352212429,0.006989565212279558,0.2517578125,0.062450569719869585,217.22671496454623,65.99337111215466
220,hungry,2439388A-9CF2-4D3B-9534-E6951FC9EAD4-1436877933-1.1-m-26-hu.wav,C:\Users\Lenovo\Desktop\Mindcloud\Final project\ML model\initial\hungry\2439388A-9CF2-4D3B-9534-E6951FC9EAD4-1436877933-1.1-m-26-hu.wav,-27.985619,7.0,0.034935880452394485,0.09910060465335846,0.21632191051136362,0.04948162033503804,112.42271884114678,75.69115926028941
221,hungry,459c3f85-5710-4efa-bcc9-8012aa1af55e-1430034880215-1.7-f-48-hu.wav,C:\Users\Lenovo\Desktop\Mindcloud\Final project\ML model\initial\hungry\459c3f85-5710-4efa-bcc9-8012aa1af55e-1430034880215-1.7-f-48-hu.wav,-32.111355,6.94,0.01582474820315838,0.024907201528549194,0.36040083858944955,0.1165340568700016,185.072172345626,79.2392876491316
222,hungry,39180491-e076-4300-b5de-24e812dca6fe-1435708371348-1.7-f-04-hu.wav,C:\Users\Lenovo\Desktop\Mindcloud\Final project\ML model\initial\hungry\39180491-e076-4300-b5de-24e812dca6fe-1435708371348-1.7-f-04-hu.wav,-28.305296,6.86,0.03981785848736763,0.04122092202305794,0.27225296585648145,0.16047206164009647,190.54803002762648,64.0732733729581
223,hungry,218e6fd7-f9c5-4490-afd7-c4fba174e7d2-1430209174300-1.7-m-72-hu.wav,C:\Users\Lenovo\Desktop\Mindcloud\Final project\ML model\initial\hungry\218e6fd7-f9c5-4490-afd7-c4fba174e7d2-1430209174300-1.7-m-72-hu.wav,-23.482243,7.04,0.06040845066308975,0.06599730998277664,0.17450556024774774,0.08414335764220382,165.38633085072934,58.917571178864605
224,hungry,1b381a1e-88a6-4a48-b889-a5ccdf0aacaf-1430299568333-1.7-f-72-hu.wav,C:\Users\Lenovo\Desktop\Mindcloud\Final project\ML model\initial\hungry\1b381a1e-88a6-4a48-b889-a5ccdf0aacaf-1430299568333-1.7-f-72-hu.wav,-19.835482,6.9,0.11568621546030045,0.07478180527687073,0.3408248336226852,0.16354393785861462,195.47434813707787,66.54693975678151
225,hungry,177dc72e-d0f8-47ef-a5a7-3b46878e11a0-1430736549614-1.7-f-26-hu.wav,C:\Users\Lenovo\Desktop\Mindcloud\Final project\ML model\initial\hungry\177dc72e-d0f8-47ef-a5a7-3b46878e11a0-1430736549614-1.7-f-26-hu.wav,-15.91835,6.88,0.1777595728635788,0.10495003312826157,0.20534487123842593,0.11003052359154372,240.06847109771132,55.30462103725357
226,hungry,40a4c760-facf-4911-b0a6-22eccc3ab18d-1430477691332-1.7-f-26-hu.wav,C:\Users\Lenovo\Desktop\Mindcloud\Final project\ML model\initial\hungry\40a4c760-facf-4911-b0a6-22eccc3ab18d-1430477691332-1.7-f-26-hu.wav,-9.841932,7.06,0.16322638094425201,0.11012556403875351,0.3049514358108108,0.2019034235634897,206.4829225432826,71.55054213373067
227,discomfort,7b0e160e-0505-459e-8ecb-304d7afae9d2-1437486974312-1.7-m-04-dc.wav,C:\Users\Lenovo\Desktop\Mindcloud\Final project\ML model\initial\discomfort\7b0e160e-0505-459e-8ecb-304d7afae9d2-1437486974312-1.7-m-04-dc.wav,-12.231426,6.9,0.04606601595878601,0.027492914348840714,0.11810076678240741,0.05194446669369233,164.34517240379623,47.94426332272373
228,tired,B2AABCE0-1F62-4B57-B58A-308959ABDFE7-1437188766-1.1-m-26-ti.wav,C:\Users\Lenovo\Desktop\Mindcloud\Final project\ML model\initial\tired\B2AABCE0-1F62-4B57-B58A-308959ABDFE7-1437188766-1.1-m-26-ti.wav,-18.345926,7.0,0.08653764426708221,0.05328278988599777,0.31807528409090907,0.1308779638424343,204.04647600144483,36.32313208467557
229,hungry,d1e236a0-e030-4137-9030-5625026cd098-1430477951092-1.2-m-04-hu.wav,C:\Users\Lenovo\Desktop\Mindcloud\Final project\ML model\initial\hungry\d1e236a0-e030-4137-9030-5625026cd098-1430477951092-1.2-m-04-hu.wav,-24.874048,6.9,0.11470259726047516,0.09300793707370758,0.21850133825231483,0.05368945768191,202.8454863015619,43.12897894234378
230,tired,7A22229D-06C2-4AAA-9674-DE5DF1906B3A-1436891944-1.1-m-72-ti.wav,C:\Users\Lenovo\Desktop\Mindcloud\Final project\ML model\initial\tired\7A22229D-06C2-4AAA-9674-DE5DF1906B3A-1436891944-1.1-m-72-ti.wav,-24.657572,7.0,0.040911413729190826,0.04202093929052353,0.3258922230113636,0.09180321344366892,193.9923881706025,69.64438839649236
231,hungry,7fd72d70-07c4-40a0-85e9-c91df9bdefb2-1430994916704-1.7-f-04-hu.wav,C:\Users\Lenovo\Desktop\Mindcloud\Final project\ML model\initial\hungry\7fd72d70-07c4-40a0-85e9-c91df9bdefb2-1430994916704-1.7-f-04-hu.wav,-37.58758,7.06,0.03870683163404465,0.06458835303783417,0.30294552364864863,0.08259779305520124,134.54503393385096,61.23562315355211
232,hungry,b8fe4527-5e46-437f-897d-be32112bc1c8-1430166086647-1.7-f-48-hu.wav,C:\Users\Lenovo\Desktop\Mindcloud\Final project\ML model\initial\hungry\b8fe4527-5e46-437f-897d-be32112bc1c8-1430166086647-1.7-f-48-hu.wav,-33.581512,6.74,0.06560839712619781,0.07355725020170212,0.13539209905660377,0.06030323808537722,196.6861002428916,63.89021626415864
233,hungry,9fe37482-6a64-401d-b8b9-3e47d6ed9ac0-1430047590938-1.7-f-26-hu.wav,C:\Users\Lenovo\Desktop\Mindcloud\Final project\ML model\initial\hungry\9fe37482-6a64-401d-b8b9-3e47d6ed9ac0-1430047590938-1.7-f-26-hu.wav,-23.301386,6.94,0.11826574802398682,0.10640793293714523,0.2000564435206422,0.054017573177384086,217.04662877651793,59.360585995950736
234,discomfort,d6cda191-4962-4308-9a36-46d5648a95ed-1431086262776-1.7-m-04-ch.wav,C:\Users\Lenovo\Desktop\Mindcloud\Final project\ML model\initial\discomfort\d6cda191-4962-4308-9a36-46d5648a95ed-1431086262776-1.7-m-04-ch.wav,-26.685265,6.84,0.06177906692028046,0.04428655654191971,0.42738755841121495,0.09269541922260055,183.12747140251795,66.77509153582888
235,hungry,F4A65A98-ADEE-49C4-9B45-65A8429DF170-1430232330-1.0-m-72-hu.wav,C:\Users\Lenovo\Desktop\Mindcloud\Final project\ML model\initial\hungry\F4A65A98-ADEE-49C4-9B45-65A8429DF170-1430232330-1.0-m-72-hu.wav,-30.214516,7.0,0.0399257056415081,0.07383718341588974,0.34081587357954546,0.13114055505139272,207.51729255947433,61.17645166662426
236,hungry,D54D9C2A-56ED-4338-9D1F-2ADB4E081DAD-1430036301-1.0-m-48-hu.wav,C:\Users\Lenovo\Desktop\Mindcloud\Final project\ML model\initial\hungry\D54D9C2A-56ED-4338-9D1F-2ADB4E081DAD-1430036301-1.0-m-48-hu.wav,-26.858883,7.0,0.06126278638839722,0.08072996139526367,0.2867587002840909,0.08795627509404219,182.526204780557,72.0882254087145
237,hungry,F6C6D3EE-F139-48A4-9EAC-0A50EB011CDC-1430103957-1.0-m-04-hu.wav,C:\Users\Lenovo\Desktop\Mindcloud\Final project\ML model\initial\hungry\F6C6D3EE-F139-48A4-9EAC-0A50EB011CDC-1430103957-1.0-m-04-hu.wav,-14.872175,7.0,0.21292170882225037,0.16660533845424652,0.3897061434659091,0.09706029832859195,203.0637062464596,69.57688351442461
238,hungry,F95D4BCE-2FB0-4A0C-A058-BFB0674539AF-1430055809-1.0-m-26-hu.wav,C:\Users\Lenovo\Desktop\Mindcloud\Final project\ML model\initial\hungry\F95D4BCE-2FB0-4A0C-A058-BFB0674539AF-1430055809-1.0-m-26-hu.wav,-22.74918,7.0,0.059831567108631134,0.0881638452410698,0.25783025568181817,0.12422777281235653,170.21033553911101,78.7917727780884
239,hungry,52dfc27a-fbc4-4d9f-bbcf-6406c919324a-1430041657947-1.7-m-26-hu.wav,C:\Users\Lenovo\Desktop\Mindcloud\Final project\ML model\initial\hungry\52dfc27a-fbc4-4d9f-bbcf-6406c919324a-1430041657947-1.7-m-26-hu.wav,-24.937815,6.92,0.13067790865898132,0.1315973550081253,0.3340963661123853,0.09619138653564019,197.0106142873854,70.70559492416724
240,hungry,36f1b3ec-3d2a-470e-af6f-0a8cc11b2723-1430237012976-1.7-m-04-hu.wav,C:\Users\Lenovo\Desktop\Mindcloud\Final project\ML model\initial\hungry\36f1b3ec-3d2a-470e-af6f-0a8cc11b2723-1430237012976-1.7-m-04-hu.wav,-28.84386,6.96,0.07974468916654587,0.11973055452108383,0.282150408543578,0.10905969399112207,184.67002413645406,73.1484504020895
241,hungry,c6fd9d60-0fa7-44c0-b3ce-0192527d7b81-1430068167526-1.7-m-72-hu.wav,C:\Users\Lenovo\Desktop\Mindcloud\Final project\ML model\initial\hungry\c6fd9d60-0fa7-44c0-b3ce-0192527d7b81-1430068167526-1.7-m-72-hu.wav,-24.062256,6.78,0.07727186381816864,0.08541125059127808,0.20619748673349056,0.10715048514426721,176.5431308916371,76.18624143280803
242,hungry,5E01DC60-1DE3-4AF9-A661-7F649EAE457D-1430141106-1.0-m-26-hu.wav,C:\Users\Lenovo\Desktop\Mindcloud\Final project\ML model\initial\hungry\5E01DC60-1DE3-4AF9-A661-7F649EAE457D-1430141106-1.0-m-26-hu.wav,-27.77615,7.0,0.045467156916856766,0.06413857638835907,0.2789595170454545,0.05412173200943543,196.49197594888793,66.15381394566019
243,discomfort,1309B82C-F146-46F0-A723-45345AFA6EA8-1430704008-1.0-f-48-dc.wav,C:\Users\Lenovo\Desktop\Mindcloud\Final project\ML model\initial\discomfort\1309B82C-F146-46F0-A723-45345AFA6EA8-1430704008-1.0-f-48-dc.wav,-28.00032,7.0,0.03455488756299019,0.04710345342755318,0.27453835227272727,0.11248018564925666,181.1847003381223,58.06401094560685
244,hungry,9090c7a3-bebc-4485-aafc-64e4298da3ac-1430088396663-1.7-f-26-hu.wav,C:\Users\Lenovo\Desktop\Mindcloud\Final project\ML model\initial\hungry\9090c7a3-bebc-4485-aafc-64e4298da3ac-1430088396663-1.7-f-26-hu.wav,-19.517982,6.94,0.06417030096054077,0.09451870620250702,0.2542825401376147,0.08271270208800321,133.88125239105517,60.54223401228606
245,hungry,A123AD65-38D3-4A65-AB37-330034765840-1430093699-1.0-m-04-hu.wav,C:\Users\Lenovo\Desktop\Mindcloud\Final project\ML model\initial\hungry\A123AD65-38D3-4A65-AB37-330034765840-1430093699-1.0-m-04-hu.wav,-24.776716,7.0,0.02236591838300228,0.019811687991023064,0.148291015625,0.06313718930457375,170.50847986044525,59.47810384807875
246,hungry,F3BAEDDA-CDC0-4A65-90EE-5C372CEE4F3B-1437012044-1.1-m-26-hu.wav,C:\Users\Lenovo\Desktop\Mindcloud\Final project\ML model\initial\hungry\F3BAEDDA-CDC0-4A65-90EE-5C372CEE4F3B-1437012044-1.1-m-26-hu.wav,-17.668867,7.0,0.08020639419555664,0.06827371567487717,0.3276944247159091,0.14329129233980037,208.9419924312539,78.40566535301892
247,hungry,FF482278-24C9-4FB0-A7BE-FD92D1FE17B4-1430028319-1.0-m-26-hu.wav,C:\Users\Lenovo\Desktop\Mindcloud\Final project\ML model\initial\hungry\FF482278-24C9-4FB0-A7BE-FD92D1FE17B4-1430028319-1.0-m-26-hu.wav,-20.35043,7.0,0.09587593376636505,0.09347957372665405,0.20881569602272726,0.044242525769628296,189.95351348855965,69.40762074559933
248,hungry,aaa57dbd-7b88-454a-963e-6faa2f4ed4e7-1436910235521-1.7-f-04-hu.wav,C:\Users\Lenovo\Desktop\Mindcloud\Final project\ML model\initial\hungry\aaa57dbd-7b88-454a-963e-6faa2f4ed4e7-1436910235521-1.7-f-04-hu.wav,-33.401848,6.88,0.016151586547493935,0.026046916842460632,0.18284776475694445,0.06528818050985498,159.02894675566895,84.06695374651235
249,discomfort,1309B82C-F146-46F0-A723-45345AFA6EA8-1432801703-1.1-f-26-dc.wav,C:\Users\Lenovo\Desktop\Mindcloud\Final project\ML model\initial\discomfort\1309B82C-F146-46F0-A723-45345AFA6EA8-1432801703-1.1-f-26-dc.wav,-11.997019,7.0,0.16718992590904236,0.07940860092639923,0.29535688920454545,0.05839827217056084,186.8418126792725,49.13184506736485
250,hungry,3bb2445a-9ae9-4dc8-9a2e-86c696ffa405-1430123758633-1.7-m-26-hu.wav,C:\Users\Lenovo\Desktop\Mindcloud\Final project\ML model\initial\hungry\3bb2445a-9ae9-4dc8-9a2e-86c696ffa405-1430123758633-1.7-m-26-hu.wav,-19.341873,6.92,0.0826222226023674,0.06841340661048889,0.27453501290137616,0.13059712247694005,199.7866881620037,64.37707449246962
251,hungry,7CF37029-1040-40B8-ACC9-7E6E5C03AF9B-1429808939-1.0-m-72-hu.wav,C:\Users\Lenovo\Desktop\Mindcloud\Final project\ML model\initial\hungry\7CF37029-1040-40B8-ACC9-7E6E5C03AF9B-1429808939-1.0-m-72-hu.wav,-28.834347,7.0,0.03230512887239456,0.03720691055059433,0.2617276278409091,0.11582554817101767,181.4827041988062,58.40274533224192
252,hungry,c6fd9d60-0fa7-44c0-b3ce-0192527d7b81-1430038968282-1.7-m-04-hu.wav,C:\Users\Lenovo\Desktop\Mindcloud\Final project\ML model\initial\hungry\c6fd9d60-0fa7-44c0-b3ce-0192527d7b81-1430038968282-1.7-m-04-hu.wav,-24.243425,6.78,0.11431281268596649,0.12066569924354553,0.27314729510613206,0.12958715863528825,202.32776024655763,61.91328845985819
253,hungry,70d30513-0ec3-49e4-9976-e85785e85c2d-1431033390358-1.7-m-04-hu.wav,C:\Users\Lenovo\Desktop\Mindcloud\Final project\ML model\initial\hungry\70d30513-0ec3-49e4-9976-e85785e85c2d-1431033390358-1.7-m-04-hu.wav,-29.660452,6.94,0.058652255684137344,0.08385636657476425,0.27132758744266056,0.11653306085845294,165.03124611419997,70.91802796945682
254,hungry,edb5924c-07ba-4eaa-838b-aaf9511a219b-1431894189631-1.7-m-48-hu.wav,C:\Users\Lenovo\Desktop\Mindcloud\Final project\ML model\initial\hungry\edb5924c-07ba-4eaa-838b-aaf9511a219b-1431894189631-1.7-m-48-hu.wav,-21.392323,6.94,0.07663317024707794,0.09050319343805313,0.2906303755733945,0.1304336523845249,185.18659756280002,81.85254082420701
255,hungry,aaa57dbd-7b88-454a-963e-6faa2f4ed4e7-1437166513710-1.7-f-04-hu.wav,C:\Users\Lenovo\Desktop\Mindcloud\Final project\ML model\initial\hungry\aaa57dbd-7b88-454a-963e-6faa2f4ed4e7-1437166513710-1.7-f-04-hu.wav,-29.372799,7.02,0.05916624143719673,0.060090940445661545,0.2930353338068182,0.1430905452335654,202.0626609821787,67.92074676388826
256,hungry,e4051e62-d21d-4bb8-a235-fd7e859ad787-1430740613780-1.7-f-72-hu.wav,C:\Users\Lenovo\Desktop\Mindcloud\Final project\ML model\initial\hungry\e4051e62-d21d-4bb8-a235-fd7e859ad787-1430740613780-1.7-f-72-hu.wav,-19.20732,6.96,0.1098601296544075,0.11355585604906082,0.18255447247706422,0.08881785097249578,194.01055777196223,61.341806412247685
257,hungry,7A22229D-06C2-4AAA-9674-DE5DF1906B3A-1436891933-1.1-m-72-hu.wav,C:\Users\Lenovo\Desktop\Mindcloud\Final project\ML model\initial\hungry\7A22229D-06C2-4AAA-9674-DE5DF1906B3A-1436891933-1.1-m-72-hu.wav,-23.394304,7.0,0.031109323725104332,0.02365086041390896,0.34526811079545455,0.07949031008317264,164.34351691590064,64.23765457305211
258,hungry,F6C6D3EE-F139-48A4-9EAC-0A50EB011CDC-1430103974-1.0-m-04-hu.wav,C:\Users\Lenovo\Desktop\Mindcloud\Final project\ML model\initial\hungry\F6C6D3EE-F139-48A4-9EAC-0A50EB011CDC-1430103974-1.0-m-04-hu.wav,-15.635201,7.0,0.15607528388500214,0.13664491474628448,0.3416193181818182,0.09713170843482807,225.93083895216714,58.01731487436176
259,hungry,e0717ce2-da25-417c-89a5-58d7175f4a6d-1436966513203-1.7-m-26-hu.wav,C:\Users\Lenovo\Desktop\Mindcloud\Final project\ML model\initial\hungry\e0717ce2-da25-417c-89a5-58d7175f4a6d-1436966513203-1.7-m-26-hu.wav,-27.794397,6.66,0.01848815754055977,0.015342039987444878,0.3278413318452381,0.16669544399710584,163.2648029053399,87.56081499495356
260,hungry,d6cda191-4962-4308-9a36-46d5648a95ed-1431882043380-1.7-m-04-hu.wav,C:\Users\Lenovo\Desktop\Mindcloud\Final project\ML model\initial\hungry\d6cda191-4962-4308-9a36-46d5648a95ed-1431882043380-1.7-m-04-hu.wav,-31.066645,6.84,0.05462971329689026,0.06936903297901154,0.5353250949182243,0.08939704322526319,182.7107176475109,85.28780371114543
261,hungry,dc5429de-26b4-48e2-bc47-bc607b9bba06-1430741828918-1.7-f-72-hu.wav,C:\Users\Lenovo\Desktop\Mindcloud\Final project\ML model\initial\hungry\dc5429de-26b4-48e2-bc47-bc607b9bba06-1430741828918-1.7-f-72-hu.wav,-35.68282,6.94,0.01964428834617138,0.018305232748389244,0.3465945742545872,0.08882510934523283,210.74821769352195,78.51640095554976
262,hungry,7e3de9b8-2be5-473f-b8c3-c2657f1317bb-1430006339251-1.7-f-04-hu.wav,C:\Users\Lenovo\Desktop\Mindcloud\Final project\ML model\initial\hungry\7e3de9b8-2be5-473f-b8c3-c2657f1317bb-1430006339251-1.7-f-04-hu.wav,-38.692886,6.68,0.02238139510154724,0.02319513075053692,0.20915178571428572,0.07218054449343081,165.3143145343598,51.9117513611638
263,tired,1309B82C-F146-46F0-A723-45345AFA6EA8-1431172241-1.0-f-48-ti.wav,C:\Users\Lenovo\Desktop\Mindcloud\Final project\ML model\initial\tired\1309B82C-F146-46F0-A723-45345AFA6EA8-1431172241-1.0-f-48-ti.wav,-32.77783,7.0,0.036137040704488754,0.06559395045042038,0.15945046164772728,0.04910025315831454,217.79823729784104,57.781541769163496
264,hungry,A123AD65-38D3-4A65-AB37-330034765840-1430093687-1.0-m-04-hu.wav,C:\Users\Lenovo\Desktop\Mindcloud\Final project\ML model\initial\hungry\A123AD65-38D3-4A65-AB37-330034765840-1430093687-1.0-m-04-hu.wav,-28.345663,7.0,0.011732353828847408,0.007868628017604351,0.1833096590909091,0.06241158844797941,164.60750826897498,73.60122130706183
265,hungry,f896b69d-6241-4b51-9c45-0d628bc827c1-1430090400166-1.7-m-72-hu.wav,C:\Users\Lenovo\Desktop\Mindcloud\Final project\ML model\initial\hungry\f896b69d-6241-4b51-9c45-0d628bc827c1-1430090400166-1.7-m-72-hu.wav,-28.266415,6.9,0.07124282419681549,0.06957224756479263,0.21057581018518517,0.1193986678756204,221.83405779098163,66.50568336223485
266,hungry,549a46d8-9c84-430e-ade8-97eae2bef787-1430130686288-1.7-m-48-hu.wav,C:\Users\Lenovo\Desktop\Mindcloud\Final project\ML model\initial\hungry\549a46d8-9c84-430e-ade8-97eae2bef787-1430130686288-1.7-m-48-hu.wav,-45.830044,6.88,0.0028172607999294996,0.004755084402859211,0.24577727141203703,0.0984873425103059,202.6991389206749,70.22817399768898
267,hungry,3bb2445a-9ae9-4dc8-9a2e-86c696ffa405-1430124221551-1.7-m-26-hu.wav,C:\Users\Lenovo\Desktop\Mindcloud\Final project\ML model\initial\hungry\3bb2445a-9ae9-4dc8-9a2e-86c696ffa405-1430124221551-1.7-m-26-hu.wav,-18.042171,6.92,0.11126275360584259,0.0840458869934082,0.3792601419151376,0.09782180883524244,214.54139806405772,63.22562009089546
268,hungry,3030d0e9-0c9b-4616-9b83-f10dc2dedbfd-1430053456045-1.7-m-26-hu.wav,C:\Users\Lenovo\Desktop\Mindcloud\Final project\ML model\initial\hungry\3030d0e9-0c9b-4616-9b83-f10dc2dedbfd-1430053456045-1.7-m-26-hu.wav,-23.293762,6.76,0.03649928793311119,0.028798585757613182,0.14324145047169812,0.051720303840270786,183.71755632126346,51.513895143194844
269,hungry,3DF341FA-E90B-4335-A51A-A9B0769150CE-1436859328-1.1-m-04-hu.wav,C:\Users\Lenovo\Desktop\Mindcloud\Final project\ML model\initial\hungry\3DF341FA-E90B-4335-A51A-A9B0769150CE-1436859328-1.1-m-04-hu.wav,-22.57956,7.0,0.047295812517404556,0.052429232746362686,0.28623490767045456,0.18730577865954834,155.9143733349721,82.51070947541088
270,hungry,4be720ce-a5e5-4a48-930f-a212f8a239f6-1434737694572-1.7-f-48-hu.wav,C:\Users\Lenovo\Desktop\Mindcloud\Final project\ML model\initial\hungry\4be720ce-a5e5-4a48-930f-a212f8a239f6-1434737694572-1.7-f-48-hu.wav,-37.51273,6.78,0.010328144766390324,0.027900060638785362,0.22849259286556603,0.07280605401849417,189.17600171986388,86.17690866406788
271,hungry,aaa57dbd-7b88-454a-963e-6faa2f4ed4e7-1436982066128-1.7-f-04-hu.wav,C:\Users\Lenovo\Desktop\Mindcloud\Final project\ML model\initial\hungry\aaa57dbd-7b88-454a-963e-6faa2f4ed4e7-1436982066128-1.7-f-04-hu.wav,-39.268803,6.92,0.007282781880348921,0.012396236881613731,0.21321315940366972,0.06482137963327649,175.8823969921825,82.77057032043888
272,hungry,1309B82C-F146-46F0-A723-45345AFA6EA8-1430059849-1.0-f-04-hu.wav,C:\Users\Lenovo\Desktop\Mindcloud\Final project\ML model\initial\hungry\1309B82C-F146-46F0-A723-45345AFA6EA8-1430059849-1.0-f-04-hu.wav,-24.957695,7.0,0.020096708089113235,0.01796446368098259,0.24480202414772728,0.11289858072358584,184.41559903878337,63.81438151416989
273,hungry,cecd525b-18fd-49e3-b2b9-dfb08b93ad95-1430109958636-1.7-m-26-hu.wav,C:\Users\Lenovo\Desktop\Mindcloud\Final project\ML model\initial\hungry\cecd525b-18fd-49e3-b2b9-dfb08b93ad95-1430109958636-1.7-m-26-hu.wav,-19.650827,6.94,0.021056026220321655,0.023430386558175087,0.17804347047018348,0.0578756172034359,122.6101049162322,60.54628858848205
274,hungry,52dfc27a-fbc4-4d9f-bbcf-6406c919324a-1430041644396-1.7-m-26-hu.wav,C:\Users\Lenovo\Desktop\Mindcloud\Final project\ML model\initial\hungry\52dfc27a-fbc4-4d9f-bbcf-6406c919324a-1430041644396-1.7-m-26-hu.wav,-37.179005,6.9,0.014771370217204094,0.018342195078730583,0.2278781467013889,0.07449347850800045,185.80630619195915,77.39872739188483
275,hungry,10A40438-09AA-4A21-83B4-8119F03F7A11-1430925172-1.0-f-26-hu.wav,C:\Users\Lenovo\Desktop\Mindcloud\Final project\ML model\initial\hungry\10A40438-09AA-4A21-83B4-8119F03F7A11-1430925172-1.0-f-26-hu.wav,-18.573664,7.0,0.13799531757831573,0.09163549542427063,0.25781693892045454,0.12708665766509286,230.3354429272582,63.38539762654819
276,hungry,D833237F-1F7C-4338-BEDE-84C0CF5F4145-1430084007-1.0-f-26-hu.wav,C:\Users\Lenovo\Desktop\Mindcloud\Final project\ML model\initial\hungry\D833237F-1F7C-4338-BEDE-84C0CF5F4145-1430084007-1.0-f-26-hu.wav,-30.642406,7.0,0.04159119352698326,0.028981518000364304,0.17399680397727274,0.03610937677933985,200.83248882912108,59.88385536543767
277,hungry,be21ef2a-a415-4e8b-bfe6-731bf9956e2c-1431320909516-1.7-f-26-hu.wav,C:\Users\Lenovo\Desktop\Mindcloud\Final project\ML model\initial\hungry\be21ef2a-a415-4e8b-bfe6-731bf9956e2c-1431320909516-1.7-f-26-hu.wav,-24.340036,6.96,0.08238682895898819,0.07746487855911255,0.30334808629587157,0.14754898226735075,180.88771379129224,77.71030736769416
278,hungry,AE02C934-F4E5-4C73-818D-56AA6887EC18-1430279441-1.0-m-26-hu.wav,C:\Users\Lenovo\Desktop\Mindcloud\Final project\ML model\initial\hungry\AE02C934-F4E5-4C73-818D-56AA6887EC18-1430279441-1.0-m-26-hu.wav,-25.961475,7.0,0.06069416552782059,0.06629861891269684,0.3443093039772727,0.08753359846514787,235.62179690046426,64.27892199613976
279,hungry,6d922623-8424-4625-be4c-4964e0c9e25c-1434898452774-1.7-m-04-hu.wav,C:\Users\Lenovo\Desktop\Mindcloud\Final project\ML model\initial\hungry\6d922623-8424-4625-be4c-4964e0c9e25c-1434898452774-1.7-m-04-hu.wav,-21.33861,6.96,0.055627331137657166,0.046870794147253036,0.10460865825688073,0.034637632642670786,217.38833535883379,73.36589322606956
280,hungry,D833237F-1F7C-4338-BEDE-84C0CF5F4145-1430083995-1.0-f-26-hu.wav,C:\Users\Lenovo\Desktop\Mindcloud\Final project\ML model\initial\hungry\D833237F-1F7C-4338-BEDE-84C0CF5F4145-1430083995-1.0-f-26-hu.wav,-28.619596,7.0,0.048571985214948654,0.03413377329707146,0.19715909090909092,0.058463336676679085,229.06651547648812,69.79063452143272
281,discomfort,1309B82C-F146-46F0-A723-45345AFA6EA8-1432801693-1.1-f-26-dc.wav,C:\Users\Lenovo\Desktop\Mindcloud\Final project\ML model\initial\discomfort\1309B82C-F146-46F0-A723-45345AFA6EA8-1432801693-1.1-f-26-dc.wav,-18.016504,7.0,0.12072880566120148,0.08810672163963318,0.25512251420454546,0.07973061401176564,191.86253973866098,54.68747904227639
282,hungry,9CFD61B9-BF13-406D-8B2F-F73CFAAF25CB-1430927716-1.0-f-04-hu.wav,C:\Users\Lenovo\Desktop\Mindcloud\Final project\ML model\initial\hungry\9CFD61B9-BF13-406D-8B2F-F73CFAAF25CB-1430927716-1.0-f-04-hu.wav,-20.396843,7.0,0.04786671698093414,0.04419209063053131,0.1802734375,0.05181585443554049,189.16496033748905,33.93146070038603
283,hungry,d1e236a0-e030-4137-9030-5625026cd098-1430477960643-1.2-m-04-hu.wav,C:\Users\Lenovo\Desktop\Mindcloud\Final project\ML model\initial\hungry\d1e236a0-e030-4137-9030-5625026cd098-1430477960643-1.2-m-04-hu.wav,-19.013857,6.92,0.2234794944524765,0.1253334879875183,0.21727171731651376,0.028728148401107514,220.96805991432433,46.913003537616774
284,hungry,c6fd9d60-0fa7-44c0-b3ce-0192527d7b81-1430066825817-1.7-m-72-hu.wav,C:\Users\Lenovo\Desktop\Mindcloud\Final project\ML model\initial\hungry\c6fd9d60-0fa7-44c0-b3ce-0192527d7b81-1430066825817-1.7-m-72-hu.wav,-29.42266,6.78,0.039349403232336044,0.043169405311346054,0.1706036261792453,0.08994912729149722,217.9979389810885,73.91980100786726
285,hungry,aaa57dbd-7b88-454a-963e-6faa2f4ed4e7-1436982075169-1.7-f-04-hu.wav,C:\Users\Lenovo\Desktop\Mindcloud\Final project\ML model\initial\hungry\aaa57dbd-7b88-454a-963e-6faa2f4ed4e7-1436982075169-1.7-f-04-hu.wav,-37.44317,6.9,0.012658505700528622,0.012425917200744152,0.22281901041666666,0.07011549237334411,194.59247598427157,79.27930677767232
286,hungry,F4A0C710-AC2D-42E0-8EA9-3E4CAC31EE20-1430318400-1.0-m-04-hu.wav,C:\Users\Lenovo\Desktop\Mindcloud\Final project\ML model\initial\hungry\F4A0C710-AC2D-42E0-8EA9-3E4CAC31EE20-1430318400-1.0-m-04-hu.wav,-24.28055,7.0,0.08306950330734253,0.05006556957960129,0.2380859375,0.048793586861582576,205.99663113859202,63.812635692892485
287,hungry,04c3386b-e6bc-4bd0-8456-d46ae21a73fc-1435305829013-1.7-f-26-hu.wav,C:\Users\Lenovo\Desktop\Mindcloud\Final project\ML model\initial\hungry\04c3386b-e6bc-4bd0-8456-d46ae21a73fc-1435305829013-1.7-f-26-hu.wav,-41.949554,6.9,0.004736187402158976,0.005848646629601717,0.23532895688657407,0.03271696147379263,164.09259291844282,71.29152223597013
288,hungry,67414C5E-0EB2-48FD-8391-FCF085FDB6D9-1430050964-1.0-m-04-hu.wav,C:\Users\Lenovo\Desktop\Mindcloud\Final project\ML model\initial\hungry\67414C5E-0EB2-48FD-8391-FCF085FDB6D9-1430050964-1.0-m-04-hu.wav,-21.45155,7.0,0.10195886343717575,0.12994623184204102,0.21559836647727273,0.08306285348157565,172.3713165349366,80.09068277174393
289,hungry,5afc6a14-a9d8-45f8-b31d-c79dd87cc8c6-1430757081034-1.7-m-48-hu.wav,C:\Users\Lenovo\Desktop\Mindcloud\Final project\ML model\initial\hungry\5afc6a14-a9d8-45f8-b31d-c79dd87cc8c6-1430757081034-1.7-m-48-hu.wav,-17.864893,6.68,0.14531029760837555,0.07797133177518845,0.33140811011904764,0.13069422852288295,235.47230928250775,65.6909244284565
290,hungry,64acb345-a61e-4ef3-a5a6-cf83c04b83f1-1430058973897-1.7-m-72-hu.wav,C:\Users\Lenovo\Desktop\Mindcloud\Final project\ML model\initial\hungry\64acb345-a61e-4ef3-a5a6-cf83c04b83f1-1430058973897-1.7-m-72-hu.wav,-19.902323,6.62,0.1373039335012436,0.15589474141597748,0.2447228064903846,0.057435868779265244,242.1400147013643,76.76683434027389
291,hungry,b5044f9a-6f2e-44fc-8e04-9076a988acf2-1435544527174-1.7-m-04-hu.wav,C:\Users\Lenovo\Desktop\Mindcloud\Final project\ML model\initial\hungry\b5044f9a-6f2e-44fc-8e04-9076a988acf2-1435544527174-1.7-m-04-hu.wav,-21.996487,6.9,0.014310594648122787,0.016030877828598022,0.09491644965277778,0.08115789494748135,114.84228579015571,53.7383231715342
292,hungry,7A864194-4B6B-4850-ABBF-0C2A8170107B-1436846870-1.1-f-26-hu.wav,C:\Users\Lenovo\Desktop\Mindcloud\Final project\ML model\initial\hungry\7A864194-4B6B-4850-ABBF-0C2A8170107B-1436846870-1.1-f-26-hu.wav,-19.325205,7.0,0.12140343338251114,0.13204656541347504,0.2946644176136364,0.08604736138492375,244.95499690570094,66.83743683595691
293,hungry,50DC5FBC-AC95-44F2-B55F-E4E5FB03AC96-1430108024-1.0-m-26-hu.wav,C:\Users\Lenovo\Desktop\Mindcloud\Final project\ML model\initial\hungry\50DC5FBC-AC95-44F2-B55F-E4E5FB03AC96-1430108024-1.0-m-26-hu.wav,-17.149673,7.0,0.06948687881231308,0.034629762172698975,0.4188876065340909,0.10780883163258849,203.6087253153693,56.1752953128157
294,hungry,999bf14b-e417-4b44-b746-9253f81efe38-1431013054417-1.7-m-26-hu.wav,C:\Users\Lenovo\Desktop\Mindcloud\Final project\ML model\initial\hungry\999bf14b-e417-4b44-b746-9253f81efe38-1431013054417-1.7-m-26-hu.wav,-26.564726,6.9,0.06587537378072739,0.055115342140197754,0.1687599464699074,0.05474227977646662,208.14106566779373,69.72841476072844
295,tired,B2AABCE0-1F62-4B57-B58A-308959ABDFE7-1437188751-1.1-m-26-ti.wav,C:\Users\Lenovo\Desktop\Mindcloud\Final project\ML model\initial\tired\B2AABCE0-1F62-4B57-B58A-308959ABDFE7-1437188751-1.1-m-26-ti.wav,-21.806356,7.0,0.07053124904632568,0.06530452519655228,0.27918590198863635,0.16067505650703948,192.63925076768382,50.458536607131556
296,hungry,CC8771B1-C84E-4223-A010-029A7629A975-1434107299-1.1-f-04-hu.wav,C:\Users\Lenovo\Desktop\Mindcloud\Final project\ML model\initial\hungry\CC8771B1-C84E-4223-A010-029A7629A975-1434107299-1.1-f-04-hu.wav,-31.939623,7.0,0.017497124150395393,0.014977671205997467,0.3048961292613636,0.07120630031741403,174.50925777970696,54.35411875718945
297,discomfort,d6cda191-4962-4308-9a36-46d5648a95ed-1426942891562-1.4-f-48-dc.wav,C:\Users\Lenovo\Desktop\Mindcloud\Final project\ML model\initial\discomfort\d6cda191-4962-4308-9a36-46d5648a95ed-1426942891562-1.4-f-48-dc.wav,-29.86539,6.82,0.0033796580974012613,0.0049859751015901566,0.22082633615654207,0.1058105780090967,123.71387816918296,54.428604865864436
298,discomfort,D1CB71F9-EF76-49B3-A703-41D557444D21-1436863419-1.1-f-26-dc.wav,C:\Users\Lenovo\Desktop\Mindcloud\Final project\ML model\initial\discomfort\D1CB71F9-EF76-49B3-A703-41D557444D21-1436863419-1.1-f-26-dc.wav,-20.261997,7.0,0.10221248865127563,0.07850240916013718,0.2098455255681818,0.05854419540072231,190.28064553977714,52.27548886920209
299,hungry,035c6b30-a145-42b9-8d0f-445cd9003d2c-1435948197257-1.7-m-04-hu.wav,C:\Users\Lenovo\Desktop\Mindcloud\Final project\ML model\initial\hungry\035c6b30-a145-42b9-8d0f-445cd9003d2c-1435948197257-1.7-m-04-hu.wav,-19.808558,6.96,0.1117289587855339,0.05571424216032028,0.38470738962155965,0.11148750442823986,195.7028321456951,71.66968200939756
300,tired,03ADDCFB-354E-416D-BF32-260CF47F7060-1433658024-1.1-f-04-ti.wav,C:\Users\Lenovo\Desktop\Mindcloud\Final project\ML model\initial\tired\03ADDCFB-354E-416D-BF32-260CF47F7060-1433658024-1.1-f-04-ti.wav,-18.337557,7.0,0.09850811213254929,0.055553220212459564,0.30143821022727274,0.08531796525499169,215.24361259551483,57.27340662805925
301,hungry,b4c460d8-bd6b-4017-9bb8-2ae4ff0c5af1-1432751065608-1.7-f-26-hu.wav,C:\Users\Lenovo\Desktop\Mindcloud\Final project\ML model\initial\hungry\b4c460d8-bd6b-4017-9bb8-2ae4ff0c5af1-1432751065608-1.7-f-26-hu.wav,-13.446171,6.92,0.30681851506233215,0.1182657852768898,0.2707228354357798,0.09185895977721724,216.30174481721545,59.234715889529575
302,hungry,045C5483-69E1-4BEC-B1D8-9286D174B9B2-1430102996-1.0-m-04-hu.wav,C:\Users\Lenovo\Desktop\Mindcloud\Final project\ML model\initial\hungry\045C5483-69E1-4BEC-B1D8-9286D174B9B2-1430102996-1.0-m-04-hu.wav,-21.23317,7.0,0.17211535573005676,0.1607971042394638,0.15557084517045455,0.0506210294532011,212.83760785874594,32.23331252308226
303,hungry,F2F97740-D638-4B6F-9E09-3AC65F06B448-1436849313-1.1-f-48-hu.wav,C:\Users\Lenovo\Desktop\Mindcloud\Final project\ML model\initial\hungry\F2F97740-D638-4B6F-9E09-3AC65F06B448-1436849313-1.1-f-48-hu.wav,-20.30125,7.0,0.04318245127797127,0.04140079393982887,0.20231711647727274,0.048591687694260824,160.47768603410614,69.82043619940643
304,hungry,090C15A8-5406-4EA5-97A3-81F6527227C0-1430147525-1.0-m-72-hu.wav,C:\Users\Lenovo\Desktop\Mindcloud\Final project\ML model\initial\hungry\090C15A8-5406-4EA5-97A3-81F6527227C0-1430147525-1.0-m-72-hu.wav,-27.928993,7.0,0.0611446350812912,0.11068352311849594,0.2932794744318182,0.06545302832415413,189.05115017325562,86.1022523390927
305,tired,eea17285-4ab9-4d34-a2f5-55fc8c866ac6-1431887695278-1.7-f-26-ti.wav,C:\Users\Lenovo\Desktop\Mindcloud\Final project\ML model\initial\tired\eea17285-4ab9-4d34-a2f5-55fc8c866ac6-1431887695278-1.7-f-26-ti.wav,-35.851143,6.92,0.0014604165917262435,0.001017437083646655,0.1299231293004587,0.06565235907334248,107.44366655235898,27.491918616101415
306,hungry,edb5924c-07ba-4eaa-838b-aaf9511a219b-1431899400326-1.7-m-48-hu.wav,C:\Users\Lenovo\Desktop\Mindcloud\Final project\ML model\initial\hungry\edb5924c-07ba-4eaa-838b-aaf9511a219b-1431899400326-1.7-m-48-hu.wav,-20.690336,6.96,0.10596605390310287,0.1051822155714035,0.1962890625,0.058037839462762204,178.1751596878406,74.21760917982698
307,hungry,69374818-7b73-48ac-8200-e6a225e293fb-1430746080630-1.7-m-04-hu.wav,C:\Users\Lenovo\Desktop\Mindcloud\Final project\ML model\initial\hungry\69374818-7b73-48ac-8200-e6a225e293fb-1430746080630-1.7-m-04-hu.wav,-18.41839,6.72,0.19001838564872742,0.13108696043491364,0.23415389150943397,0.08234580689457094,213.1674207469183,60.60800674165809
308,discomfort,d6cda191-4962-4308-9a36-46d5648a95ed-1431161889263-1.7-m-04-dc.wav,C:\Users\Lenovo\Desktop\Mindcloud\Final project\ML model\initial\discomfort\d6cda191-4962-4308-9a36-46d5648a95ed-1431161889263-1.7-m-04-dc.wav,-33.283306,6.84,0.014635467901825905,0.016206953674554825,0.2819983936915888,0.0770240087756515,200.9302820463202,63.333681365912305
309,hungry,743E7CCA-D32B-40B6-9541-9808122D3F6B-1436860028-1.1-f-26-hu.wav,C:\Users\Lenovo\Desktop\Mindcloud\Final project\ML model\initial\hungry\743E7CCA-D32B-40B6-9541-9808122D3F6B-1436860028-1.1-f-26-hu.wav,-19.074736,7.0,0.11717861145734787,0.11125864833593369,0.3475497159090909,0.2046929552019015,187.3999524387719,62.55393149199408
310,hungry,7A864194-4B6B-4850-ABBF-0C2A8170107B-1436846824-1.1-f-26-hu.wav,C:\Users\Lenovo\Desktop\Mindcloud\Final project\ML model\initial\hungry\7A864194-4B6B-4850-ABBF-0C2A8170107B-1436846824-1.1-f-26-hu.wav,-28.174265,7.0,0.03514520451426506,0.04145282879471779,0.22743696732954546,0.04546020234193509,191.97383313974203,88.14071855464643
311,hungry,8c920fd0-fa9f-4926-bcac-074767dcbfcd-1436856363348-1.7-f-04-hu.wav,C:\Users\Lenovo\Desktop\Mindcloud\Final project\ML model\initial\hungry\8c920fd0-fa9f-4926-bcac-074767dcbfcd-1436856363348-1.7-f-04-hu.wav,-29.844603,6.68,0.025164730846881866,0.023530352860689163,0.22718098958333333,0.09479847738330761,179.78779045519943,75.61738903784364
312,hungry,86c2b87a-ae7c-46a3-b6fb-7ebe748812cf-1430036593222-1.7-f-26-hu.wav,C:\Users\Lenovo\Desktop\Mindcloud\Final project\ML model\initial\hungry\86c2b87a-ae7c-46a3-b6fb-7ebe748812cf-1430036593222-1.7-f-26-hu.wav,-14.375103,7.04,0.056217603385448456,0.058062855154275894,0.14808558558558557,0.05943166313223972,138.65210790631622,71.4129022148106
313,hungry,719bb382-a592-46b7-82d2-8b4a625263b7-1430376267895-1.7-m-48-hu.wav,C:\Users\Lenovo\Desktop\Mindcloud\Final project\ML model\initial\hungry\719bb382-a592-46b7-82d2-8b4a625263b7-1430376267895-1.7-m-48-hu.wav,-40.663155,6.86,0.004459857475012541,0.011295483447611332,0.21300365306712962,0.06877449724601885,182.55706702116728,75.42509163030448
314,hungry,69374818-7b73-48ac-8200-e6a225e293fb-1430746091424-1.7-m-04-hu.wav,C:\Users\Lenovo\Desktop\Mindcloud\Final project\ML model\initial\hungry\69374818-7b73-48ac-8200-e6a225e293fb-1430746091424-1.7-m-04-hu.wav,-25.106586,6.72,0.07962407916784286,0.10735543072223663,0.22438366008254718,0.07748697191487476,216.76617183489873,72.08742348965974
315,hungry,D54D9C2A-56ED-4338-9D1F-2ADB4E081DAD-1430036283-1.0-m-48-hu.wav,C:\Users\Lenovo\Desktop\Mindcloud\Final project\ML model\initial\hungry\D54D9C2A-56ED-4338-9D1F-2ADB4E081DAD-1430036283-1.0-m-48-hu.wav,-24.091663,7.0,0.07422716170549393,0.0839395746588707,0.3708584872159091,0.07802808074670978,192.92424444552583,71.41400984069197
316,hungry,653bf718-94bd-40d0-af7c-8fe44e07640c-1430759214066-1.7-m-04-hu.wav,C:\Users\Lenovo\Desktop\Mindcloud\Final project\ML model\initial\hungry\653bf718-94bd-40d0-af7c-8fe44e07640c-1430759214066-1.7-m-04-hu.wav,-31.339502,6.86,0.03862219303846359,0.035574913024902344,0.1554859302662037,0.09413893456209868,202.48622258610078,76.53459338348142
317,hungry,31e785de-b0c9-464f-88e2-bd8f1dd5cda4-1433403682898-1.7-m-04-hu.wav,C:\Users\Lenovo\Desktop\Mindcloud\Final project\ML model\initial\hungry\31e785de-b0c9-464f-88e2-bd8f1dd5cda4-1433403682898-1.7-m-04-hu.wav,-25.342001,6.78,0.11552067846059799,0.1132868304848671,0.2852852299528302,0.1409781207293074,208.47363933650362,82.9889149273085
318,hungry,4CD5903D-E2CE-401E-B898-D873C763F44B-1430727653-1.0-m-26-hu.wav,C:\Users\Lenovo\Desktop\Mindcloud\Final project\ML model\initial\hungry\4CD5903D-E2CE-401E-B898-D873C763F44B-1430727653-1.0-m-26-hu.wav,-31.519009,7.0,0.019966965541243553,0.01884354278445244,0.27761896306818185,0.08917038334634694,184.79045514202332,78.53784378861886
319,hungry,177dc72e-d0f8-47ef-a5a7-3b46878e11a0-1430736358754-1.7-f-26-hu.wav,C:\Users\Lenovo\Desktop\Mindcloud\Final project\ML model\initial\hungry\177dc72e-d0f8-47ef-a5a7-3b46878e11a0-1430736358754-1.7-f-26-hu.wav,-22.444002,6.92,0.1254618763923645,0.15238380432128906,0.2801928038990826,0.08788190204630422,208.3209653117355,68.66798158156492
320,hungry,8b1faa77-e3ac-48af-bf2a-58aadebefcba-1436798541805-1.7-m-04-hu.wav,C:\Users\Lenovo\Desktop\Mindcloud\Final project\ML model\initial\hungry\8b1faa77-e3ac-48af-bf2a-58aadebefcba-1436798541805-1.7-m-04-hu.wav,-32.44802,6.74,0.025479642674326897,0.06035705283284187,0.2605625368514151,0.07031762847660392,127.22442492110294,63.21166064352143
321,tired,d6cda191-4962-4308-9a36-46d5648a95ed-1431587887997-1.7-m-04-ti.wav,C:\Users\Lenovo\Desktop\Mindcloud\Final project\ML model\initial\tired\d6cda191-4962-4308-9a36-46d5648a95ed-1431587887997-1.7-m-04-ti.wav,-30.63439,6.82,0.09197334945201874,0.1263802945613861,0.37799357476635514,0.07717826939947035,187.83004733953135,73.98883041678332
322,hungry,3BF71DAF-2A9E-4355-89D3-41AC37E94083-1437281306-1.1-f-26-hu.wav,C:\Users\Lenovo\Desktop\Mindcloud\Final project\ML model\initial\hungry\3BF71DAF-2A9E-4355-89D3-41AC37E94083-1437281306-1.1-f-26-hu.wav,-33.857903,7.0,0.009613675065338612,0.00978834182024002,0.2559881036931818,0.07560814252655536,190.3699558048809,70.59928921281268
323,hungry,3030d0e9-0c9b-4616-9b83-f10dc2dedbfd-1430053594259-1.7-m-26-hu.wav,C:\Users\Lenovo\Desktop\Mindcloud\Final project\ML model\initial\hungry\3030d0e9-0c9b-4616-9b83-f10dc2dedbfd-1430053594259-1.7-m-26-hu.wav,-23.915537,6.74,0.03656556084752083,0.025319917127490044,0.19820994251179244,0.0676143139994787,205.34057198470063,56.5871076136731
324,hungry,a40b9b8d-e4bc-457a-badf-f38bdbc0c358-1430016779981-1.7-m-26-hu.wav,C:\Users\Lenovo\Desktop\Mindcloud\Final project\ML model\initial\hungry\a40b9b8d-e4bc-457a-badf-f38bdbc0c358-1430016779981-1.7-m-26-hu.wav,-15.825237,6.94,0.09809370338916779,0.09797049313783646,0.20636378297018348,0.08159791736655812,173.23684029754253,60.50194480441673
325,hungry,3941D08C-5A97-48A4-8830-091D878137F6-1430099813-1.0-m-72-hu.wav,C:\Users\Lenovo\Desktop\Mindcloud\Final project\ML model\initial\hungry\3941D08C-5A97-48A4-8830-091D878137F6-1430099813-1.0-m-72-hu.wav,-12.039504,7.0,0.19046363234519958,0.12046483904123306,0.2998135653409091,0.08337758604851228,217.86899150070806,68.06163135288784
326,hungry,2EE636FB-BD76-4118-A0EF-82FAFC32301F-1436586600-1.1-f-04-hu.wav,C:\Users\Lenovo\Desktop\Mindcloud\Final project\ML model\initial\hungry\2EE636FB-BD76-4118-A0EF-82FAFC32301F-1436586600-1.1-f-04-hu.wav,-25.245663,7.0,0.04522465541958809,0.03264668211340904,0.1736017400568182,0.043085248781334476,183.41536914073671,74.62204029162768
327,hungry,f896b69d-6241-4b51-9c45-0d628bc827c1-1430090274181-1.7-m-04-hu.wav,C:\Users\Lenovo\Desktop\Mindcloud\Final project\ML model\initial\hungry\f896b69d-6241-4b51-9c45-0d628bc827c1-1430090274181-1.7-m-04-hu.wav,-24.459803,6.9,0.057840410619974136,0.08468204736709595,0.082275390625,0.031627668772680716,166.6142939571322,67.22387650270117
328,hungry,11417AC2-DCC9-48CD-8177-CA8665E51B2F-1436881489-1.1-m-48-hu.wav,C:\Users\Lenovo\Desktop\Mindcloud\Final project\ML model\initial\hungry\11417AC2-DCC9-48CD-8177-CA8665E51B2F-1436881489-1.1-m-48-hu.wav,-21.514118,7.0,0.03283971548080444,0.015049856156110764,0.33272372159090907,0.10263300582402363,186.11949009886624,62.13448510972438
329,hungry,C421C6FE-DFEE-4080-8AEA-848E7CE4756B-1430548250-1.0-f-48-hu.wav,C:\Users\Lenovo\Desktop\Mindcloud\Final project\ML model\initial\hungry\C421C6FE-DFEE-4080-8AEA-848E7CE4756B-1430548250-1.0-f-48-hu.wav,-22.686195,7.0,0.059648483991622925,0.037086427211761475,0.2080477627840909,0.06591373131299981,199.335974024598,57.615859069129556
330,hungry,e37c323c-0edb-4942-be47-3cc0b2de00a1-1434392919844-1.7-f-26-hu.wav,C:\Users\Lenovo\Desktop\Mindcloud\Final project\ML model\initial\hungry\e37c323c-0edb-4942-be47-3cc0b2de00a1-1434392919844-1.7-f-26-hu.wav,-31.880373,6.88,0.01629759930074215,0.019118379801511765,0.2482593677662037,0.11588094511033482,169.52916317301495,63.183101202819486
331,hungry,e36730a9-d62b-4752-856f-b42feb1585df-1429975817524-1.7-m-04-hu.wav,C:\Users\Lenovo\Desktop\Mindcloud\Final project\ML model\initial\hungry\e36730a9-d62b-4752-856f-b42feb1585df-1429975817524-1.7-m-04-hu.wav,-34.185806,6.76,0.033254511654376984,0.062236689031124115,0.2586048054245283,0.08645857832538309,204.11529140638865,67.96365173662211
332,hungry,818A32F4-D5D8-426C-B88C-81A8154AC81A-1430093571-1.0-m-26-hu.wav,C:\Users\Lenovo\Desktop\Mindcloud\Final project\ML model\initial\hungry\818A32F4-D5D8-426C-B88C-81A8154AC81A-1430093571-1.0-m-26-hu.wav,-12.572733,7.0,0.15278907120227814,0.10466507077217102,0.26663263494318185,0.05779976959179319,202.0663539604169,54.02248057625712
333,hungry,80f5ab0a-16c1-4738-9209-fbdae52ff769-1430140636917-1.7-f-04-hu.wav,C:\Users\Lenovo\Desktop\Mindcloud\Final project\ML model\initial\hungry\80f5ab0a-16c1-4738-9209-fbdae52ff769-1430140636917-1.7-f-04-hu.wav,-29.312244,6.9,0.044594500213861465,0.04678395017981529,0.2570845992476852,0.1347316712745646,199.51526679947963,68.78479091573418
334,hungry,a40b9b8d-e4bc-457a-badf-f38bdbc0c358-1430016745385-1.7-m-04-hu.wav,C:\Users\Lenovo\Desktop\Mindcloud\Final project\ML model\initial\hungry\a40b9b8d-e4bc-457a-badf-f38bdbc0c358-1430016745385-1.7-m-04-hu.wav,-12.631317,6.86,0.16793937981128693,0.1592247188091278,0.25675003616898145,0.14851117049623455,178.3819928898905,71.82475864198365
335,hungry,96986c8b-9988-4c37-a0f8-e7c4269cc3ac-1431719845836-1.7-m-26-hu.wav,C:\Users\Lenovo\Desktop\Mindcloud\Final project\ML model\initial\hungry\96986c8b-9988-4c37-a0f8-e7c4269cc3ac-1431719845836-1.7-m-26-hu.wav,-21.326677,6.72,0.08611685037612915,0.06714052706956863,0.20271963443396226,0.051183097614102856,196.6052627992768,71.93520670152337
336,hungry,7E4B9C14-F955-4BED-9B03-7F3096A6CBFF-1430232157-1.0-f-26-hu.wav,C:\Users\Lenovo\Desktop\Mindcloud\Final project\ML model\initial\hungry\7E4B9C14-F955-4BED-9B03-7F3096A6CBFF-1430232157-1.0-f-26-hu.wav,-30.50213,7.0,0.043006781488657,0.08002299815416336,0.27866654829545456,0.059735282696550464,179.03257042511882,63.40264190796126
337,hungry,2a0e6a88-b049-4f46-a3d6-d73ffae470d5-1430770161530-1.7-m-04-hu.wav,C:\Users\Lenovo\Desktop\Mindcloud\Final project\ML model\initial\hungry\2a0e6a88-b049-4f46-a3d6-d73ffae470d5-1430770161530-1.7-m-04-hu.wav,-20.631468,6.94,0.09021855890750885,0.08301834762096405,0.23073304902522937,0.11169110224065996,173.9374376239659,60.266361575221325
338,hungry,7b23d26e-6f97-4e8b-b520-a9fdde21ee91-1432275312750-1.7-m-48-hu.wav,C:\Users\Lenovo\Desktop\Mindcloud\Final project\ML model\initial\hungry\7b23d26e-6f97-4e8b-b520-a9fdde21ee91-1432275312750-1.7-m-48-hu.wav,-16.741547,6.94,0.20173972845077515,0.11599158495664597,0.26547717173165136,0.11786923218854378,204.20398997810614,64.47410970860336
339,hungry,efd13da0-d40e-48bc-b14e-dee28af4d3c6-1430728179252-1.7-m-22-hu.wav,C:\Users\Lenovo\Desktop\Mindcloud\Final project\ML model\initial\hungry\efd13da0-d40e-48bc-b14e-dee28af4d3c6-1430728179252-1.7-m-22-hu.wav,-27.682775,6.9,0.09764137119054794,0.09027812629938126,0.1847873263888889,0.10669989844176164,231.787570516777,74.18638451147623
340,hungry,6639C63C-F634-489C-91B3-E3DB5930EFD5-1431370278-1.1-m-04-hu.wav,C:\Users\Lenovo\Desktop\Mindcloud\Final project\ML model\initial\hungry\6639C63C-F634-489C-91B3-E3DB5930EFD5-1431370278-1.1-m-04-hu.wav,-25.469427,7.0,0.11446589231491089,0.06472676992416382,0.1390047940340909,0.06651683495645823,188.06225788948746,41.22538756962584
341,hungry,090C15A8-5406-4EA5-97A3-81F6527227C0-1430147582-1.0-m-72-hu.wav,C:\Users\Lenovo\Desktop\Mindcloud\Final project\ML model\initial\hungry\090C15A8-5406-4EA5-97A3-81F6527227C0-1430147582-1.0-m-72-hu.wav,-34.22605,7.0,0.02095124125480652,0.015301193110644817,0.17657581676136364,0.05422104341068957,222.10718522501838,67.3687845103222
342,hungry,7B924575-21FC-462A-969E-BABB46D1CBF5-1430055234-1.0-f-72-hu.wav,C:\Users\Lenovo\Desktop\Mindcloud\Final project\ML model\initial\hungry\7B924575-21FC-462A-969E-BABB46D1CBF5-1430055234-1.0-f-72-hu.wav,-30.11148,7.0,0.02696734108030796,0.030745645985007286,0.27574573863636365,0.08729005643358065,200.00508559189905,60.54931282515154
343,discomfort,64acb345-a61e-4ef3-a5a6-cf83c04b83f1-1430059012473-1.7-m-72-dc.wav,C:\Users\Lenovo\Desktop\Mindcloud\Final project\ML model\initial\discomfort\64acb345-a61e-4ef3-a5a6-cf83c04b83f1-1430059012473-1.7-m-72-dc.wav,-16.116459,6.68,0.35625720024108887,0.20406223833560944,0.2903134300595238,0.06785702175553429,227.34486678834742,64.04391331361522
344,hungry,92d08bbe-553f-4844-85b1-15d572f06ea2-1436873183951-1.7-m-04-hu.wav,C:\Users\Lenovo\Desktop\Mindcloud\Final project\ML model\initial\hungry\92d08bbe-553f-4844-85b1-15d572f06ea2-1436873183951-1.7-m-04-hu.wav,-13.129927,6.78,0.1588251292705536,0.10983677953481674,0.22086434994103774,0.10113114264530548,205.35029665080077,67.60550546800496
345,hungry,02c3b725-26e4-4a2c-9336-04ddc58836d9-1430726196216-1.7-m-04-hu.wav,C:\Users\Lenovo\Desktop\Mindcloud\Final project\ML model\initial\hungry\02c3b725-26e4-4a2c-9336-04ddc58836d9-1430726196216-1.7-m-04-hu.wav,-47.225506,6.94,0.0008510592742823064,0.0006864379392936826,0.25793345040137616,0.08184155653367806,183.22808863795638,85.60412788051451
346,discomfort,discomfortae5a462b-5424-4b5b-82d5-07ccb61654ab-1431064345173-1.7-f-48-dc_pitch-2.wav,./Aug/discomfortae5a462b-5424-4b5b-82d5-07ccb61654ab-1431064345173-1.7-f-48-dc_pitch-2.wav,-38.915234,6.9,0.010902640409767628,0.014848639257252216,0.14032023385067113,0.05429179699206982,148.51968172871514,73.79047048045076
347,discomfort,discomfortae5a462b-5424-4b5b-82d5-07ccb61654ab-1431064345173-1.7-f-48-dc_pitch-1.wav,./Aug/discomfortae5a462b-5424-4b5b-82d5-07ccb61654ab-1431064345173-1.7-f-48-dc_pitch-1.wav,-38.889233,6.9,0.010866278782486916,0.01483417209237814,0.14456074349832215,0.059624607049943545,132.82733131171332,64.1509226324763
348,discomfort,discomfortae5a462b-5424-4b5b-82d5-07ccb61654ab-1431064345173-1.7-f-48-dc_pitch1.wav,./Aug/discomfortae5a462b-5424-4b5b-82d5-07ccb61654ab-1431064345173-1.7-f-48-dc_pitch1.wav,-39.440193,6.9,0.010512438602745533,0.01430986076593399,0.16079855285234898,0.0680781891650524,145.60634497481905,72.77329849755365
349,discomfort,discomfortae5a462b-5424-4b5b-82d5-07ccb61654ab-1431064345173-1.7-f-48-dc_pitch2.wav,./Aug/discomfortae5a462b-5424-4b5b-82d5-07ccb61654ab-1431064345173-1.7-f-48-dc_pitch2.wav,-40.072792,6.9,0.01107321958988905,0.014706327579915524,0.17255662751677853,0.06784768632309279,157.5580689851426,76.9806665369831
350,discomfort,discomfortae5a462b-5424-4b5b-82d5-07ccb61654ab-1431064345173-1.7-f-48-dc_pitch1.5.wav,./Aug/discomfortae5a462b-5424-4b5b-82d5-07ccb61654ab-1431064345173-1.7-f-48-dc_pitch1.5.wav,-39.53676,6.9,0.010640552267432213,0.014108128845691681,0.16490142617449666,0.06706907775584063,157.97701329154205,79.015527930311
351,discomfort,discomfortae5a462b-5424-4b5b-82d5-07ccb61654ab-1431064345173-1.7-f-48-dc_pitch-1.5.wav,./Aug/discomfortae5a462b-5424-4b5b-82d5-07ccb61654ab-1431064345173-1.7-f-48-dc_pitch-1.5.wav,-39.085857,6.9,0.010486328974366188,0.013834111392498016,0.14217996277265102,0.054651227126078346,144.52028771216348,74.81638879675795
352,discomfort,discomfortae5a462b-5424-4b5b-82d5-07ccb61654ab-1431064345173-1.7-f-48-dc_speed0.9.wav,./Aug/discomfortae5a462b-5424-4b5b-82d5-07ccb61654ab-1431064345173-1.7-f-48-dc_speed0.9.wav,-39.27399,7.666666666666667,0.010899278335273266,0.014774760231375694,0.15469074537386707,0.06343965905124105,146.9490097391538,74.24357891335998
353,discomfort,discomfortae5a462b-5424-4b5b-82d5-07ccb61654ab-1431064345173-1.7-f-48-dc_speed1.1.wav,./Aug/discomfortae5a462b-5424-4b5b-82d5-07ccb61654ab-1431064345173-1.7-f-48-dc_speed1.1.wav,-38.98227,6.272743764172335,0.011004059575498104,0.014490335248410702,0.15233293934501846,0.061152957029456584,139.17825971926254,71.15760548065349
354,discomfort,discomfortae5a462b-5424-4b5b-82d5-07ccb61654ab-1431064345173-1.7-f-48-dc_speed0.95.wav,./Aug/discomfortae5a462b-5424-4b5b-82d5-07ccb61654ab-1431064345173-1.7-f-48-dc_speed0.95.wav,-39.463886,7.263174603174603,0.010897097177803516,0.01489268895238638,0.15542319788338657,0.060712992331996986,147.2245822905018,73.16543521722875
355,discomfort,discomfortae5a462b-5424-4b5b-82d5-07ccb61654ab-1431064345173-1.7-f-48-dc_speed1.05.wav,./Aug/discomfortae5a462b-5424-4b5b-82d5-07ccb61654ab-1431064345173-1.7-f-48-dc_speed1.05.wav,-39.32421,6.571428571428571,0.011090351268649101,0.01462287176400423,0.1568448778609155,0.05973185189116519,142.51242567697736,74.38104355794651
356,discomfort,discomfortae5a462b-5424-4b5b-82d5-07ccb61654ab-1431064345173-1.7-f-48-dc_noise283.wav,./Aug/discomfortae5a462b-5424-4b5b-82d5-07ccb61654ab-1431064345173-1.7-f-48-dc_noise283.wav,-29.083948,6.9,0.01657146029174328,0.020967906340956688,0.34302904781879195,0.13791109305364532,134.13082645159855,76.38732433507947
357,discomfort,discomfortae5a462b-5424-4b5b-82d5-07ccb61654ab-1431064345173-1.7-f-48-dc_noise283.wav,./Aug/discomfortae5a462b-5424-4b5b-82d5-07ccb61654ab-1431064345173-1.7-f-48-dc_noise283.wav,-29.083948,6.9,0.01657146029174328,0.020967906340956688,0.34302904781879195,0.13791109305364532,134.13082645159855,76.38732433507947
358,discomfort,discomfortae5a462b-5424-4b5b-82d5-07ccb61654ab-1431064345173-1.7-f-48-dc_noise283.wav,./Aug/discomfortae5a462b-5424-4b5b-82d5-07ccb61654ab-1431064345173-1.7-f-48-dc_noise283.wav,-29.083948,6.9,0.01657146029174328,0.020967906340956688,0.34302904781879195,0.13791109305364532,134.13082645159855,76.38732433507947
359,discomfort,discomfortae5a462b-5424-4b5b-82d5-07ccb61654ab-1431064345173-1.7-f-48-dc_noise283.wav,./Aug/discomfortae5a462b-5424-4b5b-82d5-07ccb61654ab-1431064345173-1.7-f-48-dc_noise283.wav,-29.083948,6.9,0.01657146029174328,0.020967906340956688,0.34302904781879195,0.13791109305364532,134.13082645159855,76.38732433507947
360,discomfort,discomfortae5a462b-5424-4b5b-82d5-07ccb61654ab-1431064345173-1.7-f-48-dc_noise283.wav,./Aug/discomfortae5a462b-5424-4b5b-82d5-07ccb61654ab-1431064345173-1.7-f-48-dc_noise283.wav,-29.083948,6.9,0.01657146029174328,0.020967906340956688,0.34302904781879195,0.13791109305364532,134.13082645159855,76.38732433507947
361,discomfort,discomfort837fd072-8704-4196-9ff1-1d2c07886e55-1432429478471-1.7-m-22-dc_pitch-2.wav,./Aug/discomfort837fd072-8704-4196-9ff1-1d2c07886e55-1432429478471-1.7-m-22-dc_pitch-2.wav,-32.565266,6.96,0.0031605614349246025,0.0023618179839104414,0.0558349609375,0.01996857896869866,130.85276565903462,47.58860359231732
362,discomfort,discomfort837fd072-8704-4196-9ff1-1d2c07886e55-1432429478471-1.7-m-22-dc_pitch-1.wav,./Aug/discomfort837fd072-8704-4196-9ff1-1d2c07886e55-1432429478471-1.7-m-22-dc_pitch-1.wav,-33.261616,6.96,0.003327994141727686,0.0023546391166746616,0.05320475260416667,0.01616519702051761,134.71610065183856,47.13325607097378
363,discomfort,discomfort837fd072-8704-4196-9ff1-1d2c07886e55-1432429478471-1.7-m-22-dc_pitch1.wav,./Aug/discomfort837fd072-8704-4196-9ff1-1d2c07886e55-1432429478471-1.7-m-22-dc_pitch1.wav,-34.302666,6.96,0.003255731426179409,0.0021173974964767694,0.06024088541666667,0.017675021085557196,145.62594055873797,54.77503814655833
364,discomfort,discomfort837fd072-8704-4196-9ff1-1d2c07886e55-1432429478471-1.7-m-22-dc_pitch2.wav,./Aug/discomfort837fd072-8704-4196-9ff1-1d2c07886e55-1432429478471-1.7-m-22-dc_pitch2.wav,-34.48049,6.96,0.003204760141670704,0.0021387722808867693,0.06572265625,0.02480141926057594,144.66660293930155,54.60038367089663
365,discomfort,discomfort837fd072-8704-4196-9ff1-1d2c07886e55-1432429478471-1.7-m-22-dc_pitch1.5.wav,./Aug/discomfort837fd072-8704-4196-9ff1-1d2c07886e55-1432429478471-1.7-m-22-dc_pitch1.5.wav,-34.25718,6.96,0.0035934075713157654,0.0026566321030259132,0.060625,0.0238957733268838,141.34156311761961,54.61282819311548
366,discomfort,discomfort837fd072-8704-4196-9ff1-1d2c07886e55-1432429478471-1.7-m-22-dc_pitch-1.5.wav,./Aug/discomfort837fd072-8704-4196-9ff1-1d2c07886e55-1432429478471-1.7-m-22-dc_pitch-1.5.wav,-32.59888,6.96,0.0033288495615124702,0.002710954053327441,0.051419270833333336,0.016184486635640746,126.61620722067683,47.97863485586852
367,discomfort,discomfort837fd072-8704-4196-9ff1-1d2c07886e55-1432429478471-1.7-m-22-dc_speed0.9.wav,./Aug/discomfort837fd072-8704-4196-9ff1-1d2c07886e55-1432429478471-1.7-m-22-dc_speed0.9.wav,-33.384686,7.733333333333333,0.0034497627057135105,0.002627676585689187,0.05480152975299401,0.01889688714345248,135.9570914698548,48.720917480260624
368,discomfort,discomfort837fd072-8704-4196-9ff1-1d2c07886e55-1432429478471-1.7-m-22-dc_speed1.1.wav,./Aug/discomfort837fd072-8704-4196-9ff1-1d2c07886e55-1432429478471-1.7-m-22-dc_speed1.1.wav,-33.56583,6.327256235827664,0.003505989210680127,0.002531864680349827,0.05522586137820513,0.021651467805922926,145.09980154418068,47.42000151669988
369,discomfort,discomfort837fd072-8704-4196-9ff1-1d2c07886e55-1432429478471-1.7-m-22-dc_speed0.95.wav,./Aug/discomfort837fd072-8704-4196-9ff1-1d2c07886e55-1432429478471-1.7-m-22-dc_speed0.95.wav,-33.305943,7.326303854875284,0.003392344107851386,0.0026723970659077168,0.05329837074762658,0.01384727180683354,136.04827552125604,47.79576243086804
370,discomfort,discomfort837fd072-8704-4196-9ff1-1d2c07886e55-1432429478471-1.7-m-22-dc_speed1.05.wav,./Aug/discomfort837fd072-8704-4196-9ff1-1d2c07886e55-1432429478471-1.7-m-22-dc_speed1.05.wav,-32.882572,6.628571428571429,0.00329588633030653,0.002417566953226924,0.05726719569493007,0.015974186041918543,129.02430023595088,48.51297299206984
371,discomfort,discomfort837fd072-8704-4196-9ff1-1d2c07886e55-1432429478471-1.7-m-22-dc_noise283.wav,./Aug/discomfort837fd072-8704-4196-9ff1-1d2c07886e55-1432429478471-1.7-m-22-dc_noise283.wav,-28.286062,6.96,0.004928497597575188,0.00339111196808517,0.0959912109375,0.06311600429028527,139.93984020845897,48.470147292613596
372,discomfort,discomfort837fd072-8704-4196-9ff1-1d2c07886e55-1432429478471-1.7-m-22-dc_noise283.wav,./Aug/discomfort837fd072-8704-4196-9ff1-1d2c07886e55-1432429478471-1.7-m-22-dc_noise283.wav,-28.286062,6.96,0.004928497597575188,0.00339111196808517,0.0959912109375,0.06311600429028527,139.93984020845897,48.470147292613596
373,discomfort,discomfort837fd072-8704-4196-9ff1-1d2c07886e55-1432429478471-1.7-m-22-dc_noise283.wav,./Aug/discomfort837fd072-8704-4196-9ff1-1d2c07886e55-1432429478471-1.7-m-22-dc_noise283.wav,-28.286062,6.96,0.004928497597575188,0.00339111196808517,0.0959912109375,0.06311600429028527,139.93984020845897,48.470147292613596
374,discomfort,discomfort837fd072-8704-4196-9ff1-1d2c07886e55-1432429478471-1.7-m-22-dc_noise283.wav,./Aug/discomfort837fd072-8704-4196-9ff1-1d2c07886e55-1432429478471-1.7-m-22-dc_noise283.wav,-28.286062,6.96,0.004928497597575188,0.00339111196808517,0.0959912109375,0.06311600429028527,139.93984020845897,48.470147292613596
375,discomfort,discomfort837fd072-8704-4196-9ff1-1d2c07886e55-1432429478471-1.7-m-22-dc_noise283.wav,./Aug/discomfort837fd072-8704-4196-9ff1-1d2c07886e55-1432429478471-1.7-m-22-dc_noise283.wav,-28.286062,6.96,0.004928497597575188,0.00339111196808517,0.0959912109375,0.06311600429028527,139.93984020845897,48.470147292613596
376,discomfort,discomfort999bf14b-e417-4b44-b746-9253f81efe38-1430844979531-1.7-m-04-ch_pitch-2.wav,./Aug/discomfort999bf14b-e417-4b44-b746-9253f81efe38-1430844979531-1.7-m-04-ch_pitch-2.wav,-31.658398,6.9,0.008785688318312168,0.01622801460325718,0.04479898542365772,0.017580130356134198,143.63432939063105,74.63143646100518
377,discomfort,discomfort999bf14b-e417-4b44-b746-9253f81efe38-1430844979531-1.7-m-04-ch_pitch-1.wav,./Aug/discomfort999bf14b-e417-4b44-b746-9253f81efe38-1430844979531-1.7-m-04-ch_pitch-1.wav,-31.393137,6.9,0.009027142077684402,0.016408640891313553,0.046714424286912755,0.019005577218221097,148.94112617636105,71.7879565276742
378,discomfort,discomfort999bf14b-e417-4b44-b746-9253f81efe38-1430844979531-1.7-m-04-ch_pitch1.wav,./Aug/discomfort999bf14b-e417-4b44-b746-9253f81efe38-1430844979531-1.7-m-04-ch_pitch1.wav,-32.79884,6.9,0.009081026539206505,0.016541052609682083,0.056011430369127514,0.026986605880755483,153.2932250068262,58.179931769841104
379,discomfort,discomfort999bf14b-e417-4b44-b746-9253f81efe38-1430844979531-1.7-m-04-ch_pitch2.wav,./Aug/discomfort999bf14b-e417-4b44-b746-9253f81efe38-1430844979531-1.7-m-04-ch_pitch2.wav,-33.13161,6.9,0.00932080764323473,0.017287665978074074,0.05712562919463087,0.02829863589856998,140.5414299959522,61.26578256461383
380,discomfort,discomfort999bf14b-e417-4b44-b746-9253f81efe38-1430844979531-1.7-m-04-ch_pitch1.5.wav,./Aug/discomfort999bf14b-e417-4b44-b746-9253f81efe38-1430844979531-1.7-m-04-ch_pitch1.5.wav,-33.423515,6.9,0.008695217780768871,0.01527187880128622,0.05780234112835571,0.02662980627127393,151.49708636498738,62.39833391772321
381,discomfort,discomfort999bf14b-e417-4b44-b746-9253f81efe38-1430844979531-1.7-m-04-ch_pitch-1.5.wav,./Aug/discomfort999bf14b-e417-4b44-b746-9253f81efe38-1430844979531-1.7-m-04-ch_pitch-1.5.wav,-31.589083,6.9,0.008456689305603504,0.01627633348107338,0.04649158452181208,0.01739659126900113,140.2400444568053,71.4405135911338
382,discomfort,discomfort999bf14b-e417-4b44-b746-9253f81efe38-1430844979531-1.7-m-04-ch_speed0.9.wav,./Aug/discomfort999bf14b-e417-4b44-b746-9253f81efe38-1430844979531-1.7-m-04-ch_speed0.9.wav,-31.707628,7.666666666666667,0.009757420048117638,0.018437977880239487,0.05138016899546828,0.025288006880092608,139.7838437327708,59.17972976763138
383,discomfort,discomfort999bf14b-e417-4b44-b746-9253f81efe38-1430844979531-1.7-m-04-ch_speed1.1.wav,./Aug/discomfort999bf14b-e417-4b44-b746-9253f81efe38-1430844979531-1.7-m-04-ch_speed1.1.wav,-31.823616,6.272743764172335,0.009005642496049404,0.017019586637616158,0.049710995156826566,0.019184391717122096,144.49890578931388,64.41531235040134
384,discomfort,discomfort999bf14b-e417-4b44-b746-9253f81efe38-1430844979531-1.7-m-04-ch_speed0.95.wav,./Aug/discomfort999bf14b-e417-4b44-b746-9253f81efe38-1430844979531-1.7-m-04-ch_speed0.95.wav,-32.045803,7.263174603174603,0.008633826859295368,0.015936659649014473,0.05226793380591054,0.02536324076977888,140.21844088830855,58.245588443828694
385,discomfort,discomfort999bf14b-e417-4b44-b746-9253f81efe38-1430844979531-1.7-m-04-ch_speed1.05.wav,./Aug/discomfort999bf14b-e417-4b44-b746-9253f81efe38-1430844979531-1.7-m-04-ch_speed1.05.wav,-32.14746,6.571428571428571,0.008796893991529942,0.016278615221381187,0.05073482889524648,0.020757806680346675,145.7308988896608,61.36822169167834
386,discomfort,discomfort999bf14b-e417-4b44-b746-9253f81efe38-1430844979531-1.7-m-04-ch_noise283.wav,./Aug/discomfort999bf14b-e417-4b44-b746-9253f81efe38-1430844979531-1.7-m-04-ch_noise283.wav,-24.030827,6.9,0.013722600415349007,0.023789389058947563,0.26710131344379195,0.16513291868725571,123.93189350715193,67.39589168665023
387,discomfort,discomfort999bf14b-e417-4b44-b746-9253f81efe38-1430844979531-1.7-m-04-ch_noise283.wav,./Aug/discomfort999bf14b-e417-4b44-b746-9253f81efe38-1430844979531-1.7-m-04-ch_noise283.wav,-24.030827,6.9,0.013722600415349007,0.023789389058947563,0.26710131344379195,0.16513291868725571,123.93189350715193,67.39589168665023
388,discomfort,discomfort999bf14b-e417-4b44-b746-9253f81efe38-1430844979531-1.7-m-04-ch_noise283.wav,./Aug/discomfort999bf14b-e417-4b44-b746-9253f81efe38-1430844979531-1.7-m-04-ch_noise283.wav,-24.030827,6.9,0.013722600415349007,0.023789389058947563,0.26710131344379195,0.16513291868725571,123.93189350715193,67.39589168665023
389,discomfort,discomfort999bf14b-e417-4b44-b746-9253f81efe38-1430844979531-1.7-m-04-ch_noise283.wav,./Aug/discomfort999bf14b-e417-4b44-b746-9253f81efe38-1430844979531-1.7-m-04-ch_noise283.wav,-24.030827,6.9,0.013722600415349007,0.023789389058947563,0.26710131344379195,0.16513291868725571,123.93189350715193,67.39589168665023
390,discomfort,discomfort999bf14b-e417-4b44-b746-9253f81efe38-1430844979531-1.7-m-04-ch_noise283.wav,./Aug/discomfort999bf14b-e417-4b44-b746-9253f81efe38-1430844979531-1.7-m-04-ch_noise283.wav,-24.030827,6.9,0.013722600415349007,0.023789389058947563,0.26710131344379195,0.16513291868725571,123.93189350715193,67.39589168665023
391,discomfort,discomfortf5b29377-7cd6-4688-942c-5a07add39dc5-1437480263225-1.7-f-26-dc_pitch-2.wav,./Aug/discomfortf5b29377-7cd6-4688-942c-5a07add39dc5-1437480263225-1.7-f-26-dc_pitch-2.wav,-23.104408,7.06,0.12420540302991867,0.07379774749279022,0.10361808401639344,0.03559062461676717,189.14118831579827,67.48868824621385
392,discomfort,discomfortf5b29377-7cd6-4688-942c-5a07add39dc5-1437480263225-1.7-f-26-dc_pitch-1.wav,./Aug/discomfortf5b29377-7cd6-4688-942c-5a07add39dc5-1437480263225-1.7-f-26-dc_pitch-1.wav,-23.066055,7.06,0.12655635178089142,0.07507440447807312,0.1099913550204918,0.037885881934120715,184.98962902660924,72.64083905748178
393,discomfort,discomfortf5b29377-7cd6-4688-942c-5a07add39dc5-1437480263225-1.7-f-26-dc_pitch1.wav,./Aug/discomfortf5b29377-7cd6-4688-942c-5a07add39dc5-1437480263225-1.7-f-26-dc_pitch1.wav,-23.121822,7.06,0.13026252388954163,0.07951052486896515,0.12322297643442623,0.043077351099596754,203.28370159010285,73.78798723002663
394,discomfort,discomfortf5b29377-7cd6-4688-942c-5a07add39dc5-1437480263225-1.7-f-26-dc_pitch2.wav,./Aug/discomfortf5b29377-7cd6-4688-942c-5a07add39dc5-1437480263225-1.7-f-26-dc_pitch2.wav,-23.14004,7.06,0.13115011155605316,0.07909904420375824,0.12900390625,0.041867416886210124,206.26078267097049,77.1535788991916
395,discomfort,discomfortf5b29377-7cd6-4688-942c-5a07add39dc5-1437480263225-1.7-f-26-dc_pitch1.5.wav,./Aug/discomfortf5b29377-7cd6-4688-942c-5a07add39dc5-1437480263225-1.7-f-26-dc_pitch1.5.wav,-23.099699,7.06,0.13213591277599335,0.07890289276838303,0.12475505891393443,0.041772792972486046,206.5003526223088,78.93590132066925
396,discomfort,discomfortf5b29377-7cd6-4688-942c-5a07add39dc5-1437480263225-1.7-f-26-dc_pitch-1.5.wav,./Aug/discomfortf5b29377-7cd6-4688-942c-5a07add39dc5-1437480263225-1.7-f-26-dc_pitch-1.5.wav,-22.887411,7.06,0.12740576267242432,0.07660195976495743,0.10616194928278688,0.035941409452009555,189.16662568317443,70.31459977680053
397,discomfort,discomfortf5b29377-7cd6-4688-942c-5a07add39dc5-1437480263225-1.7-f-26-dc_speed0.9.wav,./Aug/discomfortf5b29377-7cd6-4688-942c-5a07add39dc5-1437480263225-1.7-f-26-dc_speed0.9.wav,-23.157139,7.844444444444444,0.13076327741146088,0.07990571111440659,0.11603613859097633,0.039422498661473376,195.2113847713121,72.7728059566732
398,discomfort,discomfortf5b29377-7cd6-4688-942c-5a07add39dc5-1437480263225-1.7-f-26-dc_speed1.1.wav,./Aug/discomfortf5b29377-7cd6-4688-942c-5a07add39dc5-1437480263225-1.7-f-26-dc_speed1.1.wav,-23.252335,6.418185941043084,0.13023684918880463,0.07732531428337097,0.11521322202166065,0.03809621293747177,197.40917413600812,70.83945653007497
399,discomfort,discomfortf5b29377-7cd6-4688-942c-5a07add39dc5-1437480263225-1.7-f-26-dc_speed0.95.wav,./Aug/discomfortf5b29377-7cd6-4688-942c-5a07add39dc5-1437480263225-1.7-f-26-dc_speed0.95.wav,-22.91066,7.43156462585034,0.13323141634464264,0.08104563504457474,0.11533629040109035,0.03902235032535172,198.08609061657427,68.26240417130168
400,discomfort,discomfortf5b29377-7cd6-4688-942c-5a07add39dc5-1437480263225-1.7-f-26-dc_speed1.05.wav,./Aug/discomfortf5b29377-7cd6-4688-942c-5a07add39dc5-1437480263225-1.7-f-26-dc_speed1.05.wav,-23.007557,6.723809523809524,0.13189689815044403,0.07785094529390335,0.11419719827586207,0.03776728132364248,195.94971262300072,75.64162826033284
401,discomfort,discomfortf5b29377-7cd6-4688-942c-5a07add39dc5-1437480263225-1.7-f-26-dc_noise283.wav,./Aug/discomfortf5b29377-7cd6-4688-942c-5a07add39dc5-1437480263225-1.7-f-26-dc_noise283.wav,-12.917542,7.06,0.19433453679084778,0.11731688678264618,0.19711994108606556,0.08981720839897381,208.63080331744928,62.13062724099537
402,discomfort,discomfortf5b29377-7cd6-4688-942c-5a07add39dc5-1437480263225-1.7-f-26-dc_noise283.wav,./Aug/discomfortf5b29377-7cd6-4688-942c-5a07add39dc5-1437480263225-1.7-f-26-dc_noise283.wav,-12.917542,7.06,0.19433453679084778,0.11731688678264618,0.19711994108606556,0.08981720839897381,208.63080331744928,62.13062724099537
403,discomfort,discomfortf5b29377-7cd6-4688-942c-5a07add39dc5-1437480263225-1.7-f-26-dc_noise283.wav,./Aug/discomfortf5b29377-7cd6-4688-942c-5a07add39dc5-1437480263225-1.7-f-26-dc_noise283.wav,-12.917542,7.06,0.19433453679084778,0.11731688678264618,0.19711994108606556,0.08981720839897381,208.63080331744928,62.13062724099537
404,discomfort,discomfortf5b29377-7cd6-4688-942c-5a07add39dc5-1437480263225-1.7-f-26-dc_noise283.wav,./Aug/discomfortf5b29377-7cd6-4688-942c-5a07add39dc5-1437480263225-1.7-f-26-dc_noise283.wav,-12.917542,7.06,0.19433453679084778,0.11731688678264618,0.19711994108606556,0.08981720839897381,208.63080331744928,62.13062724099537
405,discomfort,discomfortf5b29377-7cd6-4688-942c-5a07add39dc5-1437480263225-1.7-f-26-dc_noise283.wav,./Aug/discomfortf5b29377-7cd6-4688-942c-5a07add39dc5-1437480263225-1.7-f-26-dc_noise283.wav,-12.917542,7.06,0.19433453679084778,0.11731688678264618,0.19711994108606556,0.08981720839897381,208.63080331744928,62.13062724099537
406,discomfort,discomfort11417AC2-DCC9-48CD-8177-CA8665E51B2F-1436881512-1.1-m-48-dc_pitch-2.wav,./Aug/discomfort11417AC2-DCC9-48CD-8177-CA8665E51B2F-1436881512-1.1-m-48-dc_pitch-2.wav,-25.543602,7.0,0.01420829351991415,0.008075077086687088,0.07824141142384106,0.038825897060132834,127.67206688298157,73.83071933651252
407,discomfort,discomfort11417AC2-DCC9-48CD-8177-CA8665E51B2F-1436881512-1.1-m-48-dc_pitch-1.wav,./Aug/discomfort11417AC2-DCC9-48CD-8177-CA8665E51B2F-1436881512-1.1-m-48-dc_pitch-1.wav,-26.300901,7.0,0.014058651402592659,0.0077397082932293415,0.0840781508692053,0.04291584780536163,122.47223445426825,59.821714108806994
408,discomfort,discomfort11417AC2-DCC9-48CD-8177-CA8665E51B2F-1436881512-1.1-m-48-dc_pitch1.wav,./Aug/discomfort11417AC2-DCC9-48CD-8177-CA8665E51B2F-1436881512-1.1-m-48-dc_pitch1.wav,-28.231533,7.0,0.013141901232302189,0.008536790497601032,0.10199257553807947,0.05055043438787455,122.92584959634655,54.2748982303568
409,discomfort,discomfort11417AC2-DCC9-48CD-8177-CA8665E51B2F-1436881512-1.1-m-48-dc_pitch2.wav,./Aug/discomfort11417AC2-DCC9-48CD-8177-CA8665E51B2F-1436881512-1.1-m-48-dc_pitch2.wav,-30.510231,7.0,0.0125317657366395,0.008830036036670208,0.11161915355960265,0.050330916199358956,131.50342198591167,65.19275579455068
410,discomfort,discomfort11417AC2-DCC9-48CD-8177-CA8665E51B2F-1436881512-1.1-m-48-dc_pitch1.5.wav,./Aug/discomfort11417AC2-DCC9-48CD-8177-CA8665E51B2F-1436881512-1.1-m-48-dc_pitch1.5.wav,-28.691755,7.0,0.013445131480693817,0.008312488906085491,0.09967404801324503,0.04859661836027834,127.93732929330092,58.783177311884835
411,discomfort,discomfort11417AC2-DCC9-48CD-8177-CA8665E51B2F-1436881512-1.1-m-48-dc_pitch-1.5.wav,./Aug/discomfort11417AC2-DCC9-48CD-8177-CA8665E51B2F-1436881512-1.1-m-48-dc_pitch-1.5.wav,-25.99411,7.0,0.013985084369778633,0.008430019952356815,0.08316787820778146,0.04107079618832647,113.23841794171823,58.80805319547584
412,discomfort,discomfort11417AC2-DCC9-48CD-8177-CA8665E51B2F-1436881512-1.1-m-48-dc_speed0.9.wav,./Aug/discomfort11417AC2-DCC9-48CD-8177-CA8665E51B2F-1436881512-1.1-m-48-dc_speed0.9.wav,-28.522034,7.777777777777778,0.013382542878389359,0.00914212316274643,0.09294542910447762,0.04347759132051125,122.2281671270252,67.6581028641864
413,discomfort,discomfort11417AC2-DCC9-48CD-8177-CA8665E51B2F-1436881512-1.1-m-48-dc_speed1.1.wav,./Aug/discomfort11417AC2-DCC9-48CD-8177-CA8665E51B2F-1436881512-1.1-m-48-dc_speed1.1.wav,-27.966242,6.363628117913832,0.013430130667984486,0.007920912466943264,0.08958274147727273,0.043416567580234364,116.95789078250263,58.1949222502125
414,discomfort,discomfort11417AC2-DCC9-48CD-8177-CA8665E51B2F-1436881512-1.1-m-48-dc_speed0.95.wav,./Aug/discomfort11417AC2-DCC9-48CD-8177-CA8665E51B2F-1436881512-1.1-m-48-dc_speed0.95.wav,-27.98725,7.3684353741496595,0.013676847331225872,0.008531183004379272,0.09195809994103774,0.04470332527215724,134.26630071517496,76.42891071051903
415,discomfort,discomfort11417AC2-DCC9-48CD-8177-CA8665E51B2F-1436881512-1.1-m-48-dc_speed1.05.wav,./Aug/discomfort11417AC2-DCC9-48CD-8177-CA8665E51B2F-1436881512-1.1-m-48-dc_speed1.05.wav,-27.752083,6.666666666666667,0.014100566506385803,0.008437268435955048,0.08985222710503472,0.04458394226577177,119.58143340062264,60.72983327901423
416,discomfort,discomfort11417AC2-DCC9-48CD-8177-CA8665E51B2F-1436881512-1.1-m-48-dc_noise283.wav,./Aug/discomfort11417AC2-DCC9-48CD-8177-CA8665E51B2F-1436881512-1.1-m-48-dc_noise283.wav,-21.77568,7.0,0.019552433863282204,0.012409188784658909,0.11869114755794702,0.06233395436832583,137.60145770378566,76.35960990196068
417,discomfort,discomfort11417AC2-DCC9-48CD-8177-CA8665E51B2F-1436881512-1.1-m-48-dc_noise283.wav,./Aug/discomfort11417AC2-DCC9-48CD-8177-CA8665E51B2F-1436881512-1.1-m-48-dc_noise283.wav,-21.77568,7.0,0.019552433863282204,0.012409188784658909,0.11869114755794702,0.06233395436832583,137.60145770378566,76.35960990196068
418,discomfort,discomfort11417AC2-DCC9-48CD-8177-CA8665E51B2F-1436881512-1.1-m-48-dc_noise283.wav,./Aug/discomfort11417AC2-DCC9-48CD-8177-CA8665E51B2F-1436881512-1.1-m-48-dc_noise283.wav,-21.77568,7.0,0.019552433863282204,0.012409188784658909,0.11869114755794702,0.06233395436832583,137.60145770378566,76.35960990196068
419,discomfort,discomfort11417AC2-DCC9-48CD-8177-CA8665E51B2F-1436881512-1.1-m-48-dc_noise283.wav,./Aug/discomfort11417AC2-DCC9-48CD-8177-CA8665E51B2F-1436881512-1.1-m-48-dc_noise283.wav,-21.77568,7.0,0.019552433863282204,0.012409188784658909,0.11869114755794702,0.06233395436832583,137.60145770378566,76.35960990196068
420,discomfort,discomfort11417AC2-DCC9-48CD-8177-CA8665E51B2F-1436881512-1.1-m-48-dc_noise283.wav,./Aug/discomfort11417AC2-DCC9-48CD-8177-CA8665E51B2F-1436881512-1.1-m-48-dc_noise283.wav,-21.77568,7.0,0.019552433863282204,0.012409188784658909,0.11869114755794702,0.06233395436832583,137.60145770378566,76.35960990196068
421,discomfort,discomfortf258a8e2-92cd-4843-9da4-80ed26ec8e10-1436944996156-1.7-f-26-ch_pitch-2.wav,./Aug/discomfortf258a8e2-92cd-4843-9da4-80ed26ec8e10-1436944996156-1.7-f-26-ch_pitch-2.wav,-25.272673,6.66,0.0795869305729866,0.06384435296058655,0.1346992731925087,0.04275895220134319,198.5482900420189,68.77064683686041
422,discomfort,discomfortf258a8e2-92cd-4843-9da4-80ed26ec8e10-1436944996156-1.7-f-26-ch_pitch-1.wav,./Aug/discomfortf258a8e2-92cd-4843-9da4-80ed26ec8e10-1436944996156-1.7-f-26-ch_pitch-1.wav,-25.728441,6.66,0.0789620503783226,0.06321946531534195,0.14551291648519163,0.04598054336962621,184.76312617276434,69.86381732442894
423,discomfort,discomfortf258a8e2-92cd-4843-9da4-80ed26ec8e10-1436944996156-1.7-f-26-ch_pitch1.wav,./Aug/discomfortf258a8e2-92cd-4843-9da4-80ed26ec8e10-1436944996156-1.7-f-26-ch_pitch1.wav,-25.779512,6.66,0.07975220680236816,0.0635000690817833,0.15790709385888502,0.05009379568356865,183.12417984969082,73.38556886265978
424,discomfort,discomfortf258a8e2-92cd-4843-9da4-80ed26ec8e10-1436944996156-1.7-f-26-ch_pitch2.wav,./Aug/discomfortf258a8e2-92cd-4843-9da4-80ed26ec8e10-1436944996156-1.7-f-26-ch_pitch2.wav,-25.867336,6.66,0.07881538569927216,0.0628339946269989,0.1702230101263066,0.05566829953980747,191.41700054679214,70.6400229260745
425,discomfort,discomfortf258a8e2-92cd-4843-9da4-80ed26ec8e10-1436944996156-1.7-f-26-ch_pitch1.5.wav,./Aug/discomfortf258a8e2-92cd-4843-9da4-80ed26ec8e10-1436944996156-1.7-f-26-ch_pitch1.5.wav,-26.017622,6.66,0.07904204726219177,0.061690788716077805,0.1667471962108014,0.052940900555060434,194.90672783294673,69.1444737659898
426,discomfort,discomfortf258a8e2-92cd-4843-9da4-80ed26ec8e10-1436944996156-1.7-f-26-ch_pitch-1.5.wav,./Aug/discomfortf258a8e2-92cd-4843-9da4-80ed26ec8e10-1436944996156-1.7-f-26-ch_pitch-1.5.wav,-25.592762,6.66,0.08158208429813385,0.06633459776639938,0.1380764100609756,0.04508141642996907,188.45087174968384,67.76537743105165
427,discomfort,discomfortf258a8e2-92cd-4843-9da4-80ed26ec8e10-1436944996156-1.7-f-26-ch_speed0.9.wav,./Aug/discomfortf258a8e2-92cd-4843-9da4-80ed26ec8e10-1436944996156-1.7-f-26-ch_speed0.9.wav,-26.025776,7.4,0.07901962101459503,0.06318365782499313,0.1520850680838558,0.04867009985309165,189.19654119548161,65.65168226406759
428,discomfort,discomfortf258a8e2-92cd-4843-9da4-80ed26ec8e10-1436944996156-1.7-f-26-ch_speed1.1.wav,./Aug/discomfortf258a8e2-92cd-4843-9da4-80ed26ec8e10-1436944996156-1.7-f-26-ch_speed1.1.wav,-25.678642,6.054557823129252,0.07905223220586777,0.061991941183805466,0.15116701089559387,0.04854715480550595,186.2342650685399,74.4850692539697
429,discomfort,discomfortf258a8e2-92cd-4843-9da4-80ed26ec8e10-1436944996156-1.7-f-26-ch_speed0.95.wav,./Aug/discomfortf258a8e2-92cd-4843-9da4-80ed26ec8e10-1436944996156-1.7-f-26-ch_speed0.95.wav,-25.67502,7.010521541950113,0.08059586584568024,0.06564683467149734,0.1495579599544702,0.04876613514071758,189.15036665435375,71.42062760575809
430,discomfort,discomfortf258a8e2-92cd-4843-9da4-80ed26ec8e10-1436944996156-1.7-f-26-ch_speed1.05.wav,./Aug/discomfortf258a8e2-92cd-4843-9da4-80ed26ec8e10-1436944996156-1.7-f-26-ch_speed1.05.wav,-25.623133,6.3428571428571425,0.08021027594804764,0.06409795582294464,0.15024449703467152,0.050801906078100784,186.16158809974155,70.5948580001732
431,discomfort,discomfortf258a8e2-92cd-4843-9da4-80ed26ec8e10-1436944996156-1.7-f-26-ch_noise283.wav,./Aug/discomfortf258a8e2-92cd-4843-9da4-80ed26ec8e10-1436944996156-1.7-f-26-ch_noise283.wav,-16.213781,6.66,0.12011067569255829,0.09432970732450485,0.23304285986498258,0.1185145043995069,190.0816825050266,70.05711117023387
432,discomfort,discomfortf258a8e2-92cd-4843-9da4-80ed26ec8e10-1436944996156-1.7-f-26-ch_noise283.wav,./Aug/discomfortf258a8e2-92cd-4843-9da4-80ed26ec8e10-1436944996156-1.7-f-26-ch_noise283.wav,-16.213781,6.66,0.12011067569255829,0.09432970732450485,0.23304285986498258,0.1185145043995069,190.0816825050266,70.05711117023387
433,discomfort,discomfortf258a8e2-92cd-4843-9da4-80ed26ec8e10-1436944996156-1.7-f-26-ch_noise283.wav,./Aug/discomfortf258a8e2-92cd-4843-9da4-80ed26ec8e10-1436944996156-1.7-f-26-ch_noise283.wav,-16.213781,6.66,0.12011067569255829,0.09432970732450485,0.23304285986498258,0.1185145043995069,190.0816825050266,70.05711117023387
434,discomfort,discomfortf258a8e2-92cd-4843-9da4-80ed26ec8e10-1436944996156-1.7-f-26-ch_noise283.wav,./Aug/discomfortf258a8e2-92cd-4843-9da4-80ed26ec8e10-1436944996156-1.7-f-26-ch_noise283.wav,-16.213781,6.66,0.12011067569255829,0.09432970732450485,0.23304285986498258,0.1185145043995069,190.0816825050266,70.05711117023387
435,discomfort,discomfortf258a8e2-92cd-4843-9da4-80ed26ec8e10-1436944996156-1.7-f-26-ch_noise283.wav,./Aug/discomfortf258a8e2-92cd-4843-9da4-80ed26ec8e10-1436944996156-1.7-f-26-ch_noise283.wav,-16.213781,6.66,0.12011067569255829,0.09432970732450485,0.23304285986498258,0.1185145043995069,190.0816825050266,70.05711117023387
436,discomfort,discomfort79FF400A-97E2-4701-987D-C7C850D5523C-1430089688-1.0-f-48-dc_pitch-2.wav,./Aug/discomfort79FF400A-97E2-4701-987D-C7C850D5523C-1430089688-1.0-f-48-dc_pitch-2.wav,-22.050943,7.0,0.04436725750565529,0.03313490375876427,0.15610771937086093,0.05331750724621894,200.26505416694266,72.93676901430484
437,discomfort,discomfort79FF400A-97E2-4701-987D-C7C850D5523C-1430089688-1.0-f-48-dc_pitch-1.wav,./Aug/discomfort79FF400A-97E2-4701-987D-C7C850D5523C-1430089688-1.0-f-48-dc_pitch-1.wav,-21.46444,7.0,0.045646004378795624,0.03529882803559303,0.1641498085678808,0.05809722333654828,201.0922546944557,73.94404778949136
438,discomfort,discomfort79FF400A-97E2-4701-987D-C7C850D5523C-1430089688-1.0-f-48-dc_pitch1.wav,./Aug/discomfort79FF400A-97E2-4701-987D-C7C850D5523C-1430089688-1.0-f-48-dc_pitch1.wav,-21.562258,7.0,0.04526743292808533,0.03561848774552345,0.18480960264900662,0.06190224751942572,206.61575762295806,72.88209181677779
439,discomfort,discomfort79FF400A-97E2-4701-987D-C7C850D5523C-1430089688-1.0-f-48-dc_pitch2.wav,./Aug/discomfort79FF400A-97E2-4701-987D-C7C850D5523C-1430089688-1.0-f-48-dc_pitch2.wav,-21.8216,7.0,0.04528083652257919,0.031557660549879074,0.1953319019039735,0.0673411225511871,196.2617574585256,74.89969437774417
440,discomfort,discomfort79FF400A-97E2-4701-987D-C7C850D5523C-1430089688-1.0-f-48-dc_pitch1.5.wav,./Aug/discomfort79FF400A-97E2-4701-987D-C7C850D5523C-1430089688-1.0-f-48-dc_pitch1.5.wav,-21.692661,7.0,0.04421968758106232,0.030683079734444618,0.1902356684602649,0.06832092022279411,194.82960133838796,76.85506904594726
441,discomfort,discomfort79FF400A-97E2-4701-987D-C7C850D5523C-1430089688-1.0-f-48-dc_pitch-1.5.wav,./Aug/discomfort79FF400A-97E2-4701-987D-C7C850D5523C-1430089688-1.0-f-48-dc_pitch-1.5.wav,-21.875717,7.0,0.04454581066966057,0.033587388694286346,0.16164372930463577,0.054994867745319836,192.9469869164615,74.36800340493566
442,discomfort,discomfort79FF400A-97E2-4701-987D-C7C850D5523C-1430089688-1.0-f-48-dc_speed0.9.wav,./Aug/discomfort79FF400A-97E2-4701-987D-C7C850D5523C-1430089688-1.0-f-48-dc_speed0.9.wav,-21.54553,7.777777777777778,0.044660620391368866,0.03203656151890755,0.1731765974813433,0.06149479191102706,210.0452319587574,74.23836478201021
443,discomfort,discomfort79FF400A-97E2-4701-987D-C7C850D5523C-1430089688-1.0-f-48-dc_speed1.1.wav,./Aug/discomfort79FF400A-97E2-4701-987D-C7C850D5523C-1430089688-1.0-f-48-dc_speed1.1.wav,-21.280323,6.363628117913832,0.04367701709270477,0.03330577537417412,0.17499289772727272,0.05836485492143989,206.3665962395716,77.40150983827887
444,discomfort,discomfort79FF400A-97E2-4701-987D-C7C850D5523C-1430089688-1.0-f-48-dc_speed0.95.wav,./Aug/discomfort79FF400A-97E2-4701-987D-C7C850D5523C-1430089688-1.0-f-48-dc_speed0.95.wav,-21.163134,7.3684353741496595,0.044584911316633224,0.033113811165094376,0.17442235406839623,0.05933695415698376,210.78885381326737,70.93995251071686
445,discomfort,discomfort79FF400A-97E2-4701-987D-C7C850D5523C-1430089688-1.0-f-48-dc_speed1.05.wav,./Aug/discomfort79FF400A-97E2-4701-987D-C7C850D5523C-1430089688-1.0-f-48-dc_speed1.05.wav,-21.110596,6.666666666666667,0.045874372124671936,0.036310333758592606,0.1773918999565972,0.06169595578764737,207.18422156909713,76.2087714361377
446,discomfort,discomfort79FF400A-97E2-4701-987D-C7C850D5523C-1430089688-1.0-f-48-dc_noise283.wav,./Aug/discomfort79FF400A-97E2-4701-987D-C7C850D5523C-1430089688-1.0-f-48-dc_noise283.wav,-14.705095,7.0,0.06643396615982056,0.04766177386045456,0.23268056705298013,0.09607235734737639,211.02372582143192,77.47607149813254
447,discomfort,discomfort79FF400A-97E2-4701-987D-C7C850D5523C-1430089688-1.0-f-48-dc_noise283.wav,./Aug/discomfort79FF400A-97E2-4701-987D-C7C850D5523C-1430089688-1.0-f-48-dc_noise283.wav,-14.705095,7.0,0.06643396615982056,0.04766177386045456,0.23268056705298013,0.09607235734737639,211.02372582143192,77.47607149813254
448,discomfort,discomfort79FF400A-97E2-4701-987D-C7C850D5523C-1430089688-1.0-f-48-dc_noise283.wav,./Aug/discomfort79FF400A-97E2-4701-987D-C7C850D5523C-1430089688-1.0-f-48-dc_noise283.wav,-14.705095,7.0,0.06643396615982056,0.04766177386045456,0.23268056705298013,0.09607235734737639,211.02372582143192,77.47607149813254
449,discomfort,discomfort79FF400A-97E2-4701-987D-C7C850D5523C-1430089688-1.0-f-48-dc_noise283.wav,./Aug/discomfort79FF400A-97E2-4701-987D-C7C850D5523C-1430089688-1.0-f-48-dc_noise283.wav,-14.705095,7.0,0.06643396615982056,0.04766177386045456,0.23268056705298013,0.09607235734737639,211.02372582143192,77.47607149813254
450,discomfort,discomfort79FF400A-97E2-4701-987D-C7C850D5523C-1430089688-1.0-f-48-dc_noise283.wav,./Aug/discomfort79FF400A-97E2-4701-987D-C7C850D5523C-1430089688-1.0-f-48-dc_noise283.wav,-14.705095,7.0,0.06643396615982056,0.04766177386045456,0.23268056705298013,0.09607235734737639,211.02372582143192,77.47607149813254
451,discomfort,discomfort999bf14b-e417-4b44-b746-9253f81efe38-1430845018393-1.7-m-26-ch_pitch-2.wav,./Aug/discomfort999bf14b-e417-4b44-b746-9253f81efe38-1430845018393-1.7-m-26-ch_pitch-2.wav,-29.606243,6.9,0.01334402710199356,0.01799863763153553,0.05281630138422819,0.014759101035672245,152.04695941661348,65.92754037396251
452,discomfort,discomfort999bf14b-e417-4b44-b746-9253f81efe38-1430845018393-1.7-m-26-ch_pitch-1.wav,./Aug/discomfort999bf14b-e417-4b44-b746-9253f81efe38-1430845018393-1.7-m-26-ch_pitch-1.wav,-29.9925,6.9,0.014433766715228558,0.01899263635277748,0.05396490929110738,0.01551777909841586,148.0321299214927,67.13582147985657
453,discomfort,discomfort999bf14b-e417-4b44-b746-9253f81efe38-1430845018393-1.7-m-26-ch_pitch1.wav,./Aug/discomfort999bf14b-e417-4b44-b746-9253f81efe38-1430845018393-1.7-m-26-ch_pitch1.wav,-30.822607,6.9,0.015920376405119896,0.023074135184288025,0.06372398018036912,0.024045304000702792,152.45796459002455,62.95818510149186
454,discomfort,discomfort999bf14b-e417-4b44-b746-9253f81efe38-1430845018393-1.7-m-26-ch_pitch2.wav,./Aug/discomfort999bf14b-e417-4b44-b746-9253f81efe38-1430845018393-1.7-m-26-ch_pitch2.wav,-31.770935,6.9,0.014610747806727886,0.02102082408964634,0.06816275167785235,0.025221635824702382,171.0540166544596,60.03179208194884
455,discomfort,discomfort999bf14b-e417-4b44-b746-9253f81efe38-1430845018393-1.7-m-26-ch_pitch1.5.wav,./Aug/discomfort999bf14b-e417-4b44-b746-9253f81efe38-1430845018393-1.7-m-26-ch_pitch1.5.wav,-31.50224,6.9,0.013878104276955128,0.018612287938594818,0.06538708578020135,0.023836829960879203,155.5760020842726,56.23542860365213
456,discomfort,discomfort999bf14b-e417-4b44-b746-9253f81efe38-1430845018393-1.7-m-26-ch_pitch-1.5.wav,./Aug/discomfort999bf14b-e417-4b44-b746-9253f81efe38-1430845018393-1.7-m-26-ch_pitch-1.5.wav,-29.183239,6.9,0.01512748934328556,0.02184080146253109,0.05395343959731544,0.01727522078424742,148.50551848823318,68.33093858677444
457,discomfort,discomfort999bf14b-e417-4b44-b746-9253f81efe38-1430845018393-1.7-m-26-ch_speed0.9.wav,./Aug/discomfort999bf14b-e417-4b44-b746-9253f81efe38-1430845018393-1.7-m-26-ch_speed0.9.wav,-30.374567,7.666666666666667,0.013973850756883621,0.01895993947982788,0.0616709544939577,0.02379017487868574,146.0796264976216,64.13325905430851
458,discomfort,discomfort999bf14b-e417-4b44-b746-9253f81efe38-1430845018393-1.7-m-26-ch_speed1.1.wav,./Aug/discomfort999bf14b-e417-4b44-b746-9253f81efe38-1430845018393-1.7-m-26-ch_speed1.1.wav,-30.530853,6.272743764172335,0.01445514801889658,0.019426343962550163,0.05894509628690037,0.016531694341528742,160.89458469348958,61.17471750349517
459,discomfort,discomfort999bf14b-e417-4b44-b746-9253f81efe38-1430845018393-1.7-m-26-ch_speed0.95.wav,./Aug/discomfort999bf14b-e417-4b44-b746-9253f81efe38-1430845018393-1.7-m-26-ch_speed0.95.wav,-30.989113,7.263174603174603,0.01392437145113945,0.01837935857474804,0.06088539586661342,0.02222818208824568,151.98587791328583,62.04408223055659
460,discomfort,discomfort999bf14b-e417-4b44-b746-9253f81efe38-1430845018393-1.7-m-26-ch_speed1.05.wav,./Aug/discomfort999bf14b-e417-4b44-b746-9253f81efe38-1430845018393-1.7-m-26-ch_speed1.05.wav,-29.770887,6.571428571428571,0.015282911248505116,0.02140708640217781,0.06082712092869718,0.01798829844259915,152.2069008775067,66.66782245352259
461,discomfort,discomfort999bf14b-e417-4b44-b746-9253f81efe38-1430845018393-1.7-m-26-ch_noise283.wav,./Aug/discomfort999bf14b-e417-4b44-b746-9253f81efe38-1430845018393-1.7-m-26-ch_noise283.wav,-22.149866,6.9,0.022616956382989883,0.02926546335220337,0.24068333158557048,0.1601491713717853,141.0625968229541,69.7159433115485
462,discomfort,discomfort999bf14b-e417-4b44-b746-9253f81efe38-1430845018393-1.7-m-26-ch_noise283.wav,./Aug/discomfort999bf14b-e417-4b44-b746-9253f81efe38-1430845018393-1.7-m-26-ch_noise283.wav,-22.149866,6.9,0.022616956382989883,0.02926546335220337,0.24068333158557048,0.1601491713717853,141.0625968229541,69.7159433115485
463,discomfort,discomfort999bf14b-e417-4b44-b746-9253f81efe38-1430845018393-1.7-m-26-ch_noise283.wav,./Aug/discomfort999bf14b-e417-4b44-b746-9253f81efe38-1430845018393-1.7-m-26-ch_noise283.wav,-22.149866,6.9,0.022616956382989883,0.02926546335220337,0.24068333158557048,0.1601491713717853,141.0625968229541,69.7159433115485
464,discomfort,discomfort999bf14b-e417-4b44-b746-9253f81efe38-1430845018393-1.7-m-26-ch_noise283.wav,./Aug/discomfort999bf14b-e417-4b44-b746-9253f81efe38-1430845018393-1.7-m-26-ch_noise283.wav,-22.149866,6.9,0.022616956382989883,0.02926546335220337,0.24068333158557048,0.1601491713717853,141.0625968229541,69.7159433115485
465,discomfort,discomfort999bf14b-e417-4b44-b746-9253f81efe38-1430845018393-1.7-m-26-ch_noise283.wav,./Aug/discomfort999bf14b-e417-4b44-b746-9253f81efe38-1430845018393-1.7-m-26-ch_noise283.wav,-22.149866,6.9,0.022616956382989883,0.02926546335220337,0.24068333158557048,0.1601491713717853,141.0625968229541,69.7159433115485
466,discomfort,discomfort665BDF6D-2897-49F9-8AD0-978B3B2A0468-1430530218-1.0-m-26-dc_pitch-2.wav,./Aug/discomfort665BDF6D-2897-49F9-8AD0-978B3B2A0468-1430530218-1.0-m-26-dc_pitch-2.wav,-36.839893,7.0,0.004099992103874683,0.0042672534473240376,0.08678148282284769,0.026535425406545743,148.43505170367675,70.75975529651193
467,discomfort,discomfort665BDF6D-2897-49F9-8AD0-978B3B2A0468-1430530218-1.0-m-26-dc_pitch-1.wav,./Aug/discomfort665BDF6D-2897-49F9-8AD0-978B3B2A0468-1430530218-1.0-m-26-dc_pitch-1.wav,-37.12451,7.0,0.004187482874840498,0.0043686204589903355,0.09209275403559603,0.029275256931063903,158.27727307175923,67.6250434275634
468,discomfort,discomfort665BDF6D-2897-49F9-8AD0-978B3B2A0468-1430530218-1.0-m-26-dc_pitch1.wav,./Aug/discomfort665BDF6D-2897-49F9-8AD0-978B3B2A0468-1430530218-1.0-m-26-dc_pitch1.wav,-37.851807,7.0,0.004254844971001148,0.004277769476175308,0.10299177359271523,0.03215986554660174,165.94560376283314,76.99237620080832
469,discomfort,discomfort665BDF6D-2897-49F9-8AD0-978B3B2A0468-1430530218-1.0-m-26-dc_pitch2.wav,./Aug/discomfort665BDF6D-2897-49F9-8AD0-978B3B2A0468-1430530218-1.0-m-26-dc_pitch2.wav,-38.962746,7.0,0.00420260289683938,0.004249332007020712,0.10862155939569536,0.033156024623313594,164.80956116256374,83.31916961656582
470,discomfort,discomfort665BDF6D-2897-49F9-8AD0-978B3B2A0468-1430530218-1.0-m-26-dc_pitch1.5.wav,./Aug/discomfort665BDF6D-2897-49F9-8AD0-978B3B2A0468-1430530218-1.0-m-26-dc_pitch1.5.wav,-38.225006,7.0,0.004244200885295868,0.004433344583958387,0.10603948934188742,0.03314835013217238,161.20626943280917,81.05304107518292
471,discomfort,discomfort665BDF6D-2897-49F9-8AD0-978B3B2A0468-1430530218-1.0-m-26-dc_pitch-1.5.wav,./Aug/discomfort665BDF6D-2897-49F9-8AD0-978B3B2A0468-1430530218-1.0-m-26-dc_pitch-1.5.wav,-36.808754,7.0,0.0041814385913312435,0.0043905796483159065,0.08875239290149006,0.026744771867507487,149.67780445210337,71.74558747617672
472,discomfort,discomfort665BDF6D-2897-49F9-8AD0-978B3B2A0468-1430530218-1.0-m-26-dc_speed0.9.wav,./Aug/discomfort665BDF6D-2897-49F9-8AD0-978B3B2A0468-1430530218-1.0-m-26-dc_speed0.9.wav,-37.51434,7.777777777777778,0.004186729900538921,0.00440259138122201,0.09789674673507463,0.029914701329978574,158.84588676570178,76.52710161181051
473,discomfort,discomfort665BDF6D-2897-49F9-8AD0-978B3B2A0468-1430530218-1.0-m-26-dc_speed1.1.wav,./Aug/discomfort665BDF6D-2897-49F9-8AD0-978B3B2A0468-1430530218-1.0-m-26-dc_speed1.1.wav,-37.46045,6.363628117913832,0.00411692401394248,0.004146477673202753,0.0962890625,0.03078931223190859,157.38633063175075,75.59571347406468
474,discomfort,discomfort665BDF6D-2897-49F9-8AD0-978B3B2A0468-1430530218-1.0-m-26-dc_speed0.95.wav,./Aug/discomfort665BDF6D-2897-49F9-8AD0-978B3B2A0468-1430530218-1.0-m-26-dc_speed0.95.wav,-37.653908,7.3684353741496595,0.004120885860174894,0.0042241159826517105,0.09691000884433962,0.028838055201766463,152.97053400020374,77.6532075874245
475,discomfort,discomfort665BDF6D-2897-49F9-8AD0-978B3B2A0468-1430530218-1.0-m-26-dc_speed1.05.wav,./Aug/discomfort665BDF6D-2897-49F9-8AD0-978B3B2A0468-1430530218-1.0-m-26-dc_speed1.05.wav,-37.484608,6.666666666666667,0.004084121901541948,0.00411797733977437,0.09746466742621528,0.027688691495975238,161.32558107524034,73.99245903955364
476,discomfort,discomfort665BDF6D-2897-49F9-8AD0-978B3B2A0468-1430530218-1.0-m-26-dc_noise283.wav,./Aug/discomfort665BDF6D-2897-49F9-8AD0-978B3B2A0468-1430530218-1.0-m-26-dc_noise283.wav,-30.815016,7.0,0.006168629042804241,0.006393620278686285,0.18033746378311258,0.08847277022905063,157.97832665186442,77.64910337769956
477,discomfort,discomfort665BDF6D-2897-49F9-8AD0-978B3B2A0468-1430530218-1.0-m-26-dc_noise283.wav,./Aug/discomfort665BDF6D-2897-49F9-8AD0-978B3B2A0468-1430530218-1.0-m-26-dc_noise283.wav,-30.815016,7.0,0.006168629042804241,0.006393620278686285,0.18033746378311258,0.08847277022905063,157.97832665186442,77.64910337769956
478,discomfort,discomfort665BDF6D-2897-49F9-8AD0-978B3B2A0468-1430530218-1.0-m-26-dc_noise283.wav,./Aug/discomfort665BDF6D-2897-49F9-8AD0-978B3B2A0468-1430530218-1.0-m-26-dc_noise283.wav,-30.815016,7.0,0.006168629042804241,0.006393620278686285,0.18033746378311258,0.08847277022905063,157.97832665186442,77.64910337769956
479,discomfort,discomfort665BDF6D-2897-49F9-8AD0-978B3B2A0468-1430530218-1.0-m-26-dc_noise283.wav,./Aug/discomfort665BDF6D-2897-49F9-8AD0-978B3B2A0468-1430530218-1.0-m-26-dc_noise283.wav,-30.815016,7.0,0.006168629042804241,0.006393620278686285,0.18033746378311258,0.08847277022905063,157.97832665186442,77.64910337769956
480,discomfort,discomfort665BDF6D-2897-49F9-8AD0-978B3B2A0468-1430530218-1.0-m-26-dc_noise283.wav,./Aug/discomfort665BDF6D-2897-49F9-8AD0-978B3B2A0468-1430530218-1.0-m-26-dc_noise283.wav,-30.815016,7.0,0.006168629042804241,0.006393620278686285,0.18033746378311258,0.08847277022905063,157.97832665186442,77.64910337769956
481,discomfort,discomfort1309B82C-F146-46F0-A723-45345AFA6EA8-1430703937-1.0-f-48-dc_pitch-2.wav,./Aug/discomfort1309B82C-F146-46F0-A723-45345AFA6EA8-1430703937-1.0-f-48-dc_pitch-2.wav,-23.038424,7.0,0.06903588026762009,0.06358551234006882,0.12905338110513245,0.03877041560132224,171.1293815314374,58.1685887401899
482,discomfort,discomfort1309B82C-F146-46F0-A723-45345AFA6EA8-1430703937-1.0-f-48-dc_pitch-1.wav,./Aug/discomfort1309B82C-F146-46F0-A723-45345AFA6EA8-1430703937-1.0-f-48-dc_pitch-1.wav,-22.828352,7.0,0.06877141445875168,0.06340134143829346,0.13905344577814568,0.041818485538373855,171.39049127972714,57.41474746310311
483,discomfort,discomfort1309B82C-F146-46F0-A723-45345AFA6EA8-1430703937-1.0-f-48-dc_pitch1.wav,./Aug/discomfort1309B82C-F146-46F0-A723-45345AFA6EA8-1430703937-1.0-f-48-dc_pitch1.wav,-23.09746,7.0,0.06853312253952026,0.06183222308754921,0.154772221647351,0.050150893911476396,193.8465496424118,57.48524431558153
484,discomfort,discomfort1309B82C-F146-46F0-A723-45345AFA6EA8-1430703937-1.0-f-48-dc_pitch2.wav,./Aug/discomfort1309B82C-F146-46F0-A723-45345AFA6EA8-1430703937-1.0-f-48-dc_pitch2.wav,-23.309769,7.0,0.0691755935549736,0.06189785152673721,0.16259927307533112,0.05072549330291369,189.08739137454802,63.766088936076734
485,discomfort,discomfort1309B82C-F146-46F0-A723-45345AFA6EA8-1430703937-1.0-f-48-dc_pitch1.5.wav,./Aug/discomfort1309B82C-F146-46F0-A723-45345AFA6EA8-1430703937-1.0-f-48-dc_pitch1.5.wav,-22.896652,7.0,0.07011619210243225,0.06337066739797592,0.1589533319536424,0.0495344286567601,190.4968235378498,61.25584141270563
486,discomfort,discomfort1309B82C-F146-46F0-A723-45345AFA6EA8-1430703937-1.0-f-48-dc_pitch-1.5.wav,./Aug/discomfort1309B82C-F146-46F0-A723-45345AFA6EA8-1430703937-1.0-f-48-dc_pitch-1.5.wav,-22.966858,7.0,0.0671837255358696,0.06064072623848915,0.13737194743377484,0.041515351316619445,170.89651892020083,51.31951895793217
487,discomfort,discomfort1309B82C-F146-46F0-A723-45345AFA6EA8-1430703937-1.0-f-48-dc_speed0.9.wav,./Aug/discomfort1309B82C-F146-46F0-A723-45345AFA6EA8-1430703937-1.0-f-48-dc_speed0.9.wav,-23.105797,7.777777777777778,0.06955408304929733,0.0613522008061409,0.1438505713619403,0.04499973913895026,182.05779987688643,56.910138667184704
488,discomfort,discomfort1309B82C-F146-46F0-A723-45345AFA6EA8-1430703937-1.0-f-48-dc_speed1.1.wav,./Aug/discomfort1309B82C-F146-46F0-A723-45345AFA6EA8-1430703937-1.0-f-48-dc_speed1.1.wav,-22.553808,6.363628117913832,0.06901001930236816,0.06299696117639542,0.1454669744318182,0.04586537997056246,181.2157588561639,61.56737538324845
489,discomfort,discomfort1309B82C-F146-46F0-A723-45345AFA6EA8-1430703937-1.0-f-48-dc_speed0.95.wav,./Aug/discomfort1309B82C-F146-46F0-A723-45345AFA6EA8-1430703937-1.0-f-48-dc_speed0.95.wav,-22.828997,7.3684353741496595,0.07181724160909653,0.06547798961400986,0.1455231672562893,0.04697688392912138,183.38662681553015,56.28702182407189
490,discomfort,discomfort1309B82C-F146-46F0-A723-45345AFA6EA8-1430703937-1.0-f-48-dc_speed1.05.wav,./Aug/discomfort1309B82C-F146-46F0-A723-45345AFA6EA8-1430703937-1.0-f-48-dc_speed1.05.wav,-22.873632,6.666666666666667,0.0695200189948082,0.0626564621925354,0.1459570990668403,0.042682960804420696,179.28306146231756,58.437038413364526
491,discomfort,discomfort1309B82C-F146-46F0-A723-45345AFA6EA8-1430703937-1.0-f-48-dc_noise283.wav,./Aug/discomfort1309B82C-F146-46F0-A723-45345AFA6EA8-1430703937-1.0-f-48-dc_noise283.wav,-13.369765,7.0,0.10687048733234406,0.09117323905229568,0.27094112168874174,0.14622224216493548,160.1267755653552,70.16108308923049
492,discomfort,discomfort1309B82C-F146-46F0-A723-45345AFA6EA8-1430703937-1.0-f-48-dc_noise283.wav,./Aug/discomfort1309B82C-F146-46F0-A723-45345AFA6EA8-1430703937-1.0-f-48-dc_noise283.wav,-13.369765,7.0,0.10687048733234406,0.09117323905229568,0.27094112168874174,0.14622224216493548,160.1267755653552,70.16108308923049
493,discomfort,discomfort1309B82C-F146-46F0-A723-45345AFA6EA8-1430703937-1.0-f-48-dc_noise283.wav,./Aug/discomfort1309B82C-F146-46F0-A723-45345AFA6EA8-1430703937-1.0-f-48-dc_noise283.wav,-13.369765,7.0,0.10687048733234406,0.09117323905229568,0.27094112168874174,0.14622224216493548,160.1267755653552,70.16108308923049
494,discomfort,discomfort1309B82C-F146-46F0-A723-45345AFA6EA8-1430703937-1.0-f-48-dc_noise283.wav,./Aug/discomfort1309B82C-F146-46F0-A723-45345AFA6EA8-1430703937-1.0-f-48-dc_noise283.wav,-13.369765,7.0,0.10687048733234406,0.09117323905229568,0.27094112168874174,0.14622224216493548,160.1267755653552,70.16108308923049
495,discomfort,discomfort1309B82C-F146-46F0-A723-45345AFA6EA8-1430703937-1.0-f-48-dc_noise283.wav,./Aug/discomfort1309B82C-F146-46F0-A723-45345AFA6EA8-1430703937-1.0-f-48-dc_noise283.wav,-13.369765,7.0,0.10687048733234406,0.09117323905229568,0.27094112168874174,0.14622224216493548,160.1267755653552,70.16108308923049
496,discomfort,discomfort999bf14b-e417-4b44-b746-9253f81efe38-1430845035663-1.7-m-26-ch_pitch-2.wav,./Aug/discomfort999bf14b-e417-4b44-b746-9253f81efe38-1430845035663-1.7-m-26-ch_pitch-2.wav,-26.448538,6.9,0.03411808982491493,0.03103603422641754,0.04693234846895973,0.011639521844076923,176.47988876723932,71.33833301300122
497,discomfort,discomfort999bf14b-e417-4b44-b746-9253f81efe38-1430845035663-1.7-m-26-ch_pitch-1.wav,./Aug/discomfort999bf14b-e417-4b44-b746-9253f81efe38-1430845035663-1.7-m-26-ch_pitch-1.wav,-25.866722,6.9,0.03354685381054878,0.03312000632286072,0.05229361105285235,0.011919396521738318,180.7298466990473,74.40174688023033
498,discomfort,discomfort999bf14b-e417-4b44-b746-9253f81efe38-1430845035663-1.7-m-26-ch_pitch1.wav,./Aug/discomfort999bf14b-e417-4b44-b746-9253f81efe38-1430845035663-1.7-m-26-ch_pitch1.wav,-26.667297,6.9,0.036426812410354614,0.033919576555490494,0.05922949874161074,0.020341546138442995,173.3947531372728,61.12512657472666
499,discomfort,discomfort999bf14b-e417-4b44-b746-9253f81efe38-1430845035663-1.7-m-26-ch_pitch2.wav,./Aug/discomfort999bf14b-e417-4b44-b746-9253f81efe38-1430845035663-1.7-m-26-ch_pitch2.wav,-27.43257,6.9,0.034171368926763535,0.03155767545104027,0.0637616663171141,0.02172542066182675,169.676165317199,60.11513152047708
500,discomfort,discomfort999bf14b-e417-4b44-b746-9253f81efe38-1430845035663-1.7-m-26-ch_pitch1.5.wav,./Aug/discomfort999bf14b-e417-4b44-b746-9253f81efe38-1430845035663-1.7-m-26-ch_pitch1.5.wav,-27.142868,6.9,0.03419291228055954,0.02899647131562233,0.05952443372483222,0.020451153708152994,173.81131389146918,62.2614958016146
501,discomfort,discomfort999bf14b-e417-4b44-b746-9253f81efe38-1430845035663-1.7-m-26-ch_pitch-1.5.wav,./Aug/discomfort999bf14b-e417-4b44-b746-9253f81efe38-1430845035663-1.7-m-26-ch_pitch-1.5.wav,-26.425982,6.9,0.03126479312777519,0.027386372908949852,0.05308829697986577,0.01335631125594323,182.78475827418978,72.79712571710782
502,discomfort,discomfort999bf14b-e417-4b44-b746-9253f81efe38-1430845035663-1.7-m-26-ch_speed0.9.wav,./Aug/discomfort999bf14b-e417-4b44-b746-9253f81efe38-1430845035663-1.7-m-26-ch_speed0.9.wav,-26.367367,7.666666666666667,0.03525261953473091,0.03445722907781601,0.056209875377643506,0.020247485725816843,179.52048454714506,69.25627321557228
503,discomfort,discomfort999bf14b-e417-4b44-b746-9253f81efe38-1430845035663-1.7-m-26-ch_speed1.1.wav,./Aug/discomfort999bf14b-e417-4b44-b746-9253f81efe38-1430845035663-1.7-m-26-ch_speed1.1.wav,-26.248896,6.272743764172335,0.0343291275203228,0.030699998140335083,0.05547127248616236,0.012062894162346472,178.62886556965526,68.44758563937837
504,discomfort,discomfort999bf14b-e417-4b44-b746-9253f81efe38-1430845035663-1.7-m-26-ch_speed0.95.wav,./Aug/discomfort999bf14b-e417-4b44-b746-9253f81efe38-1430845035663-1.7-m-26-ch_speed0.95.wav,-26.360916,7.263174603174603,0.0340285450220108,0.029505129903554916,0.056342664237220445,0.019633793795358824,182.28356997874786,68.69217861311292
505,discomfort,discomfort999bf14b-e417-4b44-b746-9253f81efe38-1430845035663-1.7-m-26-ch_speed1.05.wav,./Aug/discomfort999bf14b-e417-4b44-b746-9253f81efe38-1430845035663-1.7-m-26-ch_speed1.05.wav,-26.633234,6.571428571428571,0.03386364132165909,0.02976394072175026,0.05185581261003521,0.012038251928781642,177.90340096750123,71.23667197962607
506,discomfort,discomfort999bf14b-e417-4b44-b746-9253f81efe38-1430845035663-1.7-m-26-ch_noise283.wav,./Aug/discomfort999bf14b-e417-4b44-b746-9253f81efe38-1430845035663-1.7-m-26-ch_noise283.wav,-18.187475,6.9,0.05229233577847481,0.046364039182662964,0.14089535706795303,0.126130285943087,178.84395801794486,70.23473319177519
507,discomfort,discomfort999bf14b-e417-4b44-b746-9253f81efe38-1430845035663-1.7-m-26-ch_noise283.wav,./Aug/discomfort999bf14b-e417-4b44-b746-9253f81efe38-1430845035663-1.7-m-26-ch_noise283.wav,-18.187475,6.9,0.05229233577847481,0.046364039182662964,0.14089535706795303,0.126130285943087,178.84395801794486,70.23473319177519
508,discomfort,discomfort999bf14b-e417-4b44-b746-9253f81efe38-1430845035663-1.7-m-26-ch_noise283.wav,./Aug/discomfort999bf14b-e417-4b44-b746-9253f81efe38-1430845035663-1.7-m-26-ch_noise283.wav,-18.187475,6.9,0.05229233577847481,0.046364039182662964,0.14089535706795303,0.126130285943087,178.84395801794486,70.23473319177519
509,discomfort,discomfort999bf14b-e417-4b44-b746-9253f81efe38-1430845035663-1.7-m-26-ch_noise283.wav,./Aug/discomfort999bf14b-e417-4b44-b746-9253f81efe38-1430845035663-1.7-m-26-ch_noise283.wav,-18.187475,6.9,0.05229233577847481,0.046364039182662964,0.14089535706795303,0.126130285943087,178.84395801794486,70.23473319177519
510,discomfort,discomfort999bf14b-e417-4b44-b746-9253f81efe38-1430845035663-1.7-m-26-ch_noise283.wav,./Aug/discomfort999bf14b-e417-4b44-b746-9253f81efe38-1430845035663-1.7-m-26-ch_noise283.wav,-18.187475,6.9,0.05229233577847481,0.046364039182662964,0.14089535706795303,0.126130285943087,178.84395801794486,70.23473319177519
511,discomfort,discomfort10A40438-09AA-4A21-83B4-8119F03F7A11-1430925142-1.0-f-26-dc_pitch-2.wav,./Aug/discomfort10A40438-09AA-4A21-83B4-8119F03F7A11-1430925142-1.0-f-26-dc_pitch-2.wav,-22.942265,7.0,0.09937353432178497,0.08204034715890884,0.079332768522351,0.023223698203230683,201.54118439288038,64.9529761167041
512,discomfort,discomfort10A40438-09AA-4A21-83B4-8119F03F7A11-1430925142-1.0-f-26-dc_pitch-1.wav,./Aug/discomfort10A40438-09AA-4A21-83B4-8119F03F7A11-1430925142-1.0-f-26-dc_pitch-1.wav,-22.916904,7.0,0.0980517789721489,0.08116646111011505,0.08580168667218543,0.025067199865888706,203.3497475630214,71.15546553633538
513,discomfort,discomfort10A40438-09AA-4A21-83B4-8119F03F7A11-1430925142-1.0-f-26-dc_pitch1.wav,./Aug/discomfort10A40438-09AA-4A21-83B4-8119F03F7A11-1430925142-1.0-f-26-dc_pitch1.wav,-23.418581,7.0,0.09970418363809586,0.08074817806482315,0.0959165459437086,0.029170088177430567,209.34517854850398,70.67363458689682
514,discomfort,discomfort10A40438-09AA-4A21-83B4-8119F03F7A11-1430925142-1.0-f-26-dc_pitch2.wav,./Aug/discomfort10A40438-09AA-4A21-83B4-8119F03F7A11-1430925142-1.0-f-26-dc_pitch2.wav,-23.404095,7.0,0.09937409311532974,0.07830193638801575,0.10033047909768211,0.029953009877360177,210.25401244163518,76.18458489843387
515,discomfort,discomfort10A40438-09AA-4A21-83B4-8119F03F7A11-1430925142-1.0-f-26-dc_pitch1.5.wav,./Aug/discomfort10A40438-09AA-4A21-83B4-8119F03F7A11-1430925142-1.0-f-26-dc_pitch1.5.wav,-23.396805,7.0,0.10324057936668396,0.08597195148468018,0.096422612272351,0.026842049981610328,209.62514621638138,74.49571062087192
516,discomfort,discomfort10A40438-09AA-4A21-83B4-8119F03F7A11-1430925142-1.0-f-26-dc_pitch-1.5.wav,./Aug/discomfort10A40438-09AA-4A21-83B4-8119F03F7A11-1430925142-1.0-f-26-dc_pitch-1.5.wav,-22.992191,7.0,0.09553203731775284,0.07540213316679001,0.08204903507864239,0.024325146563790503,204.01990703245477,65.44955187479522
517,discomfort,discomfort10A40438-09AA-4A21-83B4-8119F03F7A11-1430925142-1.0-f-26-dc_speed0.9.wav,./Aug/discomfort10A40438-09AA-4A21-83B4-8119F03F7A11-1430925142-1.0-f-26-dc_speed0.9.wav,-23.420225,7.777777777777778,0.10006190836429596,0.08400334417819977,0.09132462686567164,0.028213516534742807,205.5152853468167,72.14127528279678
518,discomfort,discomfort10A40438-09AA-4A21-83B4-8119F03F7A11-1430925142-1.0-f-26-dc_speed1.1.wav,./Aug/discomfort10A40438-09AA-4A21-83B4-8119F03F7A11-1430925142-1.0-f-26-dc_speed1.1.wav,-23.296696,6.363628117913832,0.09663748741149902,0.07825062423944473,0.09016867897727272,0.024502524778716603,201.63552879510976,72.09455307422414
519,discomfort,discomfort10A40438-09AA-4A21-83B4-8119F03F7A11-1430925142-1.0-f-26-dc_speed0.95.wav,./Aug/discomfort10A40438-09AA-4A21-83B4-8119F03F7A11-1430925142-1.0-f-26-dc_speed0.95.wav,-23.396301,7.3684353741496595,0.10082189738750458,0.08117342740297318,0.08908983146619497,0.024578432830184255,209.52872387502558,68.62881221817247
520,discomfort,discomfort10A40438-09AA-4A21-83B4-8119F03F7A11-1430925142-1.0-f-26-dc_speed1.05.wav,./Aug/discomfort10A40438-09AA-4A21-83B4-8119F03F7A11-1430925142-1.0-f-26-dc_speed1.05.wav,-23.2286,6.666666666666667,0.09726101905107498,0.0785772055387497,0.08879767523871528,0.026630098109431642,210.14062572669002,70.43897563660384
521,discomfort,discomfort10A40438-09AA-4A21-83B4-8119F03F7A11-1430925142-1.0-f-26-dc_noise283.wav,./Aug/discomfort10A40438-09AA-4A21-83B4-8119F03F7A11-1430925142-1.0-f-26-dc_noise283.wav,-13.447623,7.0,0.1531001627445221,0.12215708941221237,0.18903436723923842,0.12260959648090307,209.20281696009613,67.13226645821271
522,discomfort,discomfort10A40438-09AA-4A21-83B4-8119F03F7A11-1430925142-1.0-f-26-dc_noise283.wav,./Aug/discomfort10A40438-09AA-4A21-83B4-8119F03F7A11-1430925142-1.0-f-26-dc_noise283.wav,-13.447623,7.0,0.1531001627445221,0.12215708941221237,0.18903436723923842,0.12260959648090307,209.20281696009613,67.13226645821271
523,discomfort,discomfort10A40438-09AA-4A21-83B4-8119F03F7A11-1430925142-1.0-f-26-dc_noise283.wav,./Aug/discomfort10A40438-09AA-4A21-83B4-8119F03F7A11-1430925142-1.0-f-26-dc_noise283.wav,-13.447623,7.0,0.1531001627445221,0.12215708941221237,0.18903436723923842,0.12260959648090307,209.20281696009613,67.13226645821271
524,discomfort,discomfort10A40438-09AA-4A21-83B4-8119F03F7A11-1430925142-1.0-f-26-dc_noise283.wav,./Aug/discomfort10A40438-09AA-4A21-83B4-8119F03F7A11-1430925142-1.0-f-26-dc_noise283.wav,-13.447623,7.0,0.1531001627445221,0.12215708941221237,0.18903436723923842,0.12260959648090307,209.20281696009613,67.13226645821271
525,discomfort,discomfort10A40438-09AA-4A21-83B4-8119F03F7A11-1430925142-1.0-f-26-dc_noise283.wav,./Aug/discomfort10A40438-09AA-4A21-83B4-8119F03F7A11-1430925142-1.0-f-26-dc_noise283.wav,-13.447623,7.0,0.1531001627445221,0.12215708941221237,0.18903436723923842,0.12260959648090307,209.20281696009613,67.13226645821271
526,discomfort,discomfort999bf14b-e417-4b44-b746-9253f81efe38-1430844994519-1.7-m-04-ch_pitch-2.wav,./Aug/discomfort999bf14b-e417-4b44-b746-9253f81efe38-1430844994519-1.7-m-04-ch_pitch-2.wav,-28.990074,6.9,0.03173082321882248,0.03760353475809097,0.05274092911073826,0.016129855279336747,183.59484783995836,69.59729707871286
527,discomfort,discomfort999bf14b-e417-4b44-b746-9253f81efe38-1430844994519-1.7-m-04-ch_pitch-1.wav,./Aug/discomfort999bf14b-e417-4b44-b746-9253f81efe38-1430844994519-1.7-m-04-ch_pitch-1.wav,-29.513409,6.9,0.03341972827911377,0.038616571575403214,0.05170865666946309,0.015878628137866585,182.7184019986147,71.07854230989788
528,discomfort,discomfort999bf14b-e417-4b44-b746-9253f81efe38-1430844994519-1.7-m-04-ch_pitch1.wav,./Aug/discomfort999bf14b-e417-4b44-b746-9253f81efe38-1430844994519-1.7-m-04-ch_pitch1.wav,-30.18384,6.9,0.03188694640994072,0.037837788462638855,0.06448589555369127,0.02324831701792414,180.32158324781918,54.49615057952037
529,discomfort,discomfort999bf14b-e417-4b44-b746-9253f81efe38-1430844994519-1.7-m-04-ch_pitch2.wav,./Aug/discomfort999bf14b-e417-4b44-b746-9253f81efe38-1430844994519-1.7-m-04-ch_pitch2.wav,-31.418537,6.9,0.03053468093276024,0.037655893713235855,0.06927858903104027,0.02536106528508626,188.4454492734341,59.25113369286117
530,discomfort,discomfort999bf14b-e417-4b44-b746-9253f81efe38-1430844994519-1.7-m-04-ch_pitch1.5.wav,./Aug/discomfort999bf14b-e417-4b44-b746-9253f81efe38-1430844994519-1.7-m-04-ch_pitch1.5.wav,-30.37636,6.9,0.03635210171341896,0.045108597725629807,0.06418276793204698,0.024509886287590803,190.69274399178536,52.7735912648852
531,discomfort,discomfort999bf14b-e417-4b44-b746-9253f81efe38-1430844994519-1.7-m-04-ch_pitch-1.5.wav,./Aug/discomfort999bf14b-e417-4b44-b746-9253f81efe38-1430844994519-1.7-m-04-ch_pitch-1.5.wav,-29.58013,6.9,0.030649973079562187,0.03689274564385414,0.0531095978397651,0.01697162527295237,188.31666200413287,69.462681196036
532,discomfort,discomfort999bf14b-e417-4b44-b746-9253f81efe38-1430844994519-1.7-m-04-ch_speed0.9.wav,./Aug/discomfort999bf14b-e417-4b44-b746-9253f81efe38-1430844994519-1.7-m-04-ch_speed0.9.wav,-29.451527,7.666666666666667,0.03286860138177872,0.03974272683262825,0.05993172913519638,0.02289379616268445,179.91854183377163,57.046412732129916
533,discomfort,discomfort999bf14b-e417-4b44-b746-9253f81efe38-1430844994519-1.7-m-04-ch_speed1.1.wav,./Aug/discomfort999bf14b-e417-4b44-b746-9253f81efe38-1430844994519-1.7-m-04-ch_speed1.1.wav,-29.588839,6.272743764172335,0.03223082795739174,0.0384109728038311,0.05764061058579336,0.016223342657832235,179.718552422358,59.38489323395888
534,discomfort,discomfort999bf14b-e417-4b44-b746-9253f81efe38-1430844994519-1.7-m-04-ch_speed0.95.wav,./Aug/discomfort999bf14b-e417-4b44-b746-9253f81efe38-1430844994519-1.7-m-04-ch_speed0.95.wav,-29.310575,7.263174603174603,0.03467601165175438,0.04614681750535965,0.05966859275159744,0.02180532957948497,179.49375926906902,59.927180136819736
535,discomfort,discomfort999bf14b-e417-4b44-b746-9253f81efe38-1430844994519-1.7-m-04-ch_speed1.05.wav,./Aug/discomfort999bf14b-e417-4b44-b746-9253f81efe38-1430844994519-1.7-m-04-ch_speed1.05.wav,-29.46984,6.571428571428571,0.033925849944353104,0.04095027595758438,0.05645837918133803,0.01594033022614635,187.8753269807791,60.49115634970552
536,discomfort,discomfort999bf14b-e417-4b44-b746-9253f81efe38-1430844994519-1.7-m-04-ch_noise283.wav,./Aug/discomfort999bf14b-e417-4b44-b746-9253f81efe38-1430844994519-1.7-m-04-ch_noise283.wav,-19.858177,6.9,0.05187394097447395,0.059693511575460434,0.19623662961409397,0.15800996060673334,166.65349644104552,70.22316596202089
537,discomfort,discomfort999bf14b-e417-4b44-b746-9253f81efe38-1430844994519-1.7-m-04-ch_noise283.wav,./Aug/discomfort999bf14b-e417-4b44-b746-9253f81efe38-1430844994519-1.7-m-04-ch_noise283.wav,-19.858177,6.9,0.05187394097447395,0.059693511575460434,0.19623662961409397,0.15800996060673334,166.65349644104552,70.22316596202089
538,discomfort,discomfort999bf14b-e417-4b44-b746-9253f81efe38-1430844994519-1.7-m-04-ch_noise283.wav,./Aug/discomfort999bf14b-e417-4b44-b746-9253f81efe38-1430844994519-1.7-m-04-ch_noise283.wav,-19.858177,6.9,0.05187394097447395,0.059693511575460434,0.19623662961409397,0.15800996060673334,166.65349644104552,70.22316596202089
539,discomfort,discomfort999bf14b-e417-4b44-b746-9253f81efe38-1430844994519-1.7-m-04-ch_noise283.wav,./Aug/discomfort999bf14b-e417-4b44-b746-9253f81efe38-1430844994519-1.7-m-04-ch_noise283.wav,-19.858177,6.9,0.05187394097447395,0.059693511575460434,0.19623662961409397,0.15800996060673334,166.65349644104552,70.22316596202089
540,discomfort,discomfort999bf14b-e417-4b44-b746-9253f81efe38-1430844994519-1.7-m-04-ch_noise283.wav,./Aug/discomfort999bf14b-e417-4b44-b746-9253f81efe38-1430844994519-1.7-m-04-ch_noise283.wav,-19.858177,6.9,0.05187394097447395,0.059693511575460434,0.19623662961409397,0.15800996060673334,166.65349644104552,70.22316596202089
541,discomfort,discomfort7b0e160e-0505-459e-8ecb-304d7afae9d2-1437486974312-1.7-m-04-dc_pitch-2.wav,./Aug/discomfort7b0e160e-0505-459e-8ecb-304d7afae9d2-1437486974312-1.7-m-04-dc_pitch-2.wav,-14.595688,6.9,0.030189212411642075,0.021890996024012566,0.043904349307885907,0.021890081374494788,144.3473320949421,46.391291157237994
542,discomfort,discomfort7b0e160e-0505-459e-8ecb-304d7afae9d2-1437486974312-1.7-m-04-dc_pitch-1.wav,./Aug/discomfort7b0e160e-0505-459e-8ecb-304d7afae9d2-1437486974312-1.7-m-04-dc_pitch-1.wav,-15.675126,6.9,0.03158770874142647,0.021615229547023773,0.045424902999161076,0.02304584062473423,156.9810822341482,44.030736143418466
543,discomfort,discomfort7b0e160e-0505-459e-8ecb-304d7afae9d2-1437486974312-1.7-m-04-dc_pitch1.wav,./Aug/discomfort7b0e160e-0505-459e-8ecb-304d7afae9d2-1437486974312-1.7-m-04-dc_pitch1.wav,-15.518818,6.9,0.028986845165491104,0.017067162320017815,0.053016201761744965,0.03173813913680057,156.16533755246365,53.45007222782989
544,discomfort,discomfort7b0e160e-0505-459e-8ecb-304d7afae9d2-1437486974312-1.7-m-04-dc_pitch2.wav,./Aug/discomfort7b0e160e-0505-459e-8ecb-304d7afae9d2-1437486974312-1.7-m-04-dc_pitch2.wav,-16.149427,6.9,0.029730841517448425,0.020590681582689285,0.05589509490352349,0.03151625660652768,175.03823143165357,57.24849312493926
545,discomfort,discomfort7b0e160e-0505-459e-8ecb-304d7afae9d2-1437486974312-1.7-m-04-dc_pitch1.5.wav,./Aug/discomfort7b0e160e-0505-459e-8ecb-304d7afae9d2-1437486974312-1.7-m-04-dc_pitch1.5.wav,-16.426718,6.9,0.02859540283679962,0.017462031915783882,0.05415006291946309,0.03098069685998287,158.937285276126,60.11495222276349
546,discomfort,discomfort7b0e160e-0505-459e-8ecb-304d7afae9d2-1437486974312-1.7-m-04-dc_pitch-1.5.wav,./Aug/discomfort7b0e160e-0505-459e-8ecb-304d7afae9d2-1437486974312-1.7-m-04-dc_pitch-1.5.wav,-15.264683,6.9,0.02965187467634678,0.01969282329082489,0.045143076237416105,0.023311195163533544,145.89554221769015,48.278428646723235
547,discomfort,discomfort7b0e160e-0505-459e-8ecb-304d7afae9d2-1437486974312-1.7-m-04-dc_speed0.9.wav,./Aug/discomfort7b0e160e-0505-459e-8ecb-304d7afae9d2-1437486974312-1.7-m-04-dc_speed0.9.wav,-15.02612,7.666666666666667,0.02984321489930153,0.020498739555478096,0.05058652756797583,0.03021131382922232,153.9588890620272,51.80905472001375
548,discomfort,discomfort7b0e160e-0505-459e-8ecb-304d7afae9d2-1437486974312-1.7-m-04-dc_speed1.1.wav,./Aug/discomfort7b0e160e-0505-459e-8ecb-304d7afae9d2-1437486974312-1.7-m-04-dc_speed1.1.wav,-14.840006,6.272743764172335,0.030357662588357925,0.018957631662487984,0.046633562038745385,0.023417066118377114,161.38424074227552,43.28273689813357
549,discomfort,discomfort7b0e160e-0505-459e-8ecb-304d7afae9d2-1437486974312-1.7-m-04-dc_speed0.95.wav,./Aug/discomfort7b0e160e-0505-459e-8ecb-304d7afae9d2-1437486974312-1.7-m-04-dc_speed0.95.wav,-16.424364,7.263174603174603,0.028546219691634178,0.01787221059203148,0.049776607428115016,0.029231163681618332,155.0918548157164,43.8692655705397
550,discomfort,discomfort7b0e160e-0505-459e-8ecb-304d7afae9d2-1437486974312-1.7-m-04-dc_speed1.05.wav,./Aug/discomfort7b0e160e-0505-459e-8ecb-304d7afae9d2-1437486974312-1.7-m-04-dc_speed1.05.wav,-14.135755,6.571428571428571,0.030263705179095268,0.020742259919643402,0.04851177376760563,0.024643521526690915,160.0214630179988,49.26246183873806
551,discomfort,discomfort7b0e160e-0505-459e-8ecb-304d7afae9d2-1437486974312-1.7-m-04-dc_noise283.wav,./Aug/discomfort7b0e160e-0505-459e-8ecb-304d7afae9d2-1437486974312-1.7-m-04-dc_noise283.wav,-8.717348,6.9,0.04541536793112755,0.0293238814920187,0.09927839240771812,0.09949713315189246,152.60157789551354,45.9428457542973
552,discomfort,discomfort7b0e160e-0505-459e-8ecb-304d7afae9d2-1437486974312-1.7-m-04-dc_noise283.wav,./Aug/discomfort7b0e160e-0505-459e-8ecb-304d7afae9d2-1437486974312-1.7-m-04-dc_noise283.wav,-8.717348,6.9,0.04541536793112755,0.0293238814920187,0.09927839240771812,0.09949713315189246,152.60157789551354,45.9428457542973
553,discomfort,discomfort7b0e160e-0505-459e-8ecb-304d7afae9d2-1437486974312-1.7-m-04-dc_noise283.wav,./Aug/discomfort7b0e160e-0505-459e-8ecb-304d7afae9d2-1437486974312-1.7-m-04-dc_noise283.wav,-8.717348,6.9,0.04541536793112755,0.0293238814920187,0.09927839240771812,0.09949713315189246,152.60157789551354,45.9428457542973
554,discomfort,discomfort7b0e160e-0505-459e-8ecb-304d7afae9d2-1437486974312-1.7-m-04-dc_noise283.wav,./Aug/discomfort7b0e160e-0505-459e-8ecb-304d7afae9d2-1437486974312-1.7-m-04-dc_noise283.wav,-8.717348,6.9,0.04541536793112755,0.0293238814920187,0.09927839240771812,0.09949713315189246,152.60157789551354,45.9428457542973
555,discomfort,discomfort7b0e160e-0505-459e-8ecb-304d7afae9d2-1437486974312-1.7-m-04-dc_noise283.wav,./Aug/discomfort7b0e160e-0505-459e-8ecb-304d7afae9d2-1437486974312-1.7-m-04-dc_noise283.wav,-8.717348,6.9,0.04541536793112755,0.0293238814920187,0.09927839240771812,0.09949713315189246,152.60157789551354,45.9428457542973
556,discomfort,discomfortd6cda191-4962-4308-9a36-46d5648a95ed-1431086262776-1.7-m-04-ch_pitch-2.wav,./Aug/discomfortd6cda191-4962-4308-9a36-46d5648a95ed-1431086262776-1.7-m-04-ch_pitch-2.wav,-30.46415,6.84,0.03923046961426735,0.03434670716524124,0.1433792372881356,0.03385956312208066,160.82721448751045,66.05458701630774
557,discomfort,discomfortd6cda191-4962-4308-9a36-46d5648a95ed-1431086262776-1.7-m-04-ch_pitch-1.wav,./Aug/discomfortd6cda191-4962-4308-9a36-46d5648a95ed-1431086262776-1.7-m-04-ch_pitch-1.wav,-31.197128,6.84,0.03950183093547821,0.03125801682472229,0.15110732256355933,0.0378839721285424,163.86459634021543,60.309596322891764
558,discomfort,discomfortd6cda191-4962-4308-9a36-46d5648a95ed-1431086262776-1.7-m-04-ch_pitch1.wav,./Aug/discomfortd6cda191-4962-4308-9a36-46d5648a95ed-1431086262776-1.7-m-04-ch_pitch1.wav,-32.324368,6.84,0.03900419920682907,0.030708983540534973,0.17303859904661018,0.04330971801451487,168.88123146386184,68.2691230802603
559,discomfort,discomfortd6cda191-4962-4308-9a36-46d5648a95ed-1431086262776-1.7-m-04-ch_pitch2.wav,./Aug/discomfortd6cda191-4962-4308-9a36-46d5648a95ed-1431086262776-1.7-m-04-ch_pitch2.wav,-32.592415,6.84,0.040632136166095734,0.034372273832559586,0.18258077330508474,0.04242733014212611,175.89263114265316,73.17360534382064
560,discomfort,discomfortd6cda191-4962-4308-9a36-46d5648a95ed-1431086262776-1.7-m-04-ch_pitch1.5.wav,./Aug/discomfortd6cda191-4962-4308-9a36-46d5648a95ed-1431086262776-1.7-m-04-ch_pitch1.5.wav,-32.484905,6.84,0.03916631266474724,0.03259483352303505,0.17690346927966102,0.04329054933844049,177.4205529385362,70.7028342278466
561,discomfort,discomfortd6cda191-4962-4308-9a36-46d5648a95ed-1431086262776-1.7-m-04-ch_pitch-1.5.wav,./Aug/discomfortd6cda191-4962-4308-9a36-46d5648a95ed-1431086262776-1.7-m-04-ch_pitch-1.5.wav,-31.009626,6.84,0.039982665330171585,0.032167062163352966,0.14802701271186441,0.037106690791973373,168.35251498814955,65.199982928802
562,discomfort,discomfortd6cda191-4962-4308-9a36-46d5648a95ed-1431086262776-1.7-m-04-ch_speed0.9.wav,./Aug/discomfortd6cda191-4962-4308-9a36-46d5648a95ed-1431086262776-1.7-m-04-ch_speed0.9.wav,-31.87153,7.6,0.03898533806204796,0.03169318661093712,0.16374392625762196,0.04138100928732678,167.77273002592145,66.84325795781315
563,discomfort,discomfortd6cda191-4962-4308-9a36-46d5648a95ed-1431086262776-1.7-m-04-ch_speed1.1.wav,./Aug/discomfortd6cda191-4962-4308-9a36-46d5648a95ed-1431086262776-1.7-m-04-ch_speed1.1.wav,-31.293411,6.2181859410430835,0.040157902985811234,0.03346015512943268,0.16374730352145522,0.03783905004195914,170.1028974310488,67.94585575245257
564,discomfort,discomfortd6cda191-4962-4308-9a36-46d5648a95ed-1431086262776-1.7-m-04-ch_speed0.95.wav,./Aug/discomfortd6cda191-4962-4308-9a36-46d5648a95ed-1431086262776-1.7-m-04-ch_speed0.95.wav,-31.655079,7.2,0.03911914676427841,0.03214353322982788,0.16166191469051447,0.03908331535496419,170.09290816844103,64.83416042972014
565,discomfort,discomfortd6cda191-4962-4308-9a36-46d5648a95ed-1431086262776-1.7-m-04-ch_speed1.05.wav,./Aug/discomfortd6cda191-4962-4308-9a36-46d5648a95ed-1431086262776-1.7-m-04-ch_speed1.05.wav,-31.789778,6.514285714285714,0.039085712283849716,0.03085877001285553,0.16206419595195729,0.03732001204843216,164.8692522729053,65.01685535224615
566,discomfort,discomfortd6cda191-4962-4308-9a36-46d5648a95ed-1431086262776-1.7-m-04-ch_noise283.wav,./Aug/discomfortd6cda191-4962-4308-9a36-46d5648a95ed-1431086262776-1.7-m-04-ch_noise283.wav,-20.767082,6.84,0.05937465652823448,0.047780394554138184,0.2542621159957627,0.14038744128098002,161.33679707175784,72.6339745678655
567,discomfort,discomfortd6cda191-4962-4308-9a36-46d5648a95ed-1431086262776-1.7-m-04-ch_noise283.wav,./Aug/discomfortd6cda191-4962-4308-9a36-46d5648a95ed-1431086262776-1.7-m-04-ch_noise283.wav,-20.767082,6.84,0.05937465652823448,0.047780394554138184,0.2542621159957627,0.14038744128098002,161.33679707175784,72.6339745678655
568,discomfort,discomfortd6cda191-4962-4308-9a36-46d5648a95ed-1431086262776-1.7-m-04-ch_noise283.wav,./Aug/discomfortd6cda191-4962-4308-9a36-46d5648a95ed-1431086262776-1.7-m-04-ch_noise283.wav,-20.767082,6.84,0.05937465652823448,0.047780394554138184,0.2542621159957627,0.14038744128098002,161.33679707175784,72.6339745678655
569,discomfort,discomfortd6cda191-4962-4308-9a36-46d5648a95ed-1431086262776-1.7-m-04-ch_noise283.wav,./Aug/discomfortd6cda191-4962-4308-9a36-46d5648a95ed-1431086262776-1.7-m-04-ch_noise283.wav,-20.767082,6.84,0.05937465652823448,0.047780394554138184,0.2542621159957627,0.14038744128098002,161.33679707175784,72.6339745678655
570,discomfort,discomfortd6cda191-4962-4308-9a36-46d5648a95ed-1431086262776-1.7-m-04-ch_noise283.wav,./Aug/discomfortd6cda191-4962-4308-9a36-46d5648a95ed-1431086262776-1.7-m-04-ch_noise283.wav,-20.767082,6.84,0.05937465652823448,0.047780394554138184,0.2542621159957627,0.14038744128098002,161.33679707175784,72.6339745678655
571,discomfort,discomfort1309B82C-F146-46F0-A723-45345AFA6EA8-1430704008-1.0-f-48-dc_pitch-2.wav,./Aug/discomfort1309B82C-F146-46F0-A723-45345AFA6EA8-1430704008-1.0-f-48-dc_pitch-2.wav,-31.177225,7.0,0.022554880008101463,0.03295362368226051,0.10968704728890728,0.04872273701365407,157.99066259535917,57.363246277407264
572,discomfort,discomfort1309B82C-F146-46F0-A723-45345AFA6EA8-1430704008-1.0-f-48-dc_pitch-1.wav,./Aug/discomfort1309B82C-F146-46F0-A723-45345AFA6EA8-1430704008-1.0-f-48-dc_pitch-1.wav,-31.333511,7.0,0.02243729867041111,0.03264334797859192,0.11491262675910596,0.0521475699695666,157.989070342771,56.54022339516759
573,discomfort,discomfort1309B82C-F146-46F0-A723-45345AFA6EA8-1430704008-1.0-f-48-dc_pitch1.wav,./Aug/discomfort1309B82C-F146-46F0-A723-45345AFA6EA8-1430704008-1.0-f-48-dc_pitch1.wav,-31.914719,7.0,0.022196460515260696,0.032319262623786926,0.1312732822847682,0.06427868208876632,177.3755104902057,63.92700494082005
574,discomfort,discomfort1309B82C-F146-46F0-A723-45345AFA6EA8-1430704008-1.0-f-48-dc_pitch2.wav,./Aug/discomfort1309B82C-F146-46F0-A723-45345AFA6EA8-1430704008-1.0-f-48-dc_pitch2.wav,-32.74014,7.0,0.02218875102698803,0.03231864795088768,0.13777130329056292,0.06521722281151571,176.04933816373622,69.69767486842848
575,discomfort,discomfort1309B82C-F146-46F0-A723-45345AFA6EA8-1430704008-1.0-f-48-dc_speed0.9.wav,./Aug/discomfort1309B82C-F146-46F0-A723-45345AFA6EA8-1430704008-1.0-f-48-dc_speed0.9.wav,-31.836287,7.777777777777778,0.022819168865680695,0.03324209526181221,0.12163013059701493,0.05543453402927975,169.03705125554617,67.52314926095548
576,discomfort,discomfort1309B82C-F146-46F0-A723-45345AFA6EA8-1430704008-1.0-f-48-dc_speed1.1.wav,./Aug/discomfort1309B82C-F146-46F0-A723-45345AFA6EA8-1430704008-1.0-f-48-dc_speed1.1.wav,-31.738472,6.363628117913832,0.022289317101240158,0.03202379494905472,0.1223721590909091,0.056333729313026056,168.69102133384783,63.59037474835955
577,discomfort,discomfort1309B82C-F146-46F0-A723-45345AFA6EA8-1430704008-1.0-f-48-dc_speed0.95.wav,./Aug/discomfort1309B82C-F146-46F0-A723-45345AFA6EA8-1430704008-1.0-f-48-dc_speed0.95.wav,-31.274744,7.3684353741496595,0.0227808877825737,0.03401857987046242,0.11968111242138364,0.055677168832839206,169.2845533612628,60.48938582298525
578,discomfort,discomfort1309B82C-F146-46F0-A723-45345AFA6EA8-1430704008-1.0-f-48-dc_speed1.05.wav,./Aug/discomfort1309B82C-F146-46F0-A723-45345AFA6EA8-1430704008-1.0-f-48-dc_speed1.05.wav,-31.802784,6.666666666666667,0.021801134571433067,0.030994273722171783,0.12373860677083333,0.05966394566613075,174.25537004874488,61.21042901169422
579,discomfort,discomfort1309B82C-F146-46F0-A723-45345AFA6EA8-1430704008-1.0-f-48-dc_noise283.wav,./Aug/discomfort1309B82C-F146-46F0-A723-45345AFA6EA8-1430704008-1.0-f-48-dc_noise283.wav,-21.304796,7.0,0.03441465273499489,0.04753163829445839,0.31372717042632453,0.12013887284559455,145.99203079801234,74.4202361332428
580,discomfort,discomfort1309B82C-F146-46F0-A723-45345AFA6EA8-1430704008-1.0-f-48-dc_noise283.wav,./Aug/discomfort1309B82C-F146-46F0-A723-45345AFA6EA8-1430704008-1.0-f-48-dc_noise283.wav,-21.304796,7.0,0.03441465273499489,0.04753163829445839,0.31372717042632453,0.12013887284559455,145.99203079801234,74.4202361332428
581,discomfort,discomfort1309B82C-F146-46F0-A723-45345AFA6EA8-1430704008-1.0-f-48-dc_noise283.wav,./Aug/discomfort1309B82C-F146-46F0-A723-45345AFA6EA8-1430704008-1.0-f-48-dc_noise283.wav,-21.304796,7.0,0.03441465273499489,0.04753163829445839,0.31372717042632453,0.12013887284559455,145.99203079801234,74.4202361332428
582,discomfort,discomfort1309B82C-F146-46F0-A723-45345AFA6EA8-1430704008-1.0-f-48-dc_noise283.wav,./Aug/discomfort1309B82C-F146-46F0-A723-45345AFA6EA8-1430704008-1.0-f-48-dc_noise283.wav,-21.304796,7.0,0.03441465273499489,0.04753163829445839,0.31372717042632453,0.12013887284559455,145.99203079801234,74.4202361332428
583,discomfort,discomfort1309B82C-F146-46F0-A723-45345AFA6EA8-1430704008-1.0-f-48-dc_noise283.wav,./Aug/discomfort1309B82C-F146-46F0-A723-45345AFA6EA8-1430704008-1.0-f-48-dc_noise283.wav,-21.304796,7.0,0.03441465273499489,0.04753163829445839,0.31372717042632453,0.12013887284559455,145.99203079801234,74.4202361332428
584,discomfort,discomfort1309B82C-F146-46F0-A723-45345AFA6EA8-1432801703-1.1-f-26-dc_speed0.9.wav,./Aug/discomfort1309B82C-F146-46F0-A723-45345AFA6EA8-1432801703-1.1-f-26-dc_speed0.9.wav,-19.848562,7.777777777777778,0.10980401933193207,0.06086360663175583,0.12274953358208955,0.03311690765441452,173.00809872541996,57.56883285249982
585,discomfort,discomfort1309B82C-F146-46F0-A723-45345AFA6EA8-1432801703-1.1-f-26-dc_speed1.1.wav,./Aug/discomfort1309B82C-F146-46F0-A723-45345AFA6EA8-1432801703-1.1-f-26-dc_speed1.1.wav,-19.389547,6.363628117913832,0.11299975216388702,0.06394000351428986,0.12268465909090909,0.03333065140919438,170.8961839902873,52.7250488069778
586,discomfort,discomfort1309B82C-F146-46F0-A723-45345AFA6EA8-1432801703-1.1-f-26-dc_speed0.95.wav,./Aug/discomfort1309B82C-F146-46F0-A723-45345AFA6EA8-1432801703-1.1-f-26-dc_speed0.95.wav,-19.612398,7.3684353741496595,0.11350863426923752,0.06401390582323074,0.12262154825078617,0.03531385573012745,170.51429986990084,56.48846795431376
587,discomfort,discomfort1309B82C-F146-46F0-A723-45345AFA6EA8-1432801703-1.1-f-26-dc_speed1.05.wav,./Aug/discomfort1309B82C-F146-46F0-A723-45345AFA6EA8-1432801703-1.1-f-26-dc_speed1.05.wav,-19.278564,6.666666666666667,0.11180726438760757,0.06516110152006149,0.1231231689453125,0.034469129410782805,180.16605741431906,57.35232501131547
588,discomfort,discomfort1309B82C-F146-46F0-A723-45345AFA6EA8-1432801703-1.1-f-26-dc_noise283.wav,./Aug/discomfort1309B82C-F146-46F0-A723-45345AFA6EA8-1432801703-1.1-f-26-dc_noise283.wav,-11.2232,7.0,0.16447515785694122,0.08776140213012695,0.1974095224544702,0.13289521400620463,176.70880242837137,61.44254422026647
589,discomfort,discomfort1309B82C-F146-46F0-A723-45345AFA6EA8-1432801703-1.1-f-26-dc_noise283.wav,./Aug/discomfort1309B82C-F146-46F0-A723-45345AFA6EA8-1432801703-1.1-f-26-dc_noise283.wav,-11.2232,7.0,0.16447515785694122,0.08776140213012695,0.1974095224544702,0.13289521400620463,176.70880242837137,61.44254422026647
590,discomfort,discomfort1309B82C-F146-46F0-A723-45345AFA6EA8-1432801703-1.1-f-26-dc_noise283.wav,./Aug/discomfort1309B82C-F146-46F0-A723-45345AFA6EA8-1432801703-1.1-f-26-dc_noise283.wav,-11.2232,7.0,0.16447515785694122,0.08776140213012695,0.1974095224544702,0.13289521400620463,176.70880242837137,61.44254422026647
591,discomfort,discomfort1309B82C-F146-46F0-A723-45345AFA6EA8-1432801703-1.1-f-26-dc_noise283.wav,./Aug/discomfort1309B82C-F146-46F0-A723-45345AFA6EA8-1432801703-1.1-f-26-dc_noise283.wav,-11.2232,7.0,0.16447515785694122,0.08776140213012695,0.1974095224544702,0.13289521400620463,176.70880242837137,61.44254422026647
592,discomfort,discomfort1309B82C-F146-46F0-A723-45345AFA6EA8-1432801703-1.1-f-26-dc_noise283.wav,./Aug/discomfort1309B82C-F146-46F0-A723-45345AFA6EA8-1432801703-1.1-f-26-dc_noise283.wav,-11.2232,7.0,0.16447515785694122,0.08776140213012695,0.1974095224544702,0.13289521400620463,176.70880242837137,61.44254422026647
593,discomfort,discomfort1309B82C-F146-46F0-A723-45345AFA6EA8-1432801693-1.1-f-26-dc_speed0.9.wav,./Aug/discomfort1309B82C-F146-46F0-A723-45345AFA6EA8-1432801693-1.1-f-26-dc_speed0.9.wav,-24.288845,7.777777777777778,0.07851647585630417,0.0675923302769661,0.10947119869402985,0.04218805161566185,178.76812757717744,66.64588690617065
594,discomfort,discomfort1309B82C-F146-46F0-A723-45345AFA6EA8-1432801693-1.1-f-26-dc_speed1.1.wav,./Aug/discomfort1309B82C-F146-46F0-A723-45345AFA6EA8-1432801693-1.1-f-26-dc_speed1.1.wav,-24.607527,6.363628117913832,0.07891041040420532,0.06956416368484497,0.10623757102272727,0.03827195456261654,172.01089717235732,68.04592302176808
595,discomfort,discomfort1309B82C-F146-46F0-A723-45345AFA6EA8-1432801693-1.1-f-26-dc_speed0.95.wav,./Aug/discomfort1309B82C-F146-46F0-A723-45345AFA6EA8-1432801693-1.1-f-26-dc_speed0.95.wav,-24.902002,7.3684353741496595,0.0792258158326149,0.06834852695465088,0.10667716931996855,0.04197557339104201,172.04469300067254,67.78119131800173
596,discomfort,discomfort1309B82C-F146-46F0-A723-45345AFA6EA8-1432801693-1.1-f-26-dc_speed1.05.wav,./Aug/discomfort1309B82C-F146-46F0-A723-45345AFA6EA8-1432801693-1.1-f-26-dc_speed1.05.wav,-24.517303,6.666666666666667,0.08275188505649567,0.07389133423566818,0.10524834526909722,0.0355004231768889,174.73968040460912,66.4503459605804
597,discomfort,discomfort1309B82C-F146-46F0-A723-45345AFA6EA8-1432801693-1.1-f-26-dc_noise283.wav,./Aug/discomfort1309B82C-F146-46F0-A723-45345AFA6EA8-1432801693-1.1-f-26-dc_noise283.wav,-14.475085,7.0,0.11731896549463272,0.09453266859054565,0.23856742808360928,0.15612535181353587,164.48152125207005,72.58760963464968
598,discomfort,discomfort1309B82C-F146-46F0-A723-45345AFA6EA8-1432801693-1.1-f-26-dc_noise283.wav,./Aug/discomfort1309B82C-F146-46F0-A723-45345AFA6EA8-1432801693-1.1-f-26-dc_noise283.wav,-14.475085,7.0,0.11731896549463272,0.09453266859054565,0.23856742808360928,0.15612535181353587,164.48152125207005,72.58760963464968
599,discomfort,discomfort1309B82C-F146-46F0-A723-45345AFA6EA8-1432801693-1.1-f-26-dc_noise283.wav,./Aug/discomfort1309B82C-F146-46F0-A723-45345AFA6EA8-1432801693-1.1-f-26-dc_noise283.wav,-14.475085,7.0,0.11731896549463272,0.09453266859054565,0.23856742808360928,0.15612535181353587,164.48152125207005,72.58760963464968
600,discomfort,discomfort1309B82C-F146-46F0-A723-45345AFA6EA8-1432801693-1.1-f-26-dc_noise283.wav,./Aug/discomfort1309B82C-F146-46F0-A723-45345AFA6EA8-1432801693-1.1-f-26-dc_noise283.wav,-14.475085,7.0,0.11731896549463272,0.09453266859054565,0.23856742808360928,0.15612535181353587,164.48152125207005,72.58760963464968
601,discomfort,discomfort1309B82C-F146-46F0-A723-45345AFA6EA8-1432801693-1.1-f-26-dc_noise283.wav,./Aug/discomfort1309B82C-F146-46F0-A723-45345AFA6EA8-1432801693-1.1-f-26-dc_noise283.wav,-14.475085,7.0,0.11731896549463272,0.09453266859054565,0.23856742808360928,0.15612535181353587,164.48152125207005,72.58760963464968
602,discomfort,discomfortd6cda191-4962-4308-9a36-46d5648a95ed-1426942891562-1.4-f-48-dc_speed0.9.wav,./Aug/discomfortd6cda191-4962-4308-9a36-46d5648a95ed-1426942891562-1.4-f-48-dc_speed0.9.wav,-35.22582,7.5777777777777775,0.002115495502948761,0.0034507373347878456,0.08600021502293578,0.047077287693528175,127.92546755676578,58.8105130829986
603,discomfort,discomfortd6cda191-4962-4308-9a36-46d5648a95ed-1426942891562-1.4-f-48-dc_speed1.1.wav,./Aug/discomfortd6cda191-4962-4308-9a36-46d5648a95ed-1426942891562-1.4-f-48-dc_speed1.1.wav,-34.89596,6.2,0.002149679232388735,0.0034178311470896006,0.08475141382929105,0.046815651031617785,123.46045112892459,57.73013488505977
604,discomfort,discomfortd6cda191-4962-4308-9a36-46d5648a95ed-1426942891562-1.4-f-48-dc_speed0.95.wav,./Aug/discomfortd6cda191-4962-4308-9a36-46d5648a95ed-1426942891562-1.4-f-48-dc_speed0.95.wav,-34.91539,7.178956916099773,0.002147301100194454,0.0035314520355314016,0.08450100806451613,0.04596048598995794,125.23697987259786,58.62560221539248
605,discomfort,discomfortd6cda191-4962-4308-9a36-46d5648a95ed-1426942891562-1.4-f-48-dc_speed1.05.wav,./Aug/discomfortd6cda191-4962-4308-9a36-46d5648a95ed-1426942891562-1.4-f-48-dc_speed1.05.wav,-35.081886,6.495238095238095,0.0022559072822332382,0.003660325426608324,0.08483014787946429,0.04579719030403332,124.78020656074948,58.01400252440027
606,discomfort,discomfortd6cda191-4962-4308-9a36-46d5648a95ed-1426942891562-1.4-f-48-dc_noise283.wav,./Aug/discomfortd6cda191-4962-4308-9a36-46d5648a95ed-1426942891562-1.4-f-48-dc_noise283.wav,-31.494362,6.82,0.0030863822903484106,0.005186739377677441,0.12083466198979592,0.058951514213858365,124.5016074540258,59.02844627999613
607,discomfort,discomfortd6cda191-4962-4308-9a36-46d5648a95ed-1426942891562-1.4-f-48-dc_noise283.wav,./Aug/discomfortd6cda191-4962-4308-9a36-46d5648a95ed-1426942891562-1.4-f-48-dc_noise283.wav,-31.494362,6.82,0.0030863822903484106,0.005186739377677441,0.12083466198979592,0.058951514213858365,124.5016074540258,59.02844627999613
608,discomfort,discomfortd6cda191-4962-4308-9a36-46d5648a95ed-1426942891562-1.4-f-48-dc_noise283.wav,./Aug/discomfortd6cda191-4962-4308-9a36-46d5648a95ed-1426942891562-1.4-f-48-dc_noise283.wav,-31.494362,6.82,0.0030863822903484106,0.005186739377677441,0.12083466198979592,0.058951514213858365,124.5016074540258,59.02844627999613
609,discomfort,discomfortd6cda191-4962-4308-9a36-46d5648a95ed-1426942891562-1.4-f-48-dc_noise283.wav,./Aug/discomfortd6cda191-4962-4308-9a36-46d5648a95ed-1426942891562-1.4-f-48-dc_noise283.wav,-31.494362,6.82,0.0030863822903484106,0.005186739377677441,0.12083466198979592,0.058951514213858365,124.5016074540258,59.02844627999613
610,discomfort,discomfortD1CB71F9-EF76-49B3-A703-41D557444D21-1436863419-1.1-f-26-dc_speed0.9.wav,./Aug/discomfortD1CB71F9-EF76-49B3-A703-41D557444D21-1436863419-1.1-f-26-dc_speed0.9.wav,-24.51334,7.777777777777778,0.06619221717119217,0.06289220601320267,0.0851300139925373,0.02617595682873032,175.96336519222706,52.86854576607806
611,discomfort,discomfortD1CB71F9-EF76-49B3-A703-41D557444D21-1436863419-1.1-f-26-dc_speed1.1.wav,./Aug/discomfortD1CB71F9-EF76-49B3-A703-41D557444D21-1436863419-1.1-f-26-dc_speed1.1.wav,-24.709362,6.363628117913832,0.06487108767032623,0.06223007291555405,0.08555752840909091,0.024743786754262607,169.72900871384138,57.12060157667578
612,discomfort,discomfortD1CB71F9-EF76-49B3-A703-41D557444D21-1436863419-1.1-f-26-dc_speed0.95.wav,./Aug/discomfortD1CB71F9-EF76-49B3-A703-41D557444D21-1436863419-1.1-f-26-dc_speed0.95.wav,-24.710384,7.3684353741496595,0.06692534685134888,0.06393799185752869,0.08723344143081761,0.02627535327805752,173.9396476635362,55.51631080937011
613,discomfort,discomfortD1CB71F9-EF76-49B3-A703-41D557444D21-1436863419-1.1-f-26-dc_speed1.05.wav,./Aug/discomfortD1CB71F9-EF76-49B3-A703-41D557444D21-1436863419-1.1-f-26-dc_speed1.05.wav,-24.52062,6.666666666666667,0.06656847149133682,0.06580357253551483,0.08697509765625,0.026906890959470395,175.0489360640018,52.40580424139231
614,discomfort,discomfortd6cda191-4962-4308-9a36-46d5648a95ed-1431161889263-1.7-m-04-dc_speed0.9.wav,./Aug/discomfortd6cda191-4962-4308-9a36-46d5648a95ed-1431161889263-1.7-m-04-dc_speed0.9.wav,-36.743755,7.6,0.008623355999588966,0.011923362500965595,0.10437458317454268,0.0425576206749796,170.27766819126185,74.746598189724
615,discomfort,discomfortd6cda191-4962-4308-9a36-46d5648a95ed-1431161889263-1.7-m-04-dc_speed1.1.wav,./Aug/discomfortd6cda191-4962-4308-9a36-46d5648a95ed-1431161889263-1.7-m-04-dc_speed1.1.wav,-36.840183,6.2181859410430835,0.008982676081359386,0.012772684916853905,0.10288705398787314,0.0433243269350717,172.04437631316526,71.2859390468857
616,discomfort,discomfortd6cda191-4962-4308-9a36-46d5648a95ed-1431161889263-1.7-m-04-dc_speed0.95.wav,./Aug/discomfortd6cda191-4962-4308-9a36-46d5648a95ed-1431161889263-1.7-m-04-dc_speed0.95.wav,-36.648563,7.2,0.008922809734940529,0.012285341508686543,0.10576548683681672,0.04478177091624338,170.45388545729008,74.6320880257808
617,discomfort,discomfortd6cda191-4962-4308-9a36-46d5648a95ed-1431161889263-1.7-m-04-dc_speed1.05.wav,./Aug/discomfortd6cda191-4962-4308-9a36-46d5648a95ed-1431161889263-1.7-m-04-dc_speed1.05.wav,-36.40693,6.514285714285714,0.009259112179279327,0.013523775152862072,0.10438445284697509,0.04346331096007501,173.92442023512538,69.87737510308759
618,discomfort,discomfort64acb345-a61e-4ef3-a5a6-cf83c04b83f1-1430059012473-1.7-m-72-dc_speed0.9.wav,./Aug/discomfort64acb345-a61e-4ef3-a5a6-cf83c04b83f1-1430059012473-1.7-m-72-dc_speed0.9.wav,-20.269121,7.4222222222222225,0.2401987761259079,0.16861918568611145,0.11839141845703124,0.028671060777622513,224.26451292582814,66.27381474570605
619,discomfort,discomfort64acb345-a61e-4ef3-a5a6-cf83c04b83f1-1430059012473-1.7-m-72-dc_speed1.1.wav,./Aug/discomfort64acb345-a61e-4ef3-a5a6-cf83c04b83f1-1430059012473-1.7-m-72-dc_speed1.1.wav,-20.586924,6.072743764172335,0.2272671014070511,0.14762602746486664,0.11818642652671756,0.02950359456357491,224.74597929517745,63.927627754127336
620,discomfort,discomfort64acb345-a61e-4ef3-a5a6-cf83c04b83f1-1430059012473-1.7-m-72-dc_speed0.95.wav,./Aug/discomfort64acb345-a61e-4ef3-a5a6-cf83c04b83f1-1430059012473-1.7-m-72-dc_speed0.95.wav,-20.684488,7.03156462585034,0.23661819100379944,0.15294480323791504,0.11692643873762376,0.030680838263480642,226.82107615022034,67.22028048853417
621,discomfort,discomfort64acb345-a61e-4ef3-a5a6-cf83c04b83f1-1430059012473-1.7-m-72-dc_speed1.05.wav,./Aug/discomfort64acb345-a61e-4ef3-a5a6-cf83c04b83f1-1430059012473-1.7-m-72-dc_speed1.05.wav,-20.215578,6.3619047619047615,0.25239500403404236,0.1700931191444397,0.1162109375,0.028493990537753432,225.51436245515308,66.22890159578272
622,tired,tired5B416CE8-2591-4531-9ADC-86D085B5D48B-1430144827-1.0-m-48-ti_pitch-2.wav,./Aug/tired5B416CE8-2591-4531-9ADC-86D085B5D48B-1430144827-1.0-m-48-ti_pitch-2.wav,-29.960257,7.0,0.012732092291116714,0.01497217733412981,0.06174170891970199,0.012911453348327898,160.06667444457887,68.66288838884248
623,tired,tired5B416CE8-2591-4531-9ADC-86D085B5D48B-1430144827-1.0-m-48-ti_pitch-1.wav,./Aug/tired5B416CE8-2591-4531-9ADC-86D085B5D48B-1430144827-1.0-m-48-ti_pitch-1.wav,-30.91911,7.0,0.01238794345408678,0.013083738274872303,0.06572071605960265,0.013799662831080082,154.50091937612268,66.73436115897981
624,tired,tired5B416CE8-2591-4531-9ADC-86D085B5D48B-1430144827-1.0-m-48-ti_pitch1.wav,./Aug/tired5B416CE8-2591-4531-9ADC-86D085B5D48B-1430144827-1.0-m-48-ti_pitch1.wav,-31.335205,7.0,0.012587192468345165,0.014669705182313919,0.07365771161009933,0.014349681512857374,153.24499555263966,74.29401453817002
625,tired,tired5B416CE8-2591-4531-9ADC-86D085B5D48B-1430144827-1.0-m-48-ti_pitch2.wav,./Aug/tired5B416CE8-2591-4531-9ADC-86D085B5D48B-1430144827-1.0-m-48-ti_pitch2.wav,-32.181442,7.0,0.012439047917723656,0.01404737401753664,0.07850980442880795,0.01694706921224139,154.0042169383246,72.11789634514855
626,tired,tired5B416CE8-2591-4531-9ADC-86D085B5D48B-1430144827-1.0-m-48-ti_pitch1.5.wav,./Aug/tired5B416CE8-2591-4531-9ADC-86D085B5D48B-1430144827-1.0-m-48-ti_pitch1.5.wav,-31.539925,7.0,0.01293314527720213,0.013996778056025505,0.0755833505794702,0.01550910031518317,166.0825266902035,76.1791007235491
627,tired,tired5B416CE8-2591-4531-9ADC-86D085B5D48B-1430144827-1.0-m-48-ti_pitch-1.5.wav,./Aug/tired5B416CE8-2591-4531-9ADC-86D085B5D48B-1430144827-1.0-m-48-ti_pitch-1.5.wav,-30.056738,7.0,0.012902162969112396,0.014867772348225117,0.06311277680049669,0.013593388658827782,149.86509697736722,71.15899407942321
628,tired,tired5B416CE8-2591-4531-9ADC-86D085B5D48B-1430144827-1.0-m-48-ti_speed0.9.wav,./Aug/tired5B416CE8-2591-4531-9ADC-86D085B5D48B-1430144827-1.0-m-48-ti_speed0.9.wav,-30.99164,7.777777777777778,0.012901440262794495,0.01440164353698492,0.06882433535447761,0.015390237758319275,156.51959818009138,71.47071115888315
629,tired,tired5B416CE8-2591-4531-9ADC-86D085B5D48B-1430144827-1.0-m-48-ti_speed1.1.wav,./Aug/tired5B416CE8-2591-4531-9ADC-86D085B5D48B-1430144827-1.0-m-48-ti_speed1.1.wav,-31.190878,6.363628117913832,0.01231214590370655,0.01315517257899046,0.06900568181818181,0.014072428467553123,155.6316221098541,73.50168979911265
630,tired,tired5B416CE8-2591-4531-9ADC-86D085B5D48B-1430144827-1.0-m-48-ti_speed0.95.wav,./Aug/tired5B416CE8-2591-4531-9ADC-86D085B5D48B-1430144827-1.0-m-48-ti_speed0.95.wav,-31.090414,7.3684353741496595,0.013032599352300167,0.015568817965686321,0.07004532724056604,0.014844252871186446,154.2064524516303,75.0628855935738
631,tired,tired5B416CE8-2591-4531-9ADC-86D085B5D48B-1430144827-1.0-m-48-ti_speed1.05.wav,./Aug/tired5B416CE8-2591-4531-9ADC-86D085B5D48B-1430144827-1.0-m-48-ti_speed1.05.wav,-30.686716,6.666666666666667,0.012658173218369484,0.014987019822001457,0.07024637858072917,0.013616592985591092,150.50776223923702,70.11607793267856
632,tired,tired5B416CE8-2591-4531-9ADC-86D085B5D48B-1430144827-1.0-m-48-ti_noise286.wav,./Aug/tired5B416CE8-2591-4531-9ADC-86D085B5D48B-1430144827-1.0-m-48-ti_noise286.wav,-24.095835,7.0,0.018535058945417404,0.020426692441105843,0.142565190397351,0.06610287655479638,150.8988158624277,73.4609460709402
633,tired,tired5B416CE8-2591-4531-9ADC-86D085B5D48B-1430144827-1.0-m-48-ti_noise286.wav,./Aug/tired5B416CE8-2591-4531-9ADC-86D085B5D48B-1430144827-1.0-m-48-ti_noise286.wav,-24.095835,7.0,0.018535058945417404,0.020426692441105843,0.142565190397351,0.06610287655479638,150.8988158624277,73.4609460709402
634,tired,tired5B416CE8-2591-4531-9ADC-86D085B5D48B-1430144827-1.0-m-48-ti_noise286.wav,./Aug/tired5B416CE8-2591-4531-9ADC-86D085B5D48B-1430144827-1.0-m-48-ti_noise286.wav,-24.095835,7.0,0.018535058945417404,0.020426692441105843,0.142565190397351,0.06610287655479638,150.8988158624277,73.4609460709402
635,tired,tired5B416CE8-2591-4531-9ADC-86D085B5D48B-1430144827-1.0-m-48-ti_noise286.wav,./Aug/tired5B416CE8-2591-4531-9ADC-86D085B5D48B-1430144827-1.0-m-48-ti_noise286.wav,-24.095835,7.0,0.018535058945417404,0.020426692441105843,0.142565190397351,0.06610287655479638,150.8988158624277,73.4609460709402
636,tired,tired5B416CE8-2591-4531-9ADC-86D085B5D48B-1430144827-1.0-m-48-ti_noise286.wav,./Aug/tired5B416CE8-2591-4531-9ADC-86D085B5D48B-1430144827-1.0-m-48-ti_noise286.wav,-24.095835,7.0,0.018535058945417404,0.020426692441105843,0.142565190397351,0.06610287655479638,150.8988158624277,73.4609460709402
637,tired,tiredca7d8d54-13cb-4060-8db4-90651b60c078-1434674792223-1.7-f-26-ti_pitch-2.wav,./Aug/tiredca7d8d54-13cb-4060-8db4-90651b60c078-1434674792223-1.7-f-26-ti_pitch-2.wav,-35.683044,6.78,0.028583794832229614,0.03218095377087593,0.0856365047089041,0.04846106145484444,178.54272728082296,69.14839207777908
638,tired,tiredca7d8d54-13cb-4060-8db4-90651b60c078-1434674792223-1.7-f-26-ti_pitch-1.wav,./Aug/tiredca7d8d54-13cb-4060-8db4-90651b60c078-1434674792223-1.7-f-26-ti_pitch-1.wav,-35.58595,6.78,0.028751373291015625,0.032724689692258835,0.0894808834546233,0.05266130310412378,184.3151093514333,72.66476382108078
639,tired,tiredca7d8d54-13cb-4060-8db4-90651b60c078-1434674792223-1.7-f-26-ti_pitch1.wav,./Aug/tiredca7d8d54-13cb-4060-8db4-90651b60c078-1434674792223-1.7-f-26-ti_pitch1.wav,-34.287983,6.78,0.034720275551080704,0.04900018498301506,0.10354906892123288,0.06048230344315847,190.09130392736745,83.02266603295092
640,tired,tiredca7d8d54-13cb-4060-8db4-90651b60c078-1434674792223-1.7-f-26-ti_pitch2.wav,./Aug/tiredca7d8d54-13cb-4060-8db4-90651b60c078-1434674792223-1.7-f-26-ti_pitch2.wav,-34.2141,6.78,0.031552087515592575,0.04561629146337509,0.1080740314640411,0.06315957876122044,204.67998669961077,86.48478027588284
641,tired,tiredca7d8d54-13cb-4060-8db4-90651b60c078-1434674792223-1.7-f-26-ti_pitch1.5.wav,./Aug/tiredca7d8d54-13cb-4060-8db4-90651b60c078-1434674792223-1.7-f-26-ti_pitch1.5.wav,-34.803658,6.78,0.03342912718653679,0.0443037785589695,0.1062697319135274,0.06236280277876374,196.21117118219462,83.21717345057702
642,tired,tiredca7d8d54-13cb-4060-8db4-90651b60c078-1434674792223-1.7-f-26-ti_pitch-1.5.wav,./Aug/tiredca7d8d54-13cb-4060-8db4-90651b60c078-1434674792223-1.7-f-26-ti_pitch-1.5.wav,-34.660885,6.78,0.03165344521403313,0.043565236032009125,0.0862920055650685,0.051691624430497324,187.13388531416751,68.1142782610107
643,tired,tiredca7d8d54-13cb-4060-8db4-90651b60c078-1434674792223-1.7-f-26-ti_speed0.9.wav,./Aug/tiredca7d8d54-13cb-4060-8db4-90651b60c078-1434674792223-1.7-f-26-ti_speed0.9.wav,-34.889347,7.533333333333333,0.02966972440481186,0.040685467422008514,0.09784705528846153,0.05681282477296228,187.62646717989387,71.84118583079822
644,tired,tiredca7d8d54-13cb-4060-8db4-90651b60c078-1434674792223-1.7-f-26-ti_speed1.1.wav,./Aug/tiredca7d8d54-13cb-4060-8db4-90651b60c078-1434674792223-1.7-f-26-ti_speed1.1.wav,-35.886257,6.163628117913833,0.027257435023784637,0.031129462644457817,0.0938472891212406,0.05540853437519585,185.9320699130389,75.35191584920828
645,tired,tiredca7d8d54-13cb-4060-8db4-90651b60c078-1434674792223-1.7-f-26-ti_speed0.95.wav,./Aug/tiredca7d8d54-13cb-4060-8db4-90651b60c078-1434674792223-1.7-f-26-ti_speed0.95.wav,-34.841053,7.1368253968253965,0.03247195854783058,0.0448555052280426,0.09734076958198051,0.05579085859401831,188.7906128591036,71.28783408501911
646,tired,tiredca7d8d54-13cb-4060-8db4-90651b60c078-1434674792223-1.7-f-26-ti_speed1.05.wav,./Aug/tiredca7d8d54-13cb-4060-8db4-90651b60c078-1434674792223-1.7-f-26-ti_speed1.05.wav,-34.813614,6.457142857142857,0.03202562406659126,0.043907713145017624,0.09453580029121864,0.05568701199082331,189.0443202814938,74.71891785774169
647,tired,tiredca7d8d54-13cb-4060-8db4-90651b60c078-1434674792223-1.7-f-26-ti_noise286.wav,./Aug/tiredca7d8d54-13cb-4060-8db4-90651b60c078-1434674792223-1.7-f-26-ti_noise286.wav,-23.523323,6.78,0.048237144947052,0.055566973984241486,0.2601736408390411,0.19947280302102624,159.90544820376923,87.50487475187418
648,tired,tiredca7d8d54-13cb-4060-8db4-90651b60c078-1434674792223-1.7-f-26-ti_noise286.wav,./Aug/tiredca7d8d54-13cb-4060-8db4-90651b60c078-1434674792223-1.7-f-26-ti_noise286.wav,-23.523323,6.78,0.048237144947052,0.055566973984241486,0.2601736408390411,0.19947280302102624,159.90544820376923,87.50487475187418
649,tired,tiredca7d8d54-13cb-4060-8db4-90651b60c078-1434674792223-1.7-f-26-ti_noise286.wav,./Aug/tiredca7d8d54-13cb-4060-8db4-90651b60c078-1434674792223-1.7-f-26-ti_noise286.wav,-23.523323,6.78,0.048237144947052,0.055566973984241486,0.2601736408390411,0.19947280302102624,159.90544820376923,87.50487475187418
650,tired,tiredca7d8d54-13cb-4060-8db4-90651b60c078-1434674792223-1.7-f-26-ti_noise286.wav,./Aug/tiredca7d8d54-13cb-4060-8db4-90651b60c078-1434674792223-1.7-f-26-ti_noise286.wav,-23.523323,6.78,0.048237144947052,0.055566973984241486,0.2601736408390411,0.19947280302102624,159.90544820376923,87.50487475187418
651,tired,tiredca7d8d54-13cb-4060-8db4-90651b60c078-1434674792223-1.7-f-26-ti_noise286.wav,./Aug/tiredca7d8d54-13cb-4060-8db4-90651b60c078-1434674792223-1.7-f-26-ti_noise286.wav,-23.523323,6.78,0.048237144947052,0.055566973984241486,0.2601736408390411,0.19947280302102624,159.90544820376923,87.50487475187418
652,tired,tired06c4cfa2-7fa6-4fda-91a1-ea186a4acc64-1430029221058-1.7-f-26-ti_pitch-2.wav,./Aug/tired06c4cfa2-7fa6-4fda-91a1-ea186a4acc64-1430029221058-1.7-f-26-ti_pitch-2.wav,-41.275166,6.68,0.01443751621991396,0.029072824865579605,0.11476304796006945,0.04381874274154488,164.05383750851797,68.79120319159024
653,tired,tired06c4cfa2-7fa6-4fda-91a1-ea186a4acc64-1430029221058-1.7-f-26-ti_pitch-1.wav,./Aug/tired06c4cfa2-7fa6-4fda-91a1-ea186a4acc64-1430029221058-1.7-f-26-ti_pitch-1.wav,-41.94928,6.68,0.014102619141340256,0.028277229517698288,0.12045966254340278,0.04778221034783957,166.8757204119722,68.8299705643833
654,tired,tired06c4cfa2-7fa6-4fda-91a1-ea186a4acc64-1430029221058-1.7-f-26-ti_pitch1.wav,./Aug/tired06c4cfa2-7fa6-4fda-91a1-ea186a4acc64-1430029221058-1.7-f-26-ti_pitch1.wav,-42.119907,6.68,0.014634860679507256,0.02929384633898735,0.1364627414279514,0.05314949933861234,179.40378443459292,72.29482707362422
655,tired,tired06c4cfa2-7fa6-4fda-91a1-ea186a4acc64-1430029221058-1.7-f-26-ti_pitch2.wav,./Aug/tired06c4cfa2-7fa6-4fda-91a1-ea186a4acc64-1430029221058-1.7-f-26-ti_pitch2.wav,-42.484116,6.68,0.01495875883847475,0.0299896951764822,0.14375135633680555,0.05658423351760853,181.38603776601283,70.93641706036993
656,tired,tired06c4cfa2-7fa6-4fda-91a1-ea186a4acc64-1430029221058-1.7-f-26-ti_pitch1.5.wav,./Aug/tired06c4cfa2-7fa6-4fda-91a1-ea186a4acc64-1430029221058-1.7-f-26-ti_pitch1.5.wav,-42.266853,6.68,0.01439871359616518,0.029876766726374626,0.13911607530381945,0.056266923207002516,178.7014523526767,72.91615503975967
657,tired,tired06c4cfa2-7fa6-4fda-91a1-ea186a4acc64-1430029221058-1.7-f-26-ti_pitch-1.5.wav,./Aug/tired06c4cfa2-7fa6-4fda-91a1-ea186a4acc64-1430029221058-1.7-f-26-ti_pitch-1.5.wav,-41.128124,6.68,0.01410627830773592,0.028537658974528313,0.11600748697916667,0.04653782909945346,168.48525489561214,69.08157285898528
658,tired,tired06c4cfa2-7fa6-4fda-91a1-ea186a4acc64-1430029221058-1.7-f-26-ti_speed0.9.wav,./Aug/tired06c4cfa2-7fa6-4fda-91a1-ea186a4acc64-1430029221058-1.7-f-26-ti_speed0.9.wav,-41.703793,7.4222222222222225,0.014308346435427666,0.02912777103483677,0.1297149658203125,0.0501199073343377,178.26975052236494,69.68958095226624
659,tired,tired06c4cfa2-7fa6-4fda-91a1-ea186a4acc64-1430029221058-1.7-f-26-ti_speed1.1.wav,./Aug/tired06c4cfa2-7fa6-4fda-91a1-ea186a4acc64-1430029221058-1.7-f-26-ti_speed1.1.wav,-41.764473,6.072743764172335,0.01404673233628273,0.028129344806075096,0.1281924648139313,0.050269740970897606,177.54673699894673,72.70399006179093
660,tired,tired06c4cfa2-7fa6-4fda-91a1-ea186a4acc64-1430029221058-1.7-f-26-ti_speed0.95.wav,./Aug/tired06c4cfa2-7fa6-4fda-91a1-ea186a4acc64-1430029221058-1.7-f-26-ti_speed0.95.wav,-42.23661,7.03156462585034,0.013803087174892426,0.027819886803627014,0.1278765083539604,0.04965170394486384,167.20038716723565,73.6592723774125
661,tired,tired06c4cfa2-7fa6-4fda-91a1-ea186a4acc64-1430029221058-1.7-f-26-ti_speed1.05.wav,./Aug/tired06c4cfa2-7fa6-4fda-91a1-ea186a4acc64-1430029221058-1.7-f-26-ti_speed1.05.wav,-42.051823,6.3619047619047615,0.013924037106335163,0.028123563155531883,0.13106965670620438,0.04862160490199343,176.94272989679445,74.98192775492718
662,tired,tired06c4cfa2-7fa6-4fda-91a1-ea186a4acc64-1430029221058-1.7-f-26-ti_noise286.wav,./Aug/tired06c4cfa2-7fa6-4fda-91a1-ea186a4acc64-1430029221058-1.7-f-26-ti_noise286.wav,-26.216322,6.68,0.02312033623456955,0.04248090088367462,0.3690914577907986,0.12172794082580399,139.17114093949715,81.04663925931878
663,tired,tired06c4cfa2-7fa6-4fda-91a1-ea186a4acc64-1430029221058-1.7-f-26-ti_noise286.wav,./Aug/tired06c4cfa2-7fa6-4fda-91a1-ea186a4acc64-1430029221058-1.7-f-26-ti_noise286.wav,-26.216322,6.68,0.02312033623456955,0.04248090088367462,0.3690914577907986,0.12172794082580399,139.17114093949715,81.04663925931878
664,tired,tired06c4cfa2-7fa6-4fda-91a1-ea186a4acc64-1430029221058-1.7-f-26-ti_noise286.wav,./Aug/tired06c4cfa2-7fa6-4fda-91a1-ea186a4acc64-1430029221058-1.7-f-26-ti_noise286.wav,-26.216322,6.68,0.02312033623456955,0.04248090088367462,0.3690914577907986,0.12172794082580399,139.17114093949715,81.04663925931878
665,tired,tired06c4cfa2-7fa6-4fda-91a1-ea186a4acc64-1430029221058-1.7-f-26-ti_noise286.wav,./Aug/tired06c4cfa2-7fa6-4fda-91a1-ea186a4acc64-1430029221058-1.7-f-26-ti_noise286.wav,-26.216322,6.68,0.02312033623456955,0.04248090088367462,0.3690914577907986,0.12172794082580399,139.17114093949715,81.04663925931878
666,tired,tired06c4cfa2-7fa6-4fda-91a1-ea186a4acc64-1430029221058-1.7-f-26-ti_noise286.wav,./Aug/tired06c4cfa2-7fa6-4fda-91a1-ea186a4acc64-1430029221058-1.7-f-26-ti_noise286.wav,-26.216322,6.68,0.02312033623456955,0.04248090088367462,0.3690914577907986,0.12172794082580399,139.17114093949715,81.04663925931878
667,tired,tiredC421C6FE-DFEE-4080-8AEA-848E7CE4756B-1430548384-1.0-m-26-ti_pitch-2.wav,./Aug/tiredC421C6FE-DFEE-4080-8AEA-848E7CE4756B-1430548384-1.0-m-26-ti_pitch-2.wav,-27.288986,7.0,0.027653852477669716,0.023650381714105606,0.07778546668046357,0.030655388775500923,165.401364229113,73.49144882567934
668,tired,tiredC421C6FE-DFEE-4080-8AEA-848E7CE4756B-1430548384-1.0-m-26-ti_pitch-1.wav,./Aug/tiredC421C6FE-DFEE-4080-8AEA-848E7CE4756B-1430548384-1.0-m-26-ti_pitch-1.wav,-28.132242,7.0,0.025940464809536934,0.020986709743738174,0.08443223561672185,0.0326588214157365,161.51514062052965,71.41769632606092
669,tired,tiredC421C6FE-DFEE-4080-8AEA-848E7CE4756B-1430548384-1.0-m-26-ti_pitch1.wav,./Aug/tiredC421C6FE-DFEE-4080-8AEA-848E7CE4756B-1430548384-1.0-m-26-ti_pitch1.wav,-29.08194,7.0,0.028077179566025734,0.025378594174981117,0.09367400920943708,0.03490948827193509,171.56273704457703,70.21515269813084
670,tired,tiredC421C6FE-DFEE-4080-8AEA-848E7CE4756B-1430548384-1.0-m-26-ti_pitch2.wav,./Aug/tiredC421C6FE-DFEE-4080-8AEA-848E7CE4756B-1430548384-1.0-m-26-ti_pitch2.wav,-29.614393,7.0,0.027612686157226562,0.023678313940763474,0.09869263503725166,0.03903697074574799,179.29902201910465,71.29905850564658
671,tired,tiredC421C6FE-DFEE-4080-8AEA-848E7CE4756B-1430548384-1.0-m-26-ti_pitch1.5.wav,./Aug/tiredC421C6FE-DFEE-4080-8AEA-848E7CE4756B-1430548384-1.0-m-26-ti_pitch1.5.wav,-29.379473,7.0,0.02759997546672821,0.023647088557481766,0.09594241514900662,0.03800569024324726,171.53903719790125,71.6096729864525
672,tired,tiredC421C6FE-DFEE-4080-8AEA-848E7CE4756B-1430548384-1.0-m-26-ti_pitch-1.5.wav,./Aug/tiredC421C6FE-DFEE-4080-8AEA-848E7CE4756B-1430548384-1.0-m-26-ti_pitch-1.5.wav,-27.470675,7.0,0.027405723929405212,0.023721888661384583,0.08098193036009933,0.03214115314554276,155.01236567961877,69.62782514731177
673,tired,tiredC421C6FE-DFEE-4080-8AEA-848E7CE4756B-1430548384-1.0-m-26-ti_speed0.9.wav,./Aug/tiredC421C6FE-DFEE-4080-8AEA-848E7CE4756B-1430548384-1.0-m-26-ti_speed0.9.wav,-28.2723,7.777777777777778,0.027640653774142265,0.025018038228154182,0.08860774253731343,0.03476397723584705,165.0010646051992,66.38927878200134
674,tired,tiredC421C6FE-DFEE-4080-8AEA-848E7CE4756B-1430548384-1.0-m-26-ti_speed1.1.wav,./Aug/tiredC421C6FE-DFEE-4080-8AEA-848E7CE4756B-1430548384-1.0-m-26-ti_speed1.1.wav,-28.219751,6.363628117913832,0.027476750314235687,0.02329939603805542,0.08622869318181818,0.03351846460358137,162.80119750026418,69.4004505549667
675,tired,tiredC421C6FE-DFEE-4080-8AEA-848E7CE4756B-1430548384-1.0-m-26-ti_speed0.95.wav,./Aug/tiredC421C6FE-DFEE-4080-8AEA-848E7CE4756B-1430548384-1.0-m-26-ti_speed0.95.wav,-28.520315,7.3684353741496595,0.026620574295520782,0.021895304322242737,0.08840347386006289,0.03405443953995584,165.4368201036724,69.98123949757498
676,tired,tiredC421C6FE-DFEE-4080-8AEA-848E7CE4756B-1430548384-1.0-m-26-ti_speed1.05.wav,./Aug/tiredC421C6FE-DFEE-4080-8AEA-848E7CE4756B-1430548384-1.0-m-26-ti_speed1.05.wav,-28.40426,6.666666666666667,0.026124123483896255,0.02156960964202881,0.08843994140625,0.033406296735460646,162.5690252165532,66.53252749945689
677,tired,tiredC421C6FE-DFEE-4080-8AEA-848E7CE4756B-1430548384-1.0-m-26-ti_noise286.wav,./Aug/tiredC421C6FE-DFEE-4080-8AEA-848E7CE4756B-1430548384-1.0-m-26-ti_noise286.wav,-20.79083,7.0,0.04086839407682419,0.035113923251628876,0.17106497050910596,0.11875265054966018,157.56786960514626,69.1647610847475
678,tired,tiredC421C6FE-DFEE-4080-8AEA-848E7CE4756B-1430548384-1.0-m-26-ti_noise286.wav,./Aug/tiredC421C6FE-DFEE-4080-8AEA-848E7CE4756B-1430548384-1.0-m-26-ti_noise286.wav,-20.79083,7.0,0.04086839407682419,0.035113923251628876,0.17106497050910596,0.11875265054966018,157.56786960514626,69.1647610847475
679,tired,tiredC421C6FE-DFEE-4080-8AEA-848E7CE4756B-1430548384-1.0-m-26-ti_noise286.wav,./Aug/tiredC421C6FE-DFEE-4080-8AEA-848E7CE4756B-1430548384-1.0-m-26-ti_noise286.wav,-20.79083,7.0,0.04086839407682419,0.035113923251628876,0.17106497050910596,0.11875265054966018,157.56786960514626,69.1647610847475
680,tired,tiredC421C6FE-DFEE-4080-8AEA-848E7CE4756B-1430548384-1.0-m-26-ti_noise286.wav,./Aug/tiredC421C6FE-DFEE-4080-8AEA-848E7CE4756B-1430548384-1.0-m-26-ti_noise286.wav,-20.79083,7.0,0.04086839407682419,0.035113923251628876,0.17106497050910596,0.11875265054966018,157.56786960514626,69.1647610847475
681,tired,tiredC421C6FE-DFEE-4080-8AEA-848E7CE4756B-1430548384-1.0-m-26-ti_noise286.wav,./Aug/tiredC421C6FE-DFEE-4080-8AEA-848E7CE4756B-1430548384-1.0-m-26-ti_noise286.wav,-20.79083,7.0,0.04086839407682419,0.035113923251628876,0.17106497050910596,0.11875265054966018,157.56786960514626,69.1647610847475
682,tired,tired06c4cfa2-7fa6-4fda-91a1-ea186a4acc64-1430029246453-1.7-f-26-ti_pitch-2.wav,./Aug/tired06c4cfa2-7fa6-4fda-91a1-ea186a4acc64-1430029246453-1.7-f-26-ti_pitch-2.wav,-33.25105,6.52,0.015781451016664505,0.025907214730978012,0.0879114768683274,0.05327901642501958,165.44826868780368,66.20104096480365
683,tired,tired06c4cfa2-7fa6-4fda-91a1-ea186a4acc64-1430029246453-1.7-f-26-ti_pitch-1.wav,./Aug/tired06c4cfa2-7fa6-4fda-91a1-ea186a4acc64-1430029246453-1.7-f-26-ti_pitch-1.wav,-34.09344,6.52,0.016439558938145638,0.026860998943448067,0.09175343360765124,0.053684730226691964,171.26619437123168,68.74925859075587
684,tired,tired06c4cfa2-7fa6-4fda-91a1-ea186a4acc64-1430029246453-1.7-f-26-ti_pitch1.wav,./Aug/tired06c4cfa2-7fa6-4fda-91a1-ea186a4acc64-1430029246453-1.7-f-26-ti_pitch1.wav,-35.63956,6.52,0.016343461349606514,0.027312608435750008,0.10336618661032028,0.05936871438170236,185.37614393224186,78.2394364352238
685,tired,tired06c4cfa2-7fa6-4fda-91a1-ea186a4acc64-1430029246453-1.7-f-26-ti_pitch2.wav,./Aug/tired06c4cfa2-7fa6-4fda-91a1-ea186a4acc64-1430029246453-1.7-f-26-ti_pitch2.wav,-35.967552,6.52,0.016071433201432228,0.026089422404766083,0.10902051823843416,0.06494112469923168,195.73397480331198,81.59458884491602
686,tired,tired06c4cfa2-7fa6-4fda-91a1-ea186a4acc64-1430029246453-1.7-f-26-ti_pitch1.5.wav,./Aug/tired06c4cfa2-7fa6-4fda-91a1-ea186a4acc64-1430029246453-1.7-f-26-ti_pitch1.5.wav,-35.32139,6.52,0.016217317432165146,0.026600832119584084,0.10765645851868327,0.06398800703191995,190.13159809585596,74.89685569460877
687,tired,tired06c4cfa2-7fa6-4fda-91a1-ea186a4acc64-1430029246453-1.7-f-26-ti_pitch-1.5.wav,./Aug/tired06c4cfa2-7fa6-4fda-91a1-ea186a4acc64-1430029246453-1.7-f-26-ti_pitch-1.5.wav,-33.150158,6.52,0.015877606347203255,0.026051871478557587,0.08917996552491103,0.054592441293136194,178.22102304755396,67.1252082534011
688,tired,tired06c4cfa2-7fa6-4fda-91a1-ea186a4acc64-1430029246453-1.7-f-26-ti_speed0.9.wav,./Aug/tired06c4cfa2-7fa6-4fda-91a1-ea186a4acc64-1430029246453-1.7-f-26-ti_speed0.9.wav,-34.991646,7.2444444444444445,0.016206642612814903,0.02648807317018509,0.09798177083333333,0.057441036536790405,178.04458043323342,71.29836032948079
689,tired,tired06c4cfa2-7fa6-4fda-91a1-ea186a4acc64-1430029246453-1.7-f-26-ti_speed1.1.wav,./Aug/tired06c4cfa2-7fa6-4fda-91a1-ea186a4acc64-1430029246453-1.7-f-26-ti_speed1.1.wav,-34.961334,5.927256235827665,0.016807304695248604,0.02782185561954975,0.09694862365722656,0.059154539618100896,194.19552943509552,66.22192233830772
690,tired,tired06c4cfa2-7fa6-4fda-91a1-ea186a4acc64-1430029246453-1.7-f-26-ti_speed0.95.wav,./Aug/tired06c4cfa2-7fa6-4fda-91a1-ea186a4acc64-1430029246453-1.7-f-26-ti_speed0.95.wav,-34.78786,6.8631746031746035,0.01591121219098568,0.025896403938531876,0.09884561074746621,0.05659107825171497,174.47178287569807,69.90685568296941
691,tired,tired06c4cfa2-7fa6-4fda-91a1-ea186a4acc64-1430029246453-1.7-f-26-ti_speed1.05.wav,./Aug/tired06c4cfa2-7fa6-4fda-91a1-ea186a4acc64-1430029246453-1.7-f-26-ti_speed1.05.wav,-34.618137,6.20952380952381,0.016821380704641342,0.02757735177874565,0.09578875641324627,0.05614520410349174,182.99292514166714,68.20346081738285
692,tired,tired06c4cfa2-7fa6-4fda-91a1-ea186a4acc64-1430029246453-1.7-f-26-ti_noise286.wav,./Aug/tired06c4cfa2-7fa6-4fda-91a1-ea186a4acc64-1430029246453-1.7-f-26-ti_noise286.wav,-24.461754,6.52,0.02575652301311493,0.04056631401181221,0.2872814029137011,0.11414661570886296,169.35926669653287,75.46135903016008
693,tired,tired06c4cfa2-7fa6-4fda-91a1-ea186a4acc64-1430029246453-1.7-f-26-ti_noise286.wav,./Aug/tired06c4cfa2-7fa6-4fda-91a1-ea186a4acc64-1430029246453-1.7-f-26-ti_noise286.wav,-24.461754,6.52,0.02575652301311493,0.04056631401181221,0.2872814029137011,0.11414661570886296,169.35926669653287,75.46135903016008
694,tired,tired06c4cfa2-7fa6-4fda-91a1-ea186a4acc64-1430029246453-1.7-f-26-ti_noise286.wav,./Aug/tired06c4cfa2-7fa6-4fda-91a1-ea186a4acc64-1430029246453-1.7-f-26-ti_noise286.wav,-24.461754,6.52,0.02575652301311493,0.04056631401181221,0.2872814029137011,0.11414661570886296,169.35926669653287,75.46135903016008
695,tired,tired06c4cfa2-7fa6-4fda-91a1-ea186a4acc64-1430029246453-1.7-f-26-ti_noise286.wav,./Aug/tired06c4cfa2-7fa6-4fda-91a1-ea186a4acc64-1430029246453-1.7-f-26-ti_noise286.wav,-24.461754,6.52,0.02575652301311493,0.04056631401181221,0.2872814029137011,0.11414661570886296,169.35926669653287,75.46135903016008
696,tired,tired06c4cfa2-7fa6-4fda-91a1-ea186a4acc64-1430029246453-1.7-f-26-ti_noise286.wav,./Aug/tired06c4cfa2-7fa6-4fda-91a1-ea186a4acc64-1430029246453-1.7-f-26-ti_noise286.wav,-24.461754,6.52,0.02575652301311493,0.04056631401181221,0.2872814029137011,0.11414661570886296,169.35926669653287,75.46135903016008
697,tired,tiredC421C6FE-DFEE-4080-8AEA-848E7CE4756B-1430548393-1.0-f-26-ti_pitch-2.wav,./Aug/tiredC421C6FE-DFEE-4080-8AEA-848E7CE4756B-1430548393-1.0-f-26-ti_pitch-2.wav,-27.474974,7.0,0.02538333274424076,0.015930650755763054,0.0826327090231788,0.027160866977665264,162.8683695231626,62.29431093914265
698,tired,tiredC421C6FE-DFEE-4080-8AEA-848E7CE4756B-1430548393-1.0-f-26-ti_pitch-1.wav,./Aug/tiredC421C6FE-DFEE-4080-8AEA-848E7CE4756B-1430548393-1.0-f-26-ti_pitch-1.wav,-28.03291,7.0,0.025094633921980858,0.016143832355737686,0.08939427255794702,0.027631647462211698,173.92843808676236,65.64496742896861
699,tired,tiredC421C6FE-DFEE-4080-8AEA-848E7CE4756B-1430548393-1.0-f-26-ti_pitch1.wav,./Aug/tiredC421C6FE-DFEE-4080-8AEA-848E7CE4756B-1430548393-1.0-f-26-ti_pitch1.wav,-29.09298,7.0,0.025851327925920486,0.016106821596622467,0.09726336144453643,0.033459041280930926,180.7647131081463,69.0971780426942
700,tired,tiredC421C6FE-DFEE-4080-8AEA-848E7CE4756B-1430548393-1.0-f-26-ti_pitch2.wav,./Aug/tiredC421C6FE-DFEE-4080-8AEA-848E7CE4756B-1430548393-1.0-f-26-ti_pitch2.wav,-29.676535,7.0,0.026341741904616356,0.016226930543780327,0.10286242756622517,0.03391532529534561,182.3706413250304,69.04299792238427
701,tired,tiredC421C6FE-DFEE-4080-8AEA-848E7CE4756B-1430548393-1.0-f-26-ti_pitch1.5.wav,./Aug/tiredC421C6FE-DFEE-4080-8AEA-848E7CE4756B-1430548393-1.0-f-26-ti_pitch1.5.wav,-29.833477,7.0,0.025645669549703598,0.015456783585250378,0.10065869463990067,0.034985736300523755,186.16840679991824,65.20542014857756
702,tired,tiredC421C6FE-DFEE-4080-8AEA-848E7CE4756B-1430548393-1.0-f-26-ti_pitch-1.5.wav,./Aug/tiredC421C6FE-DFEE-4080-8AEA-848E7CE4756B-1430548393-1.0-f-26-ti_pitch-1.5.wav,-27.909172,7.0,0.025601545348763466,0.016331316903233528,0.08466505846440397,0.028133484095784103,175.6743022396758,66.62045366456076
703,tired,tiredC421C6FE-DFEE-4080-8AEA-848E7CE4756B-1430548393-1.0-f-26-ti_speed0.9.wav,./Aug/tiredC421C6FE-DFEE-4080-8AEA-848E7CE4756B-1430548393-1.0-f-26-ti_speed0.9.wav,-28.831064,7.777777777777778,0.02542160637676716,0.01654280349612236,0.09307369402985075,0.030566274992532082,183.76297257154948,62.979722294797256
704,tired,tiredC421C6FE-DFEE-4080-8AEA-848E7CE4756B-1430548393-1.0-f-26-ti_speed1.1.wav,./Aug/tiredC421C6FE-DFEE-4080-8AEA-848E7CE4756B-1430548393-1.0-f-26-ti_speed1.1.wav,-28.599497,6.363628117913832,0.026225829496979713,0.016277186572551727,0.09046342329545455,0.03008311242375669,179.47813705606174,63.97778141123757
705,tired,tiredC421C6FE-DFEE-4080-8AEA-848E7CE4756B-1430548393-1.0-f-26-ti_speed0.95.wav,./Aug/tiredC421C6FE-DFEE-4080-8AEA-848E7CE4756B-1430548393-1.0-f-26-ti_speed0.95.wav,-28.444405,7.3684353741496595,0.026205893605947495,0.017041077837347984,0.09057770735062894,0.03129130455021908,179.5383054733714,59.18689209554766
706,tired,tiredC421C6FE-DFEE-4080-8AEA-848E7CE4756B-1430548393-1.0-f-26-ti_speed1.05.wav,./Aug/tiredC421C6FE-DFEE-4080-8AEA-848E7CE4756B-1430548393-1.0-f-26-ti_speed1.05.wav,-28.272629,6.666666666666667,0.026022842153906822,0.017179962247610092,0.09275139702690972,0.02986169113221482,175.55911597001275,62.473823535242296
707,tired,tiredC421C6FE-DFEE-4080-8AEA-848E7CE4756B-1430548393-1.0-f-26-ti_noise286.wav,./Aug/tiredC421C6FE-DFEE-4080-8AEA-848E7CE4756B-1430548393-1.0-f-26-ti_noise286.wav,-21.475737,7.0,0.03859715908765793,0.02479216270148754,0.1331310145902318,0.06843821036920278,185.24995134319153,58.99216487915944
708,tired,tiredC421C6FE-DFEE-4080-8AEA-848E7CE4756B-1430548393-1.0-f-26-ti_noise286.wav,./Aug/tiredC421C6FE-DFEE-4080-8AEA-848E7CE4756B-1430548393-1.0-f-26-ti_noise286.wav,-21.475737,7.0,0.03859715908765793,0.02479216270148754,0.1331310145902318,0.06843821036920278,185.24995134319153,58.99216487915944
709,tired,tiredC421C6FE-DFEE-4080-8AEA-848E7CE4756B-1430548393-1.0-f-26-ti_noise286.wav,./Aug/tiredC421C6FE-DFEE-4080-8AEA-848E7CE4756B-1430548393-1.0-f-26-ti_noise286.wav,-21.475737,7.0,0.03859715908765793,0.02479216270148754,0.1331310145902318,0.06843821036920278,185.24995134319153,58.99216487915944
710,tired,tiredC421C6FE-DFEE-4080-8AEA-848E7CE4756B-1430548393-1.0-f-26-ti_noise286.wav,./Aug/tiredC421C6FE-DFEE-4080-8AEA-848E7CE4756B-1430548393-1.0-f-26-ti_noise286.wav,-21.475737,7.0,0.03859715908765793,0.02479216270148754,0.1331310145902318,0.06843821036920278,185.24995134319153,58.99216487915944
711,tired,tiredC421C6FE-DFEE-4080-8AEA-848E7CE4756B-1430548393-1.0-f-26-ti_noise286.wav,./Aug/tiredC421C6FE-DFEE-4080-8AEA-848E7CE4756B-1430548393-1.0-f-26-ti_noise286.wav,-21.475737,7.0,0.03859715908765793,0.02479216270148754,0.1331310145902318,0.06843821036920278,185.24995134319153,58.99216487915944
712,tired,tiredD4665929-8695-4655-927F-63F09B2D4CB8-1430726940-1.0-f-26-ti_pitch-2.wav,./Aug/tiredD4665929-8695-4655-927F-63F09B2D4CB8-1430726940-1.0-f-26-ti_pitch-2.wav,-41.209404,7.0,0.003633824409916997,0.00605887733399868,0.12273967818708609,0.04979731980780576,148.76247147213323,82.77789990200483
713,tired,tiredD4665929-8695-4655-927F-63F09B2D4CB8-1430726940-1.0-f-26-ti_pitch-1.wav,./Aug/tiredD4665929-8695-4655-927F-63F09B2D4CB8-1430726940-1.0-f-26-ti_pitch-1.wav,-41.197803,7.0,0.0032523830886930227,0.004910034593194723,0.12822556653559603,0.050427472867740485,140.62730784464475,78.93323461519185
714,tired,tiredD4665929-8695-4655-927F-63F09B2D4CB8-1430726940-1.0-f-26-ti_pitch1.wav,./Aug/tiredD4665929-8695-4655-927F-63F09B2D4CB8-1430726940-1.0-f-26-ti_pitch1.wav,-42.397697,7.0,0.0031087410170584917,0.004554323852062225,0.14279963007036423,0.055297358846122274,138.83300526098498,68.22616611639695
715,tired,tiredD4665929-8695-4655-927F-63F09B2D4CB8-1430726940-1.0-f-26-ti_pitch2.wav,./Aug/tiredD4665929-8695-4655-927F-63F09B2D4CB8-1430726940-1.0-f-26-ti_pitch2.wav,-42.640625,7.0,0.0034318878315389156,0.005608649924397469,0.15266549824089404,0.06007330026768655,136.83452686675994,73.07387076497254
716,tired,tiredD4665929-8695-4655-927F-63F09B2D4CB8-1430726940-1.0-f-26-ti_pitch1.5.wav,./Aug/tiredD4665929-8695-4655-927F-63F09B2D4CB8-1430726940-1.0-f-26-ti_pitch1.5.wav,-42.147057,7.0,0.0033578090369701385,0.005389817524701357,0.148463369205298,0.058475853427595335,130.07551018616203,69.6811023190007
717,tired,tiredD4665929-8695-4655-927F-63F09B2D4CB8-1430726940-1.0-f-26-ti_pitch-1.5.wav,./Aug/tiredD4665929-8695-4655-927F-63F09B2D4CB8-1430726940-1.0-f-26-ti_pitch-1.5.wav,-41.16831,7.0,0.003354737302288413,0.005547273438423872,0.12483993429221854,0.04989708219609433,154.27664842150855,87.06769684426838
718,tired,tiredD4665929-8695-4655-927F-63F09B2D4CB8-1430726940-1.0-f-26-ti_speed0.9.wav,./Aug/tiredD4665929-8695-4655-927F-63F09B2D4CB8-1430726940-1.0-f-26-ti_speed0.9.wav,-41.982647,7.777777777777778,0.0033444901928305626,0.005134756211191416,0.1361386427238806,0.054729747288321244,147.97825981373842,76.52903789044613
719,tired,tiredD4665929-8695-4655-927F-63F09B2D4CB8-1430726940-1.0-f-26-ti_speed1.1.wav,./Aug/tiredD4665929-8695-4655-927F-63F09B2D4CB8-1430726940-1.0-f-26-ti_speed1.1.wav,-41.96441,6.363628117913832,0.0033515766263008118,0.005232358817011118,0.1364346590909091,0.05192268535623281,153.14775293334307,76.7426480258267
720,tired,tiredD4665929-8695-4655-927F-63F09B2D4CB8-1430726940-1.0-f-26-ti_speed0.95.wav,./Aug/tiredD4665929-8695-4655-927F-63F09B2D4CB8-1430726940-1.0-f-26-ti_speed0.95.wav,-41.865345,7.3684353741496595,0.0031025991775095463,0.004368769936263561,0.13443396226415094,0.05235041115566515,139.5144277286723,74.68776693014401
721,tired,tiredD4665929-8695-4655-927F-63F09B2D4CB8-1430726940-1.0-f-26-ti_speed1.05.wav,./Aug/tiredD4665929-8695-4655-927F-63F09B2D4CB8-1430726940-1.0-f-26-ti_speed1.05.wav,-41.64795,6.666666666666667,0.003270404413342476,0.005049454048275948,0.13826497395833334,0.05299734161015784,136.24247349716995,75.56784719219137
722,tired,tiredD4665929-8695-4655-927F-63F09B2D4CB8-1430726940-1.0-f-26-ti_noise286.wav,./Aug/tiredD4665929-8695-4655-927F-63F09B2D4CB8-1430726940-1.0-f-26-ti_noise286.wav,-34.407196,7.0,0.005262355320155621,0.008085323497653008,0.2459369179428808,0.11437844360241009,135.11265998910903,73.59033761090913
723,tired,tiredD4665929-8695-4655-927F-63F09B2D4CB8-1430726940-1.0-f-26-ti_noise286.wav,./Aug/tiredD4665929-8695-4655-927F-63F09B2D4CB8-1430726940-1.0-f-26-ti_noise286.wav,-34.407196,7.0,0.005262355320155621,0.008085323497653008,0.2459369179428808,0.11437844360241009,135.11265998910903,73.59033761090913
724,tired,tiredD4665929-8695-4655-927F-63F09B2D4CB8-1430726940-1.0-f-26-ti_noise286.wav,./Aug/tiredD4665929-8695-4655-927F-63F09B2D4CB8-1430726940-1.0-f-26-ti_noise286.wav,-34.407196,7.0,0.005262355320155621,0.008085323497653008,0.2459369179428808,0.11437844360241009,135.11265998910903,73.59033761090913
725,tired,tiredD4665929-8695-4655-927F-63F09B2D4CB8-1430726940-1.0-f-26-ti_noise286.wav,./Aug/tiredD4665929-8695-4655-927F-63F09B2D4CB8-1430726940-1.0-f-26-ti_noise286.wav,-34.407196,7.0,0.005262355320155621,0.008085323497653008,0.2459369179428808,0.11437844360241009,135.11265998910903,73.59033761090913
726,tired,tiredD4665929-8695-4655-927F-63F09B2D4CB8-1430726940-1.0-f-26-ti_noise286.wav,./Aug/tiredD4665929-8695-4655-927F-63F09B2D4CB8-1430726940-1.0-f-26-ti_noise286.wav,-34.407196,7.0,0.005262355320155621,0.008085323497653008,0.2459369179428808,0.11437844360241009,135.11265998910903,73.59033761090913
727,tired,tired7A22229D-06C2-4AAA-9674-DE5DF1906B3A-1436891957-1.1-m-72-ti_pitch-2.wav,./Aug/tired7A22229D-06C2-4AAA-9674-DE5DF1906B3A-1436891957-1.1-m-72-ti_pitch-2.wav,-28.22951,7.0,0.03334081545472145,0.04000873118638992,0.09693999637831126,0.037667169745553446,176.21288978797116,76.12396496570504
728,tired,tired7A22229D-06C2-4AAA-9674-DE5DF1906B3A-1436891957-1.1-m-72-ti_pitch-1.wav,./Aug/tired7A22229D-06C2-4AAA-9674-DE5DF1906B3A-1436891957-1.1-m-72-ti_pitch-1.wav,-28.616938,7.0,0.03585461527109146,0.04503178969025612,0.10120679842715231,0.03772579424597151,169.46849669049905,61.57101915616185
729,tired,tired7A22229D-06C2-4AAA-9674-DE5DF1906B3A-1436891957-1.1-m-72-ti_pitch1.wav,./Aug/tired7A22229D-06C2-4AAA-9674-DE5DF1906B3A-1436891957-1.1-m-72-ti_pitch1.wav,-29.468218,7.0,0.03476332128047943,0.04182823374867439,0.11589242290976821,0.045267028480310674,174.78787528660155,70.4500707189597
730,tired,tired7A22229D-06C2-4AAA-9674-DE5DF1906B3A-1436891957-1.1-m-72-ti_pitch2.wav,./Aug/tired7A22229D-06C2-4AAA-9674-DE5DF1906B3A-1436891957-1.1-m-72-ti_pitch2.wav,-30.122774,7.0,0.03435920551419258,0.03937211260199547,0.12046318812086093,0.04511255759173196,185.1872858569293,73.86290401157652
731,tired,tired7A22229D-06C2-4AAA-9674-DE5DF1906B3A-1436891957-1.1-m-72-ti_pitch1.5.wav,./Aug/tired7A22229D-06C2-4AAA-9674-DE5DF1906B3A-1436891957-1.1-m-72-ti_pitch1.5.wav,-29.408115,7.0,0.03355294093489647,0.0411403514444828,0.12072511382450331,0.042892598648002156,180.96562312872703,71.53073273064817
732,tired,tired7A22229D-06C2-4AAA-9674-DE5DF1906B3A-1436891957-1.1-m-72-ti_pitch-1.5.wav,./Aug/tired7A22229D-06C2-4AAA-9674-DE5DF1906B3A-1436891957-1.1-m-72-ti_pitch-1.5.wav,-28.517044,7.0,0.03516848012804985,0.042944710701704025,0.09931187913907284,0.039095266320356925,171.52262508327632,68.76635230591083
733,tired,tired7A22229D-06C2-4AAA-9674-DE5DF1906B3A-1436891957-1.1-m-72-ti_speed0.9.wav,./Aug/tired7A22229D-06C2-4AAA-9674-DE5DF1906B3A-1436891957-1.1-m-72-ti_speed0.9.wav,-29.289415,7.777777777777778,0.034081462770700455,0.04210656136274338,0.11038362873134329,0.0424599202426737,171.77094419915554,65.02365891613174
734,tired,tired7A22229D-06C2-4AAA-9674-DE5DF1906B3A-1436891957-1.1-m-72-ti_speed1.1.wav,./Aug/tired7A22229D-06C2-4AAA-9674-DE5DF1906B3A-1436891957-1.1-m-72-ti_speed1.1.wav,-29.320854,6.363628117913832,0.03429948911070824,0.041686903685331345,0.10672940340909091,0.038619569198460185,173.05489071305863,64.61066008924142
735,tired,tired7A22229D-06C2-4AAA-9674-DE5DF1906B3A-1436891957-1.1-m-72-ti_speed0.95.wav,./Aug/tired7A22229D-06C2-4AAA-9674-DE5DF1906B3A-1436891957-1.1-m-72-ti_speed0.95.wav,-29.215563,7.3684353741496595,0.03545695170760155,0.0459943450987339,0.10899266656839622,0.040085549454742006,168.74926050437813,64.96030203237922
736,tired,tired7A22229D-06C2-4AAA-9674-DE5DF1906B3A-1436891957-1.1-m-72-ti_speed1.05.wav,./Aug/tired7A22229D-06C2-4AAA-9674-DE5DF1906B3A-1436891957-1.1-m-72-ti_speed1.05.wav,-28.6203,6.666666666666667,0.03801935911178589,0.04709530621767044,0.10414801703559028,0.040871826403612324,172.05953321281737,58.083598407052456
737,tired,tired7A22229D-06C2-4AAA-9674-DE5DF1906B3A-1436891957-1.1-m-72-ti_noise286.wav,./Aug/tired7A22229D-06C2-4AAA-9674-DE5DF1906B3A-1436891957-1.1-m-72-ti_noise286.wav,-19.709135,7.0,0.053026944398880005,0.06293553113937378,0.2421503130173841,0.13861547745511668,159.25467852366535,70.94447018948387
738,tired,tired7A22229D-06C2-4AAA-9674-DE5DF1906B3A-1436891957-1.1-m-72-ti_noise286.wav,./Aug/tired7A22229D-06C2-4AAA-9674-DE5DF1906B3A-1436891957-1.1-m-72-ti_noise286.wav,-19.709135,7.0,0.053026944398880005,0.06293553113937378,0.2421503130173841,0.13861547745511668,159.25467852366535,70.94447018948387
739,tired,tired7A22229D-06C2-4AAA-9674-DE5DF1906B3A-1436891957-1.1-m-72-ti_noise286.wav,./Aug/tired7A22229D-06C2-4AAA-9674-DE5DF1906B3A-1436891957-1.1-m-72-ti_noise286.wav,-19.709135,7.0,0.053026944398880005,0.06293553113937378,0.2421503130173841,0.13861547745511668,159.25467852366535,70.94447018948387
740,tired,tired7A22229D-06C2-4AAA-9674-DE5DF1906B3A-1436891957-1.1-m-72-ti_noise286.wav,./Aug/tired7A22229D-06C2-4AAA-9674-DE5DF1906B3A-1436891957-1.1-m-72-ti_noise286.wav,-19.709135,7.0,0.053026944398880005,0.06293553113937378,0.2421503130173841,0.13861547745511668,159.25467852366535,70.94447018948387
741,tired,tired7A22229D-06C2-4AAA-9674-DE5DF1906B3A-1436891957-1.1-m-72-ti_noise286.wav,./Aug/tired7A22229D-06C2-4AAA-9674-DE5DF1906B3A-1436891957-1.1-m-72-ti_noise286.wav,-19.709135,7.0,0.053026944398880005,0.06293553113937378,0.2421503130173841,0.13861547745511668,159.25467852366535,70.94447018948387
742,tired,tiredb4c460d8-bd6b-4017-9bb8-2ae4ff0c5af1-1430418266487-1.7-f-26-ti_pitch-2.wav,./Aug/tiredb4c460d8-bd6b-4017-9bb8-2ae4ff0c5af1-1430418266487-1.7-f-26-ti_pitch-2.wav,-19.017574,6.92,0.18831032514572144,0.10507852584123611,0.05135771582357859,0.029566020329608526,184.07861625212527,61.29183982885423
743,tired,tiredb4c460d8-bd6b-4017-9bb8-2ae4ff0c5af1-1430418266487-1.7-f-26-ti_pitch-1.wav,./Aug/tiredb4c460d8-bd6b-4017-9bb8-2ae4ff0c5af1-1430418266487-1.7-f-26-ti_pitch-1.wav,-19.235043,6.92,0.20412370562553406,0.11443702131509781,0.05411593331939799,0.030918626441902606,187.23525309372857,58.119675436089295
744,tired,tiredb4c460d8-bd6b-4017-9bb8-2ae4ff0c5af1-1430418266487-1.7-f-26-ti_pitch1.wav,./Aug/tiredb4c460d8-bd6b-4017-9bb8-2ae4ff0c5af1-1430418266487-1.7-f-26-ti_pitch1.wav,-20.00738,6.92,0.18041303753852844,0.09781735390424728,0.06137809625836121,0.0332983836529121,192.15640129322094,59.34944558836618
745,tired,tiredb4c460d8-bd6b-4017-9bb8-2ae4ff0c5af1-1430418266487-1.7-f-26-ti_pitch2.wav,./Aug/tiredb4c460d8-bd6b-4017-9bb8-2ae4ff0c5af1-1430418266487-1.7-f-26-ti_pitch2.wav,-20.114374,6.92,0.18340469896793365,0.10779576748609543,0.06690596258361205,0.03576398913281418,199.56827109336683,64.30884445042487
746,tired,tiredb4c460d8-bd6b-4017-9bb8-2ae4ff0c5af1-1430418266487-1.7-f-26-ti_pitch1.5.wav,./Aug/tiredb4c460d8-bd6b-4017-9bb8-2ae4ff0c5af1-1430418266487-1.7-f-26-ti_pitch1.5.wav,-19.708506,6.92,0.1966523677110672,0.11832951009273529,0.06260614809782608,0.035619063045404846,200.2191619090109,59.9515258048972
747,tired,tiredb4c460d8-bd6b-4017-9bb8-2ae4ff0c5af1-1430418266487-1.7-f-26-ti_pitch-1.5.wav,./Aug/tiredb4c460d8-bd6b-4017-9bb8-2ae4ff0c5af1-1430418266487-1.7-f-26-ti_pitch-1.5.wav,-19.064398,6.92,0.19402429461479187,0.11368795484304428,0.052561271948160536,0.029111706744783854,183.81147714085802,61.954347380136994
748,tired,tiredb4c460d8-bd6b-4017-9bb8-2ae4ff0c5af1-1430418266487-1.7-f-26-ti_speed0.9.wav,./Aug/tiredb4c460d8-bd6b-4017-9bb8-2ae4ff0c5af1-1430418266487-1.7-f-26-ti_speed0.9.wav,-19.584482,7.688888888888889,0.1813671737909317,0.10521992295980453,0.058782003012048195,0.031687020674129124,192.0915130800589,56.23746088023487
749,tired,tiredb4c460d8-bd6b-4017-9bb8-2ae4ff0c5af1-1430418266487-1.7-f-26-ti_speed1.1.wav,./Aug/tiredb4c460d8-bd6b-4017-9bb8-2ae4ff0c5af1-1430418266487-1.7-f-26-ti_speed1.1.wav,-19.41244,6.29092970521542,0.2067246437072754,0.12023264169692993,0.056633417896678966,0.03260999714932327,190.15697835490127,57.70324235358386
750,tired,tiredb4c460d8-bd6b-4017-9bb8-2ae4ff0c5af1-1430418266487-1.7-f-26-ti_speed0.95.wav,./Aug/tiredb4c460d8-bd6b-4017-9bb8-2ae4ff0c5af1-1430418266487-1.7-f-26-ti_speed0.95.wav,-19.694473,7.28421768707483,0.18870416283607483,0.1139165386557579,0.05920176900875796,0.03238870436141033,188.65912913747826,58.365308098591456
751,tired,tiredb4c460d8-bd6b-4017-9bb8-2ae4ff0c5af1-1430418266487-1.7-f-26-ti_speed1.05.wav,./Aug/tiredb4c460d8-bd6b-4017-9bb8-2ae4ff0c5af1-1430418266487-1.7-f-26-ti_speed1.05.wav,-19.482592,6.59047619047619,0.18839994072914124,0.10169653594493866,0.05782350352112676,0.03226066079159265,189.2870120951775,60.489481287051376
752,tired,tiredb4c460d8-bd6b-4017-9bb8-2ae4ff0c5af1-1430418266487-1.7-f-26-ti_noise286.wav,./Aug/tiredb4c460d8-bd6b-4017-9bb8-2ae4ff0c5af1-1430418266487-1.7-f-26-ti_noise286.wav,-10.323478,6.92,0.2864690124988556,0.15709549188613892,0.11126443614130435,0.09583019303838053,189.04436365936738,57.91007868486332
753,tired,tiredb4c460d8-bd6b-4017-9bb8-2ae4ff0c5af1-1430418266487-1.7-f-26-ti_noise286.wav,./Aug/tiredb4c460d8-bd6b-4017-9bb8-2ae4ff0c5af1-1430418266487-1.7-f-26-ti_noise286.wav,-10.323478,6.92,0.2864690124988556,0.15709549188613892,0.11126443614130435,0.09583019303838053,189.04436365936738,57.91007868486332
754,tired,tiredb4c460d8-bd6b-4017-9bb8-2ae4ff0c5af1-1430418266487-1.7-f-26-ti_noise286.wav,./Aug/tiredb4c460d8-bd6b-4017-9bb8-2ae4ff0c5af1-1430418266487-1.7-f-26-ti_noise286.wav,-10.323478,6.92,0.2864690124988556,0.15709549188613892,0.11126443614130435,0.09583019303838053,189.04436365936738,57.91007868486332
755,tired,tiredb4c460d8-bd6b-4017-9bb8-2ae4ff0c5af1-1430418266487-1.7-f-26-ti_noise286.wav,./Aug/tiredb4c460d8-bd6b-4017-9bb8-2ae4ff0c5af1-1430418266487-1.7-f-26-ti_noise286.wav,-10.323478,6.92,0.2864690124988556,0.15709549188613892,0.11126443614130435,0.09583019303838053,189.04436365936738,57.91007868486332
756,tired,tiredb4c460d8-bd6b-4017-9bb8-2ae4ff0c5af1-1430418266487-1.7-f-26-ti_noise286.wav,./Aug/tiredb4c460d8-bd6b-4017-9bb8-2ae4ff0c5af1-1430418266487-1.7-f-26-ti_noise286.wav,-10.323478,6.92,0.2864690124988556,0.15709549188613892,0.11126443614130435,0.09583019303838053,189.04436365936738,57.91007868486332
757,tired,tiredd6cda191-4962-4308-9a36-46d5648a95ed-1431587899682-1.7-m-04-ti_pitch-2.wav,./Aug/tiredd6cda191-4962-4308-9a36-46d5648a95ed-1431587899682-1.7-m-04-ti_pitch-2.wav,-32.167614,6.82,0.07241863757371902,0.07557465881109238,0.1239487005739796,0.03311518180571245,175.67684820562195,77.60033201733788
758,tired,tiredd6cda191-4962-4308-9a36-46d5648a95ed-1431587899682-1.7-m-04-ti_pitch-1.wav,./Aug/tiredd6cda191-4962-4308-9a36-46d5648a95ed-1431587899682-1.7-m-04-ti_pitch-1.wav,-31.877035,6.82,0.0736728087067604,0.07577010244131088,0.1318957270408163,0.03564466311250259,167.4104388759178,69.89422151890162
759,tired,tiredd6cda191-4962-4308-9a36-46d5648a95ed-1431587899682-1.7-m-04-ti_pitch1.wav,./Aug/tiredd6cda191-4962-4308-9a36-46d5648a95ed-1431587899682-1.7-m-04-ti_pitch1.wav,-33.068073,6.82,0.07146301120519638,0.07177942991256714,0.1493193957270408,0.04138166519087464,164.70197214293634,74.53312431758062
760,tired,tiredd6cda191-4962-4308-9a36-46d5648a95ed-1431587899682-1.7-m-04-ti_pitch2.wav,./Aug/tiredd6cda191-4962-4308-9a36-46d5648a95ed-1431587899682-1.7-m-04-ti_pitch2.wav,-33.66735,6.82,0.06953452527523041,0.06849685311317444,0.15589292357568027,0.04138152628010565,177.97984226525898,79.43138028647698
761,tired,tiredd6cda191-4962-4308-9a36-46d5648a95ed-1431587899682-1.7-m-04-ti_pitch1.5.wav,./Aug/tiredd6cda191-4962-4308-9a36-46d5648a95ed-1431587899682-1.7-m-04-ti_pitch1.5.wav,-33.37772,6.82,0.06952356547117233,0.06864957511425018,0.1536807105654762,0.04195900464798913,173.22305513228494,76.74953170267285
762,tired,tiredd6cda191-4962-4308-9a36-46d5648a95ed-1431587899682-1.7-m-04-ti_pitch-1.5.wav,./Aug/tiredd6cda191-4962-4308-9a36-46d5648a95ed-1431587899682-1.7-m-04-ti_pitch-1.5.wav,-32.6436,6.82,0.0704154446721077,0.06674595177173615,0.12801605017006804,0.03474968309734836,164.5075697185483,69.19303242302142
763,tired,tiredd6cda191-4962-4308-9a36-46d5648a95ed-1431587899682-1.7-m-04-ti_speed0.9.wav,./Aug/tiredd6cda191-4962-4308-9a36-46d5648a95ed-1431587899682-1.7-m-04-ti_speed0.9.wav,-33.274097,7.5777777777777775,0.072872094810009,0.07459959387779236,0.14013373232033638,0.039360083993160086,163.77108589417378,69.83852127543078
764,tired,tiredd6cda191-4962-4308-9a36-46d5648a95ed-1431587899682-1.7-m-04-ti_speed1.1.wav,./Aug/tiredd6cda191-4962-4308-9a36-46d5648a95ed-1431587899682-1.7-m-04-ti_speed1.1.wav,-32.68995,6.2,0.06569437682628632,0.06227369233965874,0.139892578125,0.03890539431669952,165.27491128644377,71.7936215799204
765,tired,tiredd6cda191-4962-4308-9a36-46d5648a95ed-1431587899682-1.7-m-04-ti_speed0.95.wav,./Aug/tiredd6cda191-4962-4308-9a36-46d5648a95ed-1431587899682-1.7-m-04-ti_speed0.95.wav,-33.12388,7.178956916099773,0.07246671617031097,0.07032021135091782,0.13863722278225807,0.037741619347530654,165.7130035609797,72.88366637319142
766,tired,tiredd6cda191-4962-4308-9a36-46d5648a95ed-1431587899682-1.7-m-04-ti_speed1.05.wav,./Aug/tiredd6cda191-4962-4308-9a36-46d5648a95ed-1431587899682-1.7-m-04-ti_speed1.05.wav,-33.158688,6.495238095238095,0.07153920084238052,0.06999284774065018,0.13827601841517856,0.037926251432528646,167.72229102760517,70.9257115887105
767,tired,tiredd6cda191-4962-4308-9a36-46d5648a95ed-1431587899682-1.7-m-04-ti_noise286.wav,./Aug/tiredd6cda191-4962-4308-9a36-46d5648a95ed-1431587899682-1.7-m-04-ti_noise286.wav,-16.993353,6.82,0.10918960720300674,0.10348886996507645,0.25866117931547616,0.15471637365223298,158.68274374075233,77.3818897279065
768,tired,tiredd6cda191-4962-4308-9a36-46d5648a95ed-1431587899682-1.7-m-04-ti_noise286.wav,./Aug/tiredd6cda191-4962-4308-9a36-46d5648a95ed-1431587899682-1.7-m-04-ti_noise286.wav,-16.993353,6.82,0.10918960720300674,0.10348886996507645,0.25866117931547616,0.15471637365223298,158.68274374075233,77.3818897279065
769,tired,tiredd6cda191-4962-4308-9a36-46d5648a95ed-1431587899682-1.7-m-04-ti_noise286.wav,./Aug/tiredd6cda191-4962-4308-9a36-46d5648a95ed-1431587899682-1.7-m-04-ti_noise286.wav,-16.993353,6.82,0.10918960720300674,0.10348886996507645,0.25866117931547616,0.15471637365223298,158.68274374075233,77.3818897279065
770,tired,tiredd6cda191-4962-4308-9a36-46d5648a95ed-1431587899682-1.7-m-04-ti_noise286.wav,./Aug/tiredd6cda191-4962-4308-9a36-46d5648a95ed-1431587899682-1.7-m-04-ti_noise286.wav,-16.993353,6.82,0.10918960720300674,0.10348886996507645,0.25866117931547616,0.15471637365223298,158.68274374075233,77.3818897279065
771,tired,tiredd6cda191-4962-4308-9a36-46d5648a95ed-1431587899682-1.7-m-04-ti_noise286.wav,./Aug/tiredd6cda191-4962-4308-9a36-46d5648a95ed-1431587899682-1.7-m-04-ti_noise286.wav,-16.993353,6.82,0.10918960720300674,0.10348886996507645,0.25866117931547616,0.15471637365223298,158.68274374075233,77.3818897279065
772,tired,tired1309B82C-F146-46F0-A723-45345AFA6EA8-1430059864-1.0-f-04-ti_pitch-2.wav,./Aug/tired1309B82C-F146-46F0-A723-45345AFA6EA8-1430059864-1.0-f-04-ti_pitch-2.wav,-26.011658,7.0,0.014227290637791157,0.010382497683167458,0.11577762831125828,0.051082610189324924,162.95593541038846,76.00656309546595
773,tired,tired1309B82C-F146-46F0-A723-45345AFA6EA8-1430059864-1.0-f-04-ti_pitch-1.wav,./Aug/tired1309B82C-F146-46F0-A723-45345AFA6EA8-1430059864-1.0-f-04-ti_pitch-1.wav,-26.484688,7.0,0.014353036880493164,0.01079876720905304,0.12141388141556292,0.052450458075553284,165.83090370928207,71.61263381991452
774,tired,tired1309B82C-F146-46F0-A723-45345AFA6EA8-1430059864-1.0-f-04-ti_pitch1.wav,./Aug/tired1309B82C-F146-46F0-A723-45345AFA6EA8-1430059864-1.0-f-04-ti_pitch1.wav,-26.01662,7.0,0.01408772449940443,0.010535206645727158,0.13748997568294702,0.05954470014319222,163.44977417306717,67.45713354471492
775,tired,tired1309B82C-F146-46F0-A723-45345AFA6EA8-1430059864-1.0-f-04-ti_pitch2.wav,./Aug/tired1309B82C-F146-46F0-A723-45345AFA6EA8-1430059864-1.0-f-04-ti_pitch2.wav,-26.735174,7.0,0.014419362880289555,0.010795670561492443,0.14276244308774835,0.06167819482453946,170.7886705814987,64.51251802103937
776,tired,tired1309B82C-F146-46F0-A723-45345AFA6EA8-1430059864-1.0-f-04-ti_pitch1.5.wav,./Aug/tired1309B82C-F146-46F0-A723-45345AFA6EA8-1430059864-1.0-f-04-ti_pitch1.5.wav,-26.79762,7.0,0.014300323091447353,0.010337078012526035,0.14169048789321192,0.06292380700566855,154.50843340877304,68.18795207499262
777,tired,tired1309B82C-F146-46F0-A723-45345AFA6EA8-1430059864-1.0-f-04-ti_pitch-1.5.wav,./Aug/tired1309B82C-F146-46F0-A723-45345AFA6EA8-1430059864-1.0-f-04-ti_pitch-1.5.wav,-25.610273,7.0,0.014497870579361916,0.011048813350498676,0.11653268574089404,0.05230032649380689,160.60923586366172,76.45625489622167
778,tired,tired1309B82C-F146-46F0-A723-45345AFA6EA8-1430059864-1.0-f-04-ti_speed0.9.wav,./Aug/tired1309B82C-F146-46F0-A723-45345AFA6EA8-1430059864-1.0-f-04-ti_speed0.9.wav,-26.191944,7.777777777777778,0.014194481074810028,0.010472064837813377,0.12988718516791045,0.0551541972874741,157.14404706805016,66.07279949183214
779,tired,tired1309B82C-F146-46F0-A723-45345AFA6EA8-1430059864-1.0-f-04-ti_speed1.1.wav,./Aug/tired1309B82C-F146-46F0-A723-45345AFA6EA8-1430059864-1.0-f-04-ti_speed1.1.wav,-25.95331,6.363628117913832,0.01394105888903141,0.010208934545516968,0.12998401988636363,0.05437994688688237,160.46925995560986,64.86121974241308
780,tired,tired1309B82C-F146-46F0-A723-45345AFA6EA8-1430059864-1.0-f-04-ti_speed0.95.wav,./Aug/tired1309B82C-F146-46F0-A723-45345AFA6EA8-1430059864-1.0-f-04-ti_speed0.95.wav,-25.897686,7.3684353741496595,0.014294980093836784,0.01061145681887865,0.1288417600235849,0.05749938492000175,161.5859958460499,66.78422567442914
781,tired,tired1309B82C-F146-46F0-A723-45345AFA6EA8-1430059864-1.0-f-04-ti_speed1.05.wav,./Aug/tired1309B82C-F146-46F0-A723-45345AFA6EA8-1430059864-1.0-f-04-ti_speed1.05.wav,-25.65476,6.666666666666667,0.014843668788671494,0.011118059046566486,0.1246914333767361,0.055352011040767674,159.12479984872328,65.07299348743345
782,tired,tired1309B82C-F146-46F0-A723-45345AFA6EA8-1430059864-1.0-f-04-ti_noise286.wav,./Aug/tired1309B82C-F146-46F0-A723-45345AFA6EA8-1430059864-1.0-f-04-ti_noise286.wav,-20.22527,7.0,0.02123473398387432,0.01598385162651539,0.16612395229718543,0.06669683380573335,166.25315819261786,67.21427663637598
783,tired,tired1309B82C-F146-46F0-A723-45345AFA6EA8-1430059864-1.0-f-04-ti_noise286.wav,./Aug/tired1309B82C-F146-46F0-A723-45345AFA6EA8-1430059864-1.0-f-04-ti_noise286.wav,-20.22527,7.0,0.02123473398387432,0.01598385162651539,0.16612395229718543,0.06669683380573335,166.25315819261786,67.21427663637598
784,tired,tired1309B82C-F146-46F0-A723-45345AFA6EA8-1430059864-1.0-f-04-ti_noise286.wav,./Aug/tired1309B82C-F146-46F0-A723-45345AFA6EA8-1430059864-1.0-f-04-ti_noise286.wav,-20.22527,7.0,0.02123473398387432,0.01598385162651539,0.16612395229718543,0.06669683380573335,166.25315819261786,67.21427663637598
785,tired,tired1309B82C-F146-46F0-A723-45345AFA6EA8-1430059864-1.0-f-04-ti_noise286.wav,./Aug/tired1309B82C-F146-46F0-A723-45345AFA6EA8-1430059864-1.0-f-04-ti_noise286.wav,-20.22527,7.0,0.02123473398387432,0.01598385162651539,0.16612395229718543,0.06669683380573335,166.25315819261786,67.21427663637598
786,tired,tired1309B82C-F146-46F0-A723-45345AFA6EA8-1430059864-1.0-f-04-ti_noise286.wav,./Aug/tired1309B82C-F146-46F0-A723-45345AFA6EA8-1430059864-1.0-f-04-ti_noise286.wav,-20.22527,7.0,0.02123473398387432,0.01598385162651539,0.16612395229718543,0.06669683380573335,166.25315819261786,67.21427663637598
787,tired,tiredcecd525b-18fd-49e3-b2b9-dfb08b93ad95-1430110029205-1.7-m-26-ti_pitch-2.wav,./Aug/tiredcecd525b-18fd-49e3-b2b9-dfb08b93ad95-1430110029205-1.7-m-26-ti_pitch-2.wav,-18.199968,6.94,0.023518921807408333,0.02799220383167267,0.07943470422240803,0.03059672489190925,120.64848590223662,70.71286585694553
788,tired,tiredcecd525b-18fd-49e3-b2b9-dfb08b93ad95-1430110029205-1.7-m-26-ti_pitch-1.wav,./Aug/tiredcecd525b-18fd-49e3-b2b9-dfb08b93ad95-1430110029205-1.7-m-26-ti_pitch-1.wav,-18.962112,6.94,0.0232511218637228,0.027667902410030365,0.08965594951923077,0.030433196458608813,123.12582555429903,65.65466917838519
789,tired,tiredcecd525b-18fd-49e3-b2b9-dfb08b93ad95-1430110029205-1.7-m-26-ti_pitch1.wav,./Aug/tiredcecd525b-18fd-49e3-b2b9-dfb08b93ad95-1430110029205-1.7-m-26-ti_pitch1.wav,-20.36487,6.94,0.02369239553809166,0.03033369407057762,0.1049053485576923,0.03450046332022784,125.48386729449827,60.22692760900949
790,tired,tiredcecd525b-18fd-49e3-b2b9-dfb08b93ad95-1430110029205-1.7-m-26-ti_pitch2.wav,./Aug/tiredcecd525b-18fd-49e3-b2b9-dfb08b93ad95-1430110029205-1.7-m-26-ti_pitch2.wav,-20.681608,6.94,0.02343112975358963,0.027932755649089813,0.10825962844899666,0.04039326948052517,130.012169651223,65.16548466875444
791,tired,tiredcecd525b-18fd-49e3-b2b9-dfb08b93ad95-1430110029205-1.7-m-26-ti_pitch1.5.wav,./Aug/tiredcecd525b-18fd-49e3-b2b9-dfb08b93ad95-1430110029205-1.7-m-26-ti_pitch1.5.wav,-21.201864,6.94,0.023341290652751923,0.031191295012831688,0.10846702550167224,0.03751679813271057,132.56052788045008,63.37294589252741
792,tired,tiredcecd525b-18fd-49e3-b2b9-dfb08b93ad95-1430110029205-1.7-m-26-ti_pitch-1.5.wav,./Aug/tiredcecd525b-18fd-49e3-b2b9-dfb08b93ad95-1430110029205-1.7-m-26-ti_pitch-1.5.wav,-18.478222,6.94,0.023423371836543083,0.029163768514990807,0.08420973557692307,0.03094376140944015,122.23138876235481,67.11078223996344
793,tired,tiredcecd525b-18fd-49e3-b2b9-dfb08b93ad95-1430110029205-1.7-m-26-ti_speed0.9.wav,./Aug/tiredcecd525b-18fd-49e3-b2b9-dfb08b93ad95-1430110029205-1.7-m-26-ti_speed0.9.wav,-19.896704,7.711111111111111,0.022769492119550705,0.02759530395269394,0.09882636542792793,0.034204246447187836,128.56494742259505,66.08830765577866
794,tired,tiredcecd525b-18fd-49e3-b2b9-dfb08b93ad95-1430110029205-1.7-m-26-ti_speed1.1.wav,./Aug/tiredcecd525b-18fd-49e3-b2b9-dfb08b93ad95-1430110029205-1.7-m-26-ti_speed1.1.wav,-19.066141,6.309070294784581,0.023206831887364388,0.028140727430582047,0.08771470013786764,0.03717899807965302,125.46028824353762,64.9057796536256
795,tired,tiredcecd525b-18fd-49e3-b2b9-dfb08b93ad95-1430110029205-1.7-m-26-ti_speed0.95.wav,./Aug/tiredcecd525b-18fd-49e3-b2b9-dfb08b93ad95-1430110029205-1.7-m-26-ti_speed0.95.wav,-19.555431,7.305260770975057,0.022747240960597992,0.026950370520353317,0.09710906498015873,0.036407678573348215,122.07207993227703,61.95519175976155
796,tired,tiredcecd525b-18fd-49e3-b2b9-dfb08b93ad95-1430110029205-1.7-m-26-ti_speed1.05.wav,./Aug/tiredcecd525b-18fd-49e3-b2b9-dfb08b93ad95-1430110029205-1.7-m-26-ti_speed1.05.wav,-19.523745,6.609523809523809,0.022545764222741127,0.02602146752178669,0.09235026041666666,0.036466641734230414,127.43435644235586,68.11814420607186
797,tired,tiredcecd525b-18fd-49e3-b2b9-dfb08b93ad95-1430110029205-1.7-m-26-ti_noise286.wav,./Aug/tiredcecd525b-18fd-49e3-b2b9-dfb08b93ad95-1430110029205-1.7-m-26-ti_noise286.wav,-13.503723,6.94,0.03491773083806038,0.042473096400499344,0.17029420986622074,0.08369839976769658,124.58270965238951,63.11444980902853
798,tired,tiredcecd525b-18fd-49e3-b2b9-dfb08b93ad95-1430110029205-1.7-m-26-ti_noise286.wav,./Aug/tiredcecd525b-18fd-49e3-b2b9-dfb08b93ad95-1430110029205-1.7-m-26-ti_noise286.wav,-13.503723,6.94,0.03491773083806038,0.042473096400499344,0.17029420986622074,0.08369839976769658,124.58270965238951,63.11444980902853
799,tired,tiredcecd525b-18fd-49e3-b2b9-dfb08b93ad95-1430110029205-1.7-m-26-ti_noise286.wav,./Aug/tiredcecd525b-18fd-49e3-b2b9-dfb08b93ad95-1430110029205-1.7-m-26-ti_noise286.wav,-13.503723,6.94,0.03491773083806038,0.042473096400499344,0.17029420986622074,0.08369839976769658,124.58270965238951,63.11444980902853
800,tired,tiredcecd525b-18fd-49e3-b2b9-dfb08b93ad95-1430110029205-1.7-m-26-ti_noise286.wav,./Aug/tiredcecd525b-18fd-49e3-b2b9-dfb08b93ad95-1430110029205-1.7-m-26-ti_noise286.wav,-13.503723,6.94,0.03491773083806038,0.042473096400499344,0.17029420986622074,0.08369839976769658,124.58270965238951,63.11444980902853
801,tired,tiredcecd525b-18fd-49e3-b2b9-dfb08b93ad95-1430110029205-1.7-m-26-ti_noise286.wav,./Aug/tiredcecd525b-18fd-49e3-b2b9-dfb08b93ad95-1430110029205-1.7-m-26-ti_noise286.wav,-13.503723,6.94,0.03491773083806038,0.042473096400499344,0.17029420986622074,0.08369839976769658,124.58270965238951,63.11444980902853
802,tired,tiredB2AABCE0-1F62-4B57-B58A-308959ABDFE7-1437188766-1.1-m-26-ti_pitch-2.wav,./Aug/tiredB2AABCE0-1F62-4B57-B58A-308959ABDFE7-1437188766-1.1-m-26-ti_pitch-2.wav,-23.698406,7.0,0.05675318464636803,0.04198234900832176,0.11068624534354304,0.0489554546788336,183.60111457135784,53.159811621356326
803,tired,tiredB2AABCE0-1F62-4B57-B58A-308959ABDFE7-1437188766-1.1-m-26-ti_pitch-1.wav,./Aug/tiredB2AABCE0-1F62-4B57-B58A-308959ABDFE7-1437188766-1.1-m-26-ti_pitch-1.wav,-24.034563,7.0,0.05816614255309105,0.046389661729335785,0.1181947821812914,0.05161138796919097,186.0688550937909,41.59320693294304
804,tired,tiredB2AABCE0-1F62-4B57-B58A-308959ABDFE7-1437188766-1.1-m-26-ti_pitch1.wav,./Aug/tiredB2AABCE0-1F62-4B57-B58A-308959ABDFE7-1437188766-1.1-m-26-ti_pitch1.wav,-25.149355,7.0,0.05509583652019501,0.04197125509381294,0.13243254604718543,0.05487156704524225,208.2065951706311,45.99921532835458
805,tired,tiredB2AABCE0-1F62-4B57-B58A-308959ABDFE7-1437188766-1.1-m-26-ti_pitch2.wav,./Aug/tiredB2AABCE0-1F62-4B57-B58A-308959ABDFE7-1437188766-1.1-m-26-ti_pitch2.wav,-25.829737,7.0,0.05563884973526001,0.03890421241521835,0.13566619670943708,0.058040417516938926,216.32485621247824,51.10553627205664
806,tired,tiredB2AABCE0-1F62-4B57-B58A-308959ABDFE7-1437188766-1.1-m-26-ti_pitch1.5.wav,./Aug/tiredB2AABCE0-1F62-4B57-B58A-308959ABDFE7-1437188766-1.1-m-26-ti_pitch1.5.wav,-25.65206,7.0,0.055077750235795975,0.03789004310965538,0.13328622982201987,0.05889167902949645,208.1001236244023,52.56534009748136
807,tired,tiredB2AABCE0-1F62-4B57-B58A-308959ABDFE7-1437188766-1.1-m-26-ti_pitch-1.5.wav,./Aug/tiredB2AABCE0-1F62-4B57-B58A-308959ABDFE7-1437188766-1.1-m-26-ti_pitch-1.5.wav,-24.14407,7.0,0.057478632777929306,0.04348897561430931,0.11323436206539735,0.05030059876449222,185.01791462397293,46.94716495322849
808,tired,tiredB2AABCE0-1F62-4B57-B58A-308959ABDFE7-1437188766-1.1-m-26-ti_speed0.9.wav,./Aug/tiredB2AABCE0-1F62-4B57-B58A-308959ABDFE7-1437188766-1.1-m-26-ti_speed0.9.wav,-25.066967,7.777777777777778,0.055430784821510315,0.040642861276865005,0.12539208255597015,0.053638507739652126,196.38273736254447,49.70409264224706
809,tired,tiredB2AABCE0-1F62-4B57-B58A-308959ABDFE7-1437188766-1.1-m-26-ti_speed1.1.wav,./Aug/tiredB2AABCE0-1F62-4B57-B58A-308959ABDFE7-1437188766-1.1-m-26-ti_speed1.1.wav,-24.74518,6.363628117913832,0.05631811544299126,0.042077306658029556,0.12106178977272727,0.05414121638698571,195.1947749681651,47.60397778856347
810,tired,tiredB2AABCE0-1F62-4B57-B58A-308959ABDFE7-1437188766-1.1-m-26-ti_speed0.95.wav,./Aug/tiredB2AABCE0-1F62-4B57-B58A-308959ABDFE7-1437188766-1.1-m-26-ti_speed0.95.wav,-25.03814,7.3684353741496595,0.05504345893859863,0.041437797248363495,0.12301309453616352,0.053046860196363635,196.54207325697328,43.88884154098412
811,tired,tiredB2AABCE0-1F62-4B57-B58A-308959ABDFE7-1437188766-1.1-m-26-ti_speed1.05.wav,./Aug/tiredB2AABCE0-1F62-4B57-B58A-308959ABDFE7-1437188766-1.1-m-26-ti_speed1.05.wav,-24.695713,6.666666666666667,0.05733276903629303,0.04707224294543266,0.12497965494791667,0.05375257862298001,195.0268717927688,46.55149815576184
812,tired,tiredB2AABCE0-1F62-4B57-B58A-308959ABDFE7-1437188766-1.1-m-26-ti_noise286.wav,./Aug/tiredB2AABCE0-1F62-4B57-B58A-308959ABDFE7-1437188766-1.1-m-26-ti_noise286.wav,-17.122662,7.0,0.08386725932359695,0.058473166078329086,0.19067706177566227,0.10232927455871015,193.64430883676332,50.412439395879574
813,tired,tiredB2AABCE0-1F62-4B57-B58A-308959ABDFE7-1437188766-1.1-m-26-ti_noise286.wav,./Aug/tiredB2AABCE0-1F62-4B57-B58A-308959ABDFE7-1437188766-1.1-m-26-ti_noise286.wav,-17.122662,7.0,0.08386725932359695,0.058473166078329086,0.19067706177566227,0.10232927455871015,193.64430883676332,50.412439395879574
814,tired,tiredB2AABCE0-1F62-4B57-B58A-308959ABDFE7-1437188766-1.1-m-26-ti_noise286.wav,./Aug/tiredB2AABCE0-1F62-4B57-B58A-308959ABDFE7-1437188766-1.1-m-26-ti_noise286.wav,-17.122662,7.0,0.08386725932359695,0.058473166078329086,0.19067706177566227,0.10232927455871015,193.64430883676332,50.412439395879574
815,tired,tiredB2AABCE0-1F62-4B57-B58A-308959ABDFE7-1437188766-1.1-m-26-ti_noise286.wav,./Aug/tiredB2AABCE0-1F62-4B57-B58A-308959ABDFE7-1437188766-1.1-m-26-ti_noise286.wav,-17.122662,7.0,0.08386725932359695,0.058473166078329086,0.19067706177566227,0.10232927455871015,193.64430883676332,50.412439395879574
816,tired,tiredB2AABCE0-1F62-4B57-B58A-308959ABDFE7-1437188766-1.1-m-26-ti_noise286.wav,./Aug/tiredB2AABCE0-1F62-4B57-B58A-308959ABDFE7-1437188766-1.1-m-26-ti_noise286.wav,-17.122662,7.0,0.08386725932359695,0.058473166078329086,0.19067706177566227,0.10232927455871015,193.64430883676332,50.412439395879574
817,tired,tired7A22229D-06C2-4AAA-9674-DE5DF1906B3A-1436891944-1.1-m-72-ti_pitch-2.wav,./Aug/tired7A22229D-06C2-4AAA-9674-DE5DF1906B3A-1436891944-1.1-m-72-ti_pitch-2.wav,-29.456745,7.0,0.025469843298196793,0.030426006764173508,0.11413978425082781,0.04065001106290329,154.29513602623337,67.36534043965332
818,tired,tired7A22229D-06C2-4AAA-9674-DE5DF1906B3A-1436891944-1.1-m-72-ti_pitch-1.wav,./Aug/tired7A22229D-06C2-4AAA-9674-DE5DF1906B3A-1436891944-1.1-m-72-ti_pitch-1.wav,-29.93903,7.0,0.02574886567890644,0.03087959997355938,0.12121177824917219,0.04081376957997063,157.20938313091386,74.51997879421782
819,tired,tired7A22229D-06C2-4AAA-9674-DE5DF1906B3A-1436891944-1.1-m-72-ti_pitch1.wav,./Aug/tired7A22229D-06C2-4AAA-9674-DE5DF1906B3A-1436891944-1.1-m-72-ti_pitch1.wav,-29.75042,7.0,0.025466149672865868,0.030563563108444214,0.13567266401076158,0.04645062338499094,161.79533836861089,76.02124361707978
820,tired,tired7A22229D-06C2-4AAA-9674-DE5DF1906B3A-1436891944-1.1-m-72-ti_pitch2.wav,./Aug/tired7A22229D-06C2-4AAA-9674-DE5DF1906B3A-1436891944-1.1-m-72-ti_pitch2.wav,-30.012033,7.0,0.02535342052578926,0.029844703152775764,0.14538978425082782,0.050436859362958476,172.69774922552577,74.48235692466707
821,tired,tired7A22229D-06C2-4AAA-9674-DE5DF1906B3A-1436891944-1.1-m-72-ti_pitch1.5.wav,./Aug/tired7A22229D-06C2-4AAA-9674-DE5DF1906B3A-1436891944-1.1-m-72-ti_pitch1.5.wav,-29.764704,7.0,0.025093073025345802,0.02954338677227497,0.1387219965852649,0.04544487705985644,168.07219339597853,73.44629333012465
822,tired,tired7A22229D-06C2-4AAA-9674-DE5DF1906B3A-1436891944-1.1-m-72-ti_pitch-1.5.wav,./Aug/tired7A22229D-06C2-4AAA-9674-DE5DF1906B3A-1436891944-1.1-m-72-ti_pitch-1.5.wav,-29.80996,7.0,0.025407755747437477,0.029755916446447372,0.11612524575745033,0.04178704236185793,158.42156478073758,69.83499002888635
823,tired,tired7A22229D-06C2-4AAA-9674-DE5DF1906B3A-1436891944-1.1-m-72-ti_speed0.9.wav,./Aug/tired7A22229D-06C2-4AAA-9674-DE5DF1906B3A-1436891944-1.1-m-72-ti_speed0.9.wav,-29.794113,7.777777777777778,0.024824121966958046,0.029602553695440292,0.12875029151119402,0.04311084888833194,157.50563279733223,72.22077655512386
824,tired,tired7A22229D-06C2-4AAA-9674-DE5DF1906B3A-1436891944-1.1-m-72-ti_speed1.1.wav,./Aug/tired7A22229D-06C2-4AAA-9674-DE5DF1906B3A-1436891944-1.1-m-72-ti_speed1.1.wav,-29.571571,6.363628117913832,0.02529183216392994,0.030214274302124977,0.1305557528409091,0.04447045241945955,160.74164196788132,70.931243623208
825,tired,tired7A22229D-06C2-4AAA-9674-DE5DF1906B3A-1436891944-1.1-m-72-ti_speed0.95.wav,./Aug/tired7A22229D-06C2-4AAA-9674-DE5DF1906B3A-1436891944-1.1-m-72-ti_speed0.95.wav,-29.476227,7.3684353741496595,0.02529778517782688,0.03030901588499546,0.129594143081761,0.04306366019709913,158.99713875255142,69.89851384860513
826,tired,tired7A22229D-06C2-4AAA-9674-DE5DF1906B3A-1436891944-1.1-m-72-ti_speed1.05.wav,./Aug/tired7A22229D-06C2-4AAA-9674-DE5DF1906B3A-1436891944-1.1-m-72-ti_speed1.05.wav,-29.377995,6.666666666666667,0.025281203910708427,0.029810911044478416,0.1262478298611111,0.040765789709013005,154.75641164217288,71.90372019413043
827,tired,tired7A22229D-06C2-4AAA-9674-DE5DF1906B3A-1436891944-1.1-m-72-ti_noise286.wav,./Aug/tired7A22229D-06C2-4AAA-9674-DE5DF1906B3A-1436891944-1.1-m-72-ti_noise286.wav,-21.030708,7.0,0.03832971304655075,0.04469861835241318,0.27319982667632453,0.12590045298424987,151.41693899580093,82.65396759413268
828,tired,tired7A22229D-06C2-4AAA-9674-DE5DF1906B3A-1436891944-1.1-m-72-ti_noise286.wav,./Aug/tired7A22229D-06C2-4AAA-9674-DE5DF1906B3A-1436891944-1.1-m-72-ti_noise286.wav,-21.030708,7.0,0.03832971304655075,0.04469861835241318,0.27319982667632453,0.12590045298424987,151.41693899580093,82.65396759413268
829,tired,tired7A22229D-06C2-4AAA-9674-DE5DF1906B3A-1436891944-1.1-m-72-ti_noise286.wav,./Aug/tired7A22229D-06C2-4AAA-9674-DE5DF1906B3A-1436891944-1.1-m-72-ti_noise286.wav,-21.030708,7.0,0.03832971304655075,0.04469861835241318,0.27319982667632453,0.12590045298424987,151.41693899580093,82.65396759413268
830,tired,tired7A22229D-06C2-4AAA-9674-DE5DF1906B3A-1436891944-1.1-m-72-ti_noise286.wav,./Aug/tired7A22229D-06C2-4AAA-9674-DE5DF1906B3A-1436891944-1.1-m-72-ti_noise286.wav,-21.030708,7.0,0.03832971304655075,0.04469861835241318,0.27319982667632453,0.12590045298424987,151.41693899580093,82.65396759413268
831,tired,tired7A22229D-06C2-4AAA-9674-DE5DF1906B3A-1436891944-1.1-m-72-ti_noise286.wav,./Aug/tired7A22229D-06C2-4AAA-9674-DE5DF1906B3A-1436891944-1.1-m-72-ti_noise286.wav,-21.030708,7.0,0.03832971304655075,0.04469861835241318,0.27319982667632453,0.12590045298424987,151.41693899580093,82.65396759413268
832,tired,tired1309B82C-F146-46F0-A723-45345AFA6EA8-1431172241-1.0-f-48-ti_pitch-2.wav,./Aug/tired1309B82C-F146-46F0-A723-45345AFA6EA8-1431172241-1.0-f-48-ti_pitch-2.wav,-32.120605,7.0,0.022632354870438576,0.04797841235995293,0.06169805463576159,0.023353567466854547,168.25187224556757,79.4044654221242
833,tired,tired1309B82C-F146-46F0-A723-45345AFA6EA8-1431172241-1.0-f-48-ti_pitch-1.wav,./Aug/tired1309B82C-F146-46F0-A723-45345AFA6EA8-1431172241-1.0-f-48-ti_pitch-1.wav,-32.30736,7.0,0.023636234924197197,0.05023311451077461,0.06407317104718543,0.025840625310103178,176.87808225792529,79.65580899648342
834,tired,tired1309B82C-F146-46F0-A723-45345AFA6EA8-1431172241-1.0-f-48-ti_pitch1.wav,./Aug/tired1309B82C-F146-46F0-A723-45345AFA6EA8-1431172241-1.0-f-48-ti_pitch1.wav,-35.328453,7.0,0.02244456112384796,0.04773037135601044,0.07077167839403974,0.029067532399723515,168.48265426779682,93.16145959579654
835,tired,tired1309B82C-F146-46F0-A723-45345AFA6EA8-1431172241-1.0-f-48-ti_pitch2.wav,./Aug/tired1309B82C-F146-46F0-A723-45345AFA6EA8-1431172241-1.0-f-48-ti_pitch2.wav,-36.520805,7.0,0.02148747444152832,0.04481157287955284,0.07675716576986755,0.02918999759721434,186.76700159376634,89.73861970719634
836,tired,tired1309B82C-F146-46F0-A723-45345AFA6EA8-1431172241-1.0-f-48-ti_pitch1.5.wav,./Aug/tired1309B82C-F146-46F0-A723-45345AFA6EA8-1431172241-1.0-f-48-ti_pitch1.5.wav,-35.95633,7.0,0.021666191518306732,0.04518144950270653,0.0762850527731788,0.027745834085943045,177.2248469144117,93.53967961422975
837,tired,tired1309B82C-F146-46F0-A723-45345AFA6EA8-1431172241-1.0-f-48-ti_pitch-1.5.wav,./Aug/tired1309B82C-F146-46F0-A723-45345AFA6EA8-1431172241-1.0-f-48-ti_pitch-1.5.wav,-32.289696,7.0,0.02213725820183754,0.04683857411146164,0.06509823830711921,0.023301931965689412,145.82545718717768,84.29351767160767
838,tired,tired1309B82C-F146-46F0-A723-45345AFA6EA8-1431172241-1.0-f-48-ti_speed0.9.wav,./Aug/tired1309B82C-F146-46F0-A723-45345AFA6EA8-1431172241-1.0-f-48-ti_speed0.9.wav,-33.202885,7.777777777777778,0.02199680544435978,0.04736679419875145,0.07017111707089552,0.024538177307544717,154.77623289390726,87.79473832087727
839,tired,tired1309B82C-F146-46F0-A723-45345AFA6EA8-1431172241-1.0-f-48-ti_speed1.1.wav,./Aug/tired1309B82C-F146-46F0-A723-45345AFA6EA8-1431172241-1.0-f-48-ti_speed1.1.wav,-33.53317,6.363628117913832,0.02288433164358139,0.04784660041332245,0.06612571022727273,0.026200136688012556,194.45685246020437,74.89969124304848
840,tired,tired1309B82C-F146-46F0-A723-45345AFA6EA8-1431172241-1.0-f-48-ti_speed0.95.wav,./Aug/tired1309B82C-F146-46F0-A723-45345AFA6EA8-1431172241-1.0-f-48-ti_speed0.95.wav,-34.014057,7.3684353741496595,0.02120361477136612,0.04399337247014046,0.07248212706367925,0.027920013417072224,151.3511658053796,88.85687718146946
841,tired,tired1309B82C-F146-46F0-A723-45345AFA6EA8-1431172241-1.0-f-48-ti_speed1.05.wav,./Aug/tired1309B82C-F146-46F0-A723-45345AFA6EA8-1431172241-1.0-f-48-ti_speed1.05.wav,-33.42664,6.666666666666667,0.02361748367547989,0.04952656477689743,0.06807623969184028,0.025557502094165345,163.69918566604244,88.82962840888085
842,tired,tired1309B82C-F146-46F0-A723-45345AFA6EA8-1431172241-1.0-f-48-ti_noise286.wav,./Aug/tired1309B82C-F146-46F0-A723-45345AFA6EA8-1431172241-1.0-f-48-ti_noise286.wav,-21.065868,7.0,0.03489232063293457,0.06665868312120438,0.3976808257450331,0.13147556585937095,111.39840021119252,80.54769797184443
843,tired,tired1309B82C-F146-46F0-A723-45345AFA6EA8-1431172241-1.0-f-48-ti_noise286.wav,./Aug/tired1309B82C-F146-46F0-A723-45345AFA6EA8-1431172241-1.0-f-48-ti_noise286.wav,-21.065868,7.0,0.03489232063293457,0.06665868312120438,0.3976808257450331,0.13147556585937095,111.39840021119252,80.54769797184443
844,tired,tired1309B82C-F146-46F0-A723-45345AFA6EA8-1431172241-1.0-f-48-ti_noise286.wav,./Aug/tired1309B82C-F146-46F0-A723-45345AFA6EA8-1431172241-1.0-f-48-ti_noise286.wav,-21.065868,7.0,0.03489232063293457,0.06665868312120438,0.3976808257450331,0.13147556585937095,111.39840021119252,80.54769797184443
845,tired,tired1309B82C-F146-46F0-A723-45345AFA6EA8-1431172241-1.0-f-48-ti_noise286.wav,./Aug/tired1309B82C-F146-46F0-A723-45345AFA6EA8-1431172241-1.0-f-48-ti_noise286.wav,-21.065868,7.0,0.03489232063293457,0.06665868312120438,0.3976808257450331,0.13147556585937095,111.39840021119252,80.54769797184443
846,tired,tired1309B82C-F146-46F0-A723-45345AFA6EA8-1431172241-1.0-f-48-ti_noise286.wav,./Aug/tired1309B82C-F146-46F0-A723-45345AFA6EA8-1431172241-1.0-f-48-ti_noise286.wav,-21.065868,7.0,0.03489232063293457,0.06665868312120438,0.3976808257450331,0.13147556585937095,111.39840021119252,80.54769797184443
847,tired,tiredB2AABCE0-1F62-4B57-B58A-308959ABDFE7-1437188751-1.1-m-26-ti_pitch-2.wav,./Aug/tiredB2AABCE0-1F62-4B57-B58A-308959ABDFE7-1437188751-1.1-m-26-ti_pitch-2.wav,-24.567757,7.0,0.04406376928091049,0.040102988481521606,0.09374514952400662,0.05092205261599199,174.4191266382537,56.18128984254763
848,tired,tiredB2AABCE0-1F62-4B57-B58A-308959ABDFE7-1437188751-1.1-m-26-ti_pitch-1.wav,./Aug/tiredB2AABCE0-1F62-4B57-B58A-308959ABDFE7-1437188751-1.1-m-26-ti_pitch-1.wav,-25.128212,7.0,0.046176403760910034,0.0481601357460022,0.10257786630794702,0.05390605794830653,180.05608049536124,52.80954379986346
849,tired,tiredB2AABCE0-1F62-4B57-B58A-308959ABDFE7-1437188751-1.1-m-26-ti_pitch1.wav,./Aug/tiredB2AABCE0-1F62-4B57-B58A-308959ABDFE7-1437188751-1.1-m-26-ti_pitch1.wav,-26.340605,7.0,0.047044537961483,0.05136406049132347,0.10916642953228477,0.05748163878392418,192.07171891673005,56.57850397024206
850,tired,tiredB2AABCE0-1F62-4B57-B58A-308959ABDFE7-1437188751-1.1-m-26-ti_pitch2.wav,./Aug/tiredB2AABCE0-1F62-4B57-B58A-308959ABDFE7-1437188751-1.1-m-26-ti_pitch2.wav,-27.457706,7.0,0.04509676247835159,0.040121451020240784,0.1172812758692053,0.06225727557695089,202.56056213663217,61.157494397678725
851,tired,tiredB2AABCE0-1F62-4B57-B58A-308959ABDFE7-1437188751-1.1-m-26-ti_pitch1.5.wav,./Aug/tiredB2AABCE0-1F62-4B57-B58A-308959ABDFE7-1437188751-1.1-m-26-ti_pitch1.5.wav,-26.7445,7.0,0.04473556950688362,0.044120777398347855,0.11540252483443708,0.06159506342047341,194.11777691426892,59.66973501595215
852,tired,tiredB2AABCE0-1F62-4B57-B58A-308959ABDFE7-1437188751-1.1-m-26-ti_speed0.9.wav,./Aug/tiredB2AABCE0-1F62-4B57-B58A-308959ABDFE7-1437188751-1.1-m-26-ti_speed0.9.wav,-25.896006,7.777777777777778,0.04376527667045593,0.03819629177451134,0.10430707789179104,0.05800579086489262,188.27801165928045,53.478662159567214
853,tired,tiredB2AABCE0-1F62-4B57-B58A-308959ABDFE7-1437188751-1.1-m-26-ti_speed1.1.wav,./Aug/tiredB2AABCE0-1F62-4B57-B58A-308959ABDFE7-1437188751-1.1-m-26-ti_speed1.1.wav,-25.304806,6.363628117913832,0.045861270278692245,0.05036993697285652,0.11194069602272727,0.05496677326493319,185.38222131811824,55.264189680131224
854,tired,tiredB2AABCE0-1F62-4B57-B58A-308959ABDFE7-1437188751-1.1-m-26-ti_speed0.95.wav,./Aug/tiredB2AABCE0-1F62-4B57-B58A-308959ABDFE7-1437188751-1.1-m-26-ti_speed0.95.wav,-25.653805,7.3684353741496595,0.050797853618860245,0.054568223655223846,0.10260048152515723,0.05999202562663663,185.73131424232614,53.88416667228249
855,tired,tiredB2AABCE0-1F62-4B57-B58A-308959ABDFE7-1437188751-1.1-m-26-ti_speed1.05.wav,./Aug/tiredB2AABCE0-1F62-4B57-B58A-308959ABDFE7-1437188751-1.1-m-26-ti_speed1.05.wav,-25.774748,6.666666666666667,0.04566885903477669,0.04093068093061447,0.10614691840277778,0.060148896242947586,187.56917850294784,55.74484298980032
856,tired,tiredB2AABCE0-1F62-4B57-B58A-308959ABDFE7-1437188751-1.1-m-26-ti_noise286.wav,./Aug/tiredB2AABCE0-1F62-4B57-B58A-308959ABDFE7-1437188751-1.1-m-26-ti_noise286.wav,-17.274279,7.0,0.07005853205919266,0.06649328023195267,0.19986709695778146,0.12238561484202466,182.41607239025677,58.758345778351284
857,tired,tiredB2AABCE0-1F62-4B57-B58A-308959ABDFE7-1437188751-1.1-m-26-ti_noise286.wav,./Aug/tiredB2AABCE0-1F62-4B57-B58A-308959ABDFE7-1437188751-1.1-m-26-ti_noise286.wav,-17.274279,7.0,0.07005853205919266,0.06649328023195267,0.19986709695778146,0.12238561484202466,182.41607239025677,58.758345778351284
858,tired,tiredB2AABCE0-1F62-4B57-B58A-308959ABDFE7-1437188751-1.1-m-26-ti_noise286.wav,./Aug/tiredB2AABCE0-1F62-4B57-B58A-308959ABDFE7-1437188751-1.1-m-26-ti_noise286.wav,-17.274279,7.0,0.07005853205919266,0.06649328023195267,0.19986709695778146,0.12238561484202466,182.41607239025677,58.758345778351284
859,tired,tiredB2AABCE0-1F62-4B57-B58A-308959ABDFE7-1437188751-1.1-m-26-ti_noise286.wav,./Aug/tiredB2AABCE0-1F62-4B57-B58A-308959ABDFE7-1437188751-1.1-m-26-ti_noise286.wav,-17.274279,7.0,0.07005853205919266,0.06649328023195267,0.19986709695778146,0.12238561484202466,182.41607239025677,58.758345778351284
860,tired,tiredB2AABCE0-1F62-4B57-B58A-308959ABDFE7-1437188751-1.1-m-26-ti_noise286.wav,./Aug/tiredB2AABCE0-1F62-4B57-B58A-308959ABDFE7-1437188751-1.1-m-26-ti_noise286.wav,-17.274279,7.0,0.07005853205919266,0.06649328023195267,0.19986709695778146,0.12238561484202466,182.41607239025677,58.758345778351284
861,tired,tired03ADDCFB-354E-416D-BF32-260CF47F7060-1433658024-1.1-f-04-ti_speed0.9.wav,./Aug/tired03ADDCFB-354E-416D-BF32-260CF47F7060-1433658024-1.1-f-04-ti_speed0.9.wav,-26.711443,7.777777777777778,0.0647873505949974,0.04350251331925392,0.12620102611940298,0.04010615345802903,193.49889294130045,72.08615156392997
862,tired,tired03ADDCFB-354E-416D-BF32-260CF47F7060-1433658024-1.1-f-04-ti_speed1.1.wav,./Aug/tired03ADDCFB-354E-416D-BF32-260CF47F7060-1433658024-1.1-f-04-ti_speed1.1.wav,-26.499058,6.363628117913832,0.06640339642763138,0.044104013592004776,0.12308416193181818,0.037623432311837804,196.93073529451308,68.41784921290257
863,tired,tired03ADDCFB-354E-416D-BF32-260CF47F7060-1433658024-1.1-f-04-ti_speed0.95.wav,./Aug/tired03ADDCFB-354E-416D-BF32-260CF47F7060-1433658024-1.1-f-04-ti_speed0.95.wav,-26.537323,7.3684353741496595,0.06620368361473083,0.044164132326841354,0.1261899936124214,0.03989020269169345,198.44075008955915,69.24023622649445
864,tired,tired03ADDCFB-354E-416D-BF32-260CF47F7060-1433658024-1.1-f-04-ti_speed1.05.wav,./Aug/tired03ADDCFB-354E-416D-BF32-260CF47F7060-1433658024-1.1-f-04-ti_speed1.05.wav,-26.670961,6.666666666666667,0.065589040517807,0.04295232146978378,0.12607320149739584,0.03884419495167128,195.5484515725342,74.25475769765445
865,tired,tired03ADDCFB-354E-416D-BF32-260CF47F7060-1433658024-1.1-f-04-ti_noise286.wav,./Aug/tired03ADDCFB-354E-416D-BF32-260CF47F7060-1433658024-1.1-f-04-ti_noise286.wav,-17.109554,7.0,0.09583491832017899,0.06135429069399834,0.20035699503311258,0.12419141910972223,191.89612902956532,73.1932992011017
866,tired,tired03ADDCFB-354E-416D-BF32-260CF47F7060-1433658024-1.1-f-04-ti_noise286.wav,./Aug/tired03ADDCFB-354E-416D-BF32-260CF47F7060-1433658024-1.1-f-04-ti_noise286.wav,-17.109554,7.0,0.09583491832017899,0.06135429069399834,0.20035699503311258,0.12419141910972223,191.89612902956532,73.1932992011017
867,tired,tired03ADDCFB-354E-416D-BF32-260CF47F7060-1433658024-1.1-f-04-ti_noise286.wav,./Aug/tired03ADDCFB-354E-416D-BF32-260CF47F7060-1433658024-1.1-f-04-ti_noise286.wav,-17.109554,7.0,0.09583491832017899,0.06135429069399834,0.20035699503311258,0.12419141910972223,191.89612902956532,73.1932992011017
868,tired,tired03ADDCFB-354E-416D-BF32-260CF47F7060-1433658024-1.1-f-04-ti_noise286.wav,./Aug/tired03ADDCFB-354E-416D-BF32-260CF47F7060-1433658024-1.1-f-04-ti_noise286.wav,-17.109554,7.0,0.09583491832017899,0.06135429069399834,0.20035699503311258,0.12419141910972223,191.89612902956532,73.1932992011017
869,tired,tired03ADDCFB-354E-416D-BF32-260CF47F7060-1433658024-1.1-f-04-ti_noise286.wav,./Aug/tired03ADDCFB-354E-416D-BF32-260CF47F7060-1433658024-1.1-f-04-ti_noise286.wav,-17.109554,7.0,0.09583491832017899,0.06135429069399834,0.20035699503311258,0.12419141910972223,191.89612902956532,73.1932992011017
870,tired,tiredeea17285-4ab9-4d34-a2f5-55fc8c866ac6-1431887695278-1.7-f-26-ti_speed0.9.wav,./Aug/tiredeea17285-4ab9-4d34-a2f5-55fc8c866ac6-1431887695278-1.7-f-26-ti_speed0.9.wav,-37.82248,7.688888888888889,0.000984754180535674,0.00085489172488451,0.06080131071159638,0.043377447030939646,102.44502329982902,36.19081826644698
871,tired,tiredeea17285-4ab9-4d34-a2f5-55fc8c866ac6-1431887695278-1.7-f-26-ti_speed1.1.wav,./Aug/tiredeea17285-4ab9-4d34-a2f5-55fc8c866ac6-1431887695278-1.7-f-26-ti_speed1.1.wav,-37.90346,6.29092970521542,0.0008874869672581553,0.0006899379077367485,0.06177748789206642,0.03792467949410439,106.84196224306585,39.02720458213381
872,tired,tiredeea17285-4ab9-4d34-a2f5-55fc8c866ac6-1431887695278-1.7-f-26-ti_speed0.95.wav,./Aug/tiredeea17285-4ab9-4d34-a2f5-55fc8c866ac6-1431887695278-1.7-f-26-ti_speed0.95.wav,-37.72219,7.28421768707483,0.0009381708223372698,0.000751372950617224,0.06041158688296178,0.0397290062212156,102.51972586409887,34.316626045851926
873,tired,tiredeea17285-4ab9-4d34-a2f5-55fc8c866ac6-1431887695278-1.7-f-26-ti_speed1.05.wav,./Aug/tiredeea17285-4ab9-4d34-a2f5-55fc8c866ac6-1431887695278-1.7-f-26-ti_speed1.05.wav,-37.441635,6.59047619047619,0.0010055146412923932,0.0007734787650406361,0.056300203565140844,0.03657930188704984,108.36119096765238,42.21290231640695
874,tired,tiredeea17285-4ab9-4d34-a2f5-55fc8c866ac6-1431887695278-1.7-f-26-ti_noise286.wav,./Aug/tiredeea17285-4ab9-4d34-a2f5-55fc8c866ac6-1431887695278-1.7-f-26-ti_noise286.wav,-32.6275,6.92,0.0014192680828273296,0.0010925618698820472,0.10254559469063546,0.09513538982383064,103.12571101087246,30.629080219338203
875,tired,tiredeea17285-4ab9-4d34-a2f5-55fc8c866ac6-1431887695278-1.7-f-26-ti_noise286.wav,./Aug/tiredeea17285-4ab9-4d34-a2f5-55fc8c866ac6-1431887695278-1.7-f-26-ti_noise286.wav,-32.6275,6.92,0.0014192680828273296,0.0010925618698820472,0.10254559469063546,0.09513538982383064,103.12571101087246,30.629080219338203
876,tired,tiredeea17285-4ab9-4d34-a2f5-55fc8c866ac6-1431887695278-1.7-f-26-ti_noise286.wav,./Aug/tiredeea17285-4ab9-4d34-a2f5-55fc8c866ac6-1431887695278-1.7-f-26-ti_noise286.wav,-32.6275,6.92,0.0014192680828273296,0.0010925618698820472,0.10254559469063546,0.09513538982383064,103.12571101087246,30.629080219338203
877,tired,tiredeea17285-4ab9-4d34-a2f5-55fc8c866ac6-1431887695278-1.7-f-26-ti_noise286.wav,./Aug/tiredeea17285-4ab9-4d34-a2f5-55fc8c866ac6-1431887695278-1.7-f-26-ti_noise286.wav,-32.6275,6.92,0.0014192680828273296,0.0010925618698820472,0.10254559469063546,0.09513538982383064,103.12571101087246,30.629080219338203
878,tired,tiredeea17285-4ab9-4d34-a2f5-55fc8c866ac6-1431887695278-1.7-f-26-ti_noise286.wav,./Aug/tiredeea17285-4ab9-4d34-a2f5-55fc8c866ac6-1431887695278-1.7-f-26-ti_noise286.wav,-32.6275,6.92,0.0014192680828273296,0.0010925618698820472,0.10254559469063546,0.09513538982383064,103.12571101087246,30.629080219338203
879,tired,tiredd6cda191-4962-4308-9a36-46d5648a95ed-1431587887997-1.7-m-04-ti_speed0.9.wav,./Aug/tiredd6cda191-4962-4308-9a36-46d5648a95ed-1431587887997-1.7-m-04-ti_speed0.9.wav,-36.021034,7.5777777777777775,0.06098073720932007,0.09313484281301498,0.14799700162461774,0.03421564299730245,176.5741786369734,76.64932223910772
880,tired,tiredd6cda191-4962-4308-9a36-46d5648a95ed-1431587887997-1.7-m-04-ti_speed1.1.wav,./Aug/tiredd6cda191-4962-4308-9a36-46d5648a95ed-1431587887997-1.7-m-04-ti_speed1.1.wav,-35.81906,6.2,0.05964084714651108,0.08894119411706924,0.14800934293376866,0.03523156415105687,173.2825993053434,78.59483616285078
881,tired,tiredd6cda191-4962-4308-9a36-46d5648a95ed-1431587887997-1.7-m-04-ti_speed0.95.wav,./Aug/tiredd6cda191-4962-4308-9a36-46d5648a95ed-1431587887997-1.7-m-04-ti_speed0.95.wav,-35.28873,7.178956916099773,0.059241484850645065,0.09134821593761444,0.14765467489919354,0.03500100258272622,169.39315315812678,79.03120245363374
882,tired,tiredd6cda191-4962-4308-9a36-46d5648a95ed-1431587887997-1.7-m-04-ti_speed1.05.wav,./Aug/tiredd6cda191-4962-4308-9a36-46d5648a95ed-1431587887997-1.7-m-04-ti_speed1.05.wav,-34.86248,6.495238095238095,0.06134819984436035,0.09989096224308014,0.14727260044642856,0.033972541024719645,170.37348318726177,78.52310497290043
883,tired,tiredd6cda191-4962-4308-9a36-46d5648a95ed-1431587887997-1.7-m-04-ti_noise286.wav,./Aug/tiredd6cda191-4962-4308-9a36-46d5648a95ed-1431587887997-1.7-m-04-ti_noise286.wav,-17.548525,6.82,0.09253615140914917,0.12682193517684937,0.34226024394132654,0.16915864182139245,141.31458390467702,88.07727553767958
884,tired,tiredd6cda191-4962-4308-9a36-46d5648a95ed-1431587887997-1.7-m-04-ti_noise286.wav,./Aug/tiredd6cda191-4962-4308-9a36-46d5648a95ed-1431587887997-1.7-m-04-ti_noise286.wav,-17.548525,6.82,0.09253615140914917,0.12682193517684937,0.34226024394132654,0.16915864182139245,141.31458390467702,88.07727553767958
885,tired,tiredd6cda191-4962-4308-9a36-46d5648a95ed-1431587887997-1.7-m-04-ti_noise286.wav,./Aug/tiredd6cda191-4962-4308-9a36-46d5648a95ed-1431587887997-1.7-m-04-ti_noise286.wav,-17.548525,6.82,0.09253615140914917,0.12682193517684937,0.34226024394132654,0.16915864182139245,141.31458390467702,88.07727553767958
886,tired,tiredd6cda191-4962-4308-9a36-46d5648a95ed-1431587887997-1.7-m-04-ti_noise286.wav,./Aug/tiredd6cda191-4962-4308-9a36-46d5648a95ed-1431587887997-1.7-m-04-ti_noise286.wav,-17.548525,6.82,0.09253615140914917,0.12682193517684937,0.34226024394132654,0.16915864182139245,141.31458390467702,88.07727553767958
887,tired,tiredd6cda191-4962-4308-9a36-46d5648a95ed-1431587887997-1.7-m-04-ti_noise286.wav,./Aug/tiredd6cda191-4962-4308-9a36-46d5648a95ed-1431587887997-1.7-m-04-ti_noise286.wav,-17.548525,6.82,0.09253615140914917,0.12682193517684937,0.34226024394132654,0.16915864182139245,141.31458390467702,88.07727553767958
